2026-05-28 13:32:58,271 - INFO - === amazon_is_meta start ===
2026-05-28 13:32:58,271 - INFO - input_file: H:/streamfab/outputTemp/amazonIsMetaPageTempIn.tmp
2026-05-28 13:32:58,271 - INFO - output_file: H:/streamfab/outputTemp/amazonIsMetaPageTempOut.tmp
2026-05-28 13:32:59,466 - INFO - read webpage, length: 1773412
2026-05-28 13:33:00,063 - INFO - parsed webpage with html5lib
2026-05-28 13:33:00,073 - INFO - main_element found: False
2026-05-28 13:33:00,074 - WARNING - main_element not found (id='main', data-testid='detailpage-main')
2026-05-28 13:33:00,101 - INFO - No block with pageTitleId+catalogId found
2026-05-28 13:33:00,101 - INFO - result: is_meta=False, media_type=movie, pageTitleId=None
2026-05-28 13:33:00,103 - INFO - wrote result to H:/streamfab/outputTemp/amazonIsMetaPageTempOut.tmp
2026-05-28 13:33:00,104 - INFO - === amazon_is_meta complete ===
2026-05-28 13:33:06,167 - INFO - === amazon_is_meta start ===
2026-05-28 13:33:06,168 - INFO - input_file: H:/streamfab/outputTemp/amazonIsMetaPageTempIn.tmp
2026-05-28 13:33:06,168 - INFO - output_file: H:/streamfab/outputTemp/amazonIsMetaPageTempOut.tmp
2026-05-28 13:33:06,457 - INFO - read webpage, length: 129635
2026-05-28 13:33:06,501 - INFO - parsed webpage with html5lib
2026-05-28 13:33:06,502 - INFO - main_element found: False
2026-05-28 13:33:06,502 - WARNING - main_element not found (id='main', data-testid='detailpage-main')
2026-05-28 13:33:06,504 - INFO - No block with pageTitleId+catalogId found
2026-05-28 13:33:06,504 - INFO - result: is_meta=False, media_type=movie, pageTitleId=None
2026-05-28 13:33:06,504 - INFO - wrote result to H:/streamfab/outputTemp/amazonIsMetaPageTempOut.tmp
2026-05-28 13:33:06,504 - INFO - === amazon_is_meta complete ===
2026-05-28 13:33:31,674 - INFO - === amazon_is_meta start ===
2026-05-28 13:33:31,675 - INFO - input_file: H:/streamfab/outputTemp/amazonIsMetaPageTempIn.tmp
2026-05-28 13:33:31,675 - INFO - output_file: H:/streamfab/outputTemp/amazonIsMetaPageTempOut.tmp
2026-05-28 13:33:31,694 - INFO - read webpage, length: 1356
2026-05-28 13:33:31,698 - INFO - parsed webpage with html5lib
2026-05-28 13:33:31,698 - INFO - main_element found: False
2026-05-28 13:33:31,698 - WARNING - main_element not found (id='main', data-testid='detailpage-main')
2026-05-28 13:33:31,699 - INFO - No block with pageTitleId+catalogId found
2026-05-28 13:33:31,699 - INFO - result: is_meta=False, media_type=movie, pageTitleId=None
2026-05-28 13:33:31,699 - INFO - wrote result to H:/streamfab/outputTemp/amazonIsMetaPageTempOut.tmp
2026-05-28 13:33:31,699 - INFO - === amazon_is_meta complete ===
2026-05-28 13:33:52,258 - INFO - === amazon_is_meta start ===
2026-05-28 13:33:52,259 - INFO - input_file: H:/streamfab/outputTemp/amazonIsMetaPageTempIn.tmp
2026-05-28 13:33:52,259 - INFO - output_file: H:/streamfab/outputTemp/amazonIsMetaPageTempOut.tmp
2026-05-28 13:33:53,117 - INFO - read webpage, length: 1607906
2026-05-28 13:33:53,574 - INFO - parsed webpage with html5lib
2026-05-28 13:33:53,579 - INFO - main_element found: False
2026-05-28 13:33:53,579 - WARNING - main_element not found (id='main', data-testid='detailpage-main')
2026-05-28 13:33:53,595 - INFO - No block with pageTitleId+catalogId found
2026-05-28 13:33:53,595 - INFO - result: is_meta=False, media_type=movie, pageTitleId=None
2026-05-28 13:33:53,595 - INFO - wrote result to H:/streamfab/outputTemp/amazonIsMetaPageTempOut.tmp
2026-05-28 13:33:53,596 - INFO - === amazon_is_meta complete ===
2026-05-28 13:34:37,746 - INFO - === amazon_is_meta start ===
2026-05-28 13:34:37,746 - INFO - input_file: H:/streamfab/outputTemp/amazonIsMetaPageTempIn.tmp
2026-05-28 13:34:37,747 - INFO - output_file: H:/streamfab/outputTemp/amazonIsMetaPageTempOut.tmp
2026-05-28 13:34:38,629 - INFO - read webpage, length: 1792648
2026-05-28 13:34:39,120 - INFO - parsed webpage with html5lib
2026-05-28 13:34:39,126 - INFO - main_element found: False
2026-05-28 13:34:39,126 - WARNING - main_element not found (id='main', data-testid='detailpage-main')
2026-05-28 13:34:39,143 - INFO - No block with pageTitleId+catalogId found
2026-05-28 13:34:39,143 - INFO - result: is_meta=False, media_type=movie, pageTitleId=None
2026-05-28 13:34:39,144 - INFO - wrote result to H:/streamfab/outputTemp/amazonIsMetaPageTempOut.tmp
2026-05-28 13:34:39,144 - INFO - === amazon_is_meta complete ===
2026-05-28 13:34:53,681 - INFO - === amazon_is_meta start ===
2026-05-28 13:34:53,681 - INFO - input_file: H:/streamfab/outputTemp/amazonIsMetaPageTempIn.tmp
2026-05-28 13:34:53,682 - INFO - output_file: H:/streamfab/outputTemp/amazonIsMetaPageTempOut.tmp
2026-05-28 13:34:54,398 - INFO - read webpage, length: 402120
2026-05-28 13:34:54,606 - INFO - parsed webpage with html5lib
2026-05-28 13:34:54,609 - INFO - main_element found: False
2026-05-28 13:34:54,610 - WARNING - main_element not found (id='main', data-testid='detailpage-main')
2026-05-28 13:34:54,618 - INFO - No block with pageTitleId+catalogId found
2026-05-28 13:34:54,618 - INFO - result: is_meta=False, media_type=movie, pageTitleId=None
2026-05-28 13:34:54,619 - INFO - wrote result to H:/streamfab/outputTemp/amazonIsMetaPageTempOut.tmp
2026-05-28 13:34:54,619 - INFO - === amazon_is_meta complete ===
2026-05-28 13:34:58,557 - INFO - === amazon_is_meta start ===
2026-05-28 13:34:58,558 - INFO - input_file: H:/streamfab/outputTemp/amazonIsMetaPageTempIn.tmp
2026-05-28 13:34:58,558 - INFO - output_file: H:/streamfab/outputTemp/amazonIsMetaPageTempOut.tmp
2026-05-28 13:34:59,259 - INFO - read webpage, length: 400856
2026-05-28 13:34:59,470 - INFO - parsed webpage with html5lib
2026-05-28 13:34:59,473 - INFO - main_element found: False
2026-05-28 13:34:59,474 - WARNING - main_element not found (id='main', data-testid='detailpage-main')
2026-05-28 13:34:59,483 - INFO - No block with pageTitleId+catalogId found
2026-05-28 13:34:59,483 - INFO - result: is_meta=False, media_type=movie, pageTitleId=None
2026-05-28 13:34:59,483 - INFO - wrote result to H:/streamfab/outputTemp/amazonIsMetaPageTempOut.tmp
2026-05-28 13:34:59,483 - INFO - === amazon_is_meta complete ===
2026-05-28 13:35:04,891 - INFO - === amazon_is_meta start ===
2026-05-28 13:35:04,892 - INFO - input_file: H:/streamfab/outputTemp/amazonIsMetaPageTempIn.tmp
2026-05-28 13:35:04,892 - INFO - output_file: H:/streamfab/outputTemp/amazonIsMetaPageTempOut.tmp
2026-05-28 13:35:05,703 - INFO - read webpage, length: 1790214
2026-05-28 13:35:06,197 - INFO - parsed webpage with html5lib
2026-05-28 13:35:06,203 - INFO - main_element found: False
2026-05-28 13:35:06,203 - WARNING - main_element not found (id='main', data-testid='detailpage-main')
2026-05-28 13:35:06,219 - INFO - No block with pageTitleId+catalogId found
2026-05-28 13:35:06,219 - INFO - result: is_meta=False, media_type=movie, pageTitleId=None
2026-05-28 13:35:06,220 - INFO - wrote result to H:/streamfab/outputTemp/amazonIsMetaPageTempOut.tmp
2026-05-28 13:35:06,220 - INFO - === amazon_is_meta complete ===
2026-05-28 13:35:59,290 - INFO - === amazon_is_meta start ===
2026-05-28 13:35:59,291 - INFO - input_file: H:/streamfab/outputTemp/amazonIsMetaPageTempIn.tmp
2026-05-28 13:35:59,291 - INFO - output_file: H:/streamfab/outputTemp/amazonIsMetaPageTempOut.tmp
2026-05-28 13:36:00,064 - INFO - read webpage, length: 924304
2026-05-28 13:36:00,533 - INFO - parsed webpage with html5lib
2026-05-28 13:36:00,535 - INFO - main_element found: True
2026-05-28 13:36:00,559 - INFO - e_synopsis (.dv-dp-node-synopsis): 1
2026-05-28 13:36:00,559 - INFO - is_meta=True (synopsis: 1)
2026-05-28 13:36:00,576 - INFO - e_live (live-state-badge): 0
2026-05-28 13:36:00,593 - INFO - e_episodes ({'data-testid': 'episode-list-item'}): 13
2026-05-28 13:36:00,608 - INFO - Found hydration-data block, pageTitleId=B0GC81FRY9
2026-05-28 13:36:00,608 - INFO - result: is_meta=True, media_type=show, pageTitleId=B0GC81FRY9
2026-05-28 13:36:00,622 - INFO - wrote result to H:/streamfab/outputTemp/amazonIsMetaPageTempOut.tmp
2026-05-28 13:36:00,622 - INFO - === amazon_is_meta complete ===
2026-05-28 13:36:02,859 - INFO - amazon_get_season_urls complete...
2026-05-28 13:36:04,944 - INFO - get_real_url complete...
2026-05-28 13:36:08,132 - INFO - get_real_url complete...
2026-05-28 13:36:11,052 - INFO - get_real_url complete...
2026-05-28 13:36:14,186 - INFO - get_real_url complete...
2026-05-28 13:36:15,789 - INFO - Parsed hydration-data script data
2026-05-28 13:36:15,791 - INFO - get_meta_info complete...
2026-05-28 13:36:17,530 - INFO - [get_seasons_info] ========== Starting to parse season info ==========
2026-05-28 13:36:17,530 - INFO - [get_seasons_info] Input webpages count: 3
2026-05-28 13:36:17,530 - INFO - 
2026-05-28 13:36:17,530 - INFO - [get_seasons_info] >>>>>> Processing webpage 1 <<<<<<
2026-05-28 13:36:17,531 - INFO - [get_seasons_info] Webpage length: 938574 characters
2026-05-28 13:36:17,531 - INFO - [get_seasons_info] Extracted ID from pageTitleId: B0GC81FRY9
2026-05-28 13:36:17,535 - INFO - Parsing hydration-data script data for seasons (normalized)
2026-05-28 13:36:17,535 - INFO - [get_seasons_info] JSON parsed successfully, top-level keys: ['props']
2026-05-28 13:36:17,535 - INFO - [get_seasons_info] Using Script JSON parsing method...
2026-05-28 13:36:17,535 - INFO - ============================================================
2026-05-28 13:36:17,535 - INFO - [get_season_detail_script] Starting to parse season details...
2026-05-28 13:36:17,535 - INFO - [get_season_detail_script] Found 'props' node
2026-05-28 13:36:17,535 - INFO - [get_season_detail_script] Found 'body' node, contains 1 items
2026-05-28 13:36:17,535 - INFO - [get_season_detail_script] body[0] found 'atf' node
2026-05-28 13:36:17,535 - INFO - [get_season_detail_script] Found 'headerDetail', contains 1 keys
2026-05-28 13:36:17,535 - INFO - [get_season_detail_script] parentTitle = Defiance
2026-05-28 13:36:17,535 - INFO - [get_season_detail_script] title = Defiance
2026-05-28 13:36:17,536 - INFO - [get_season_detail_script] releaseYear = 2013
2026-05-28 13:36:17,536 - INFO - [get_season_detail_script] seasonNumber = 1
2026-05-28 13:36:17,536 - INFO - [get_season_detail_script] body[0] found 'btf' node
2026-05-28 13:36:17,536 - INFO - [get_season_detail_script] total_episodes = 13
2026-05-28 13:36:17,536 - INFO - [get_season_detail_script] Parse complete, result: {"parentTitle": "Defiance", "title": "Defiance", "releaseYear": 2013, "seasonNumber": 1, "total_episodes": 13}
2026-05-28 13:36:17,536 - INFO - ============================================================
2026-05-28 13:36:17,536 - INFO - [get_seasons_info] Parsed season details:
2026-05-28 13:36:17,536 - INFO -   - parentTitle: Defiance
2026-05-28 13:36:17,536 - INFO -   - season_name: Defiance
2026-05-28 13:36:17,536 - INFO -   - release_time: 2013
2026-05-28 13:36:17,536 - INFO -   - season_number: 1
2026-05-28 13:36:17,536 - INFO -   - total_episodes: 13
2026-05-28 13:36:17,536 - INFO - ============================================================
2026-05-28 13:36:17,536 - INFO - [get_all_episodes_script] Starting to parse all episodes...
2026-05-28 13:36:17,537 - INFO - [get_all_episodes_script] body[0] found 'btf' node
2026-05-28 13:36:17,537 - INFO - [get_all_episodes_script] Found 14 episode details
2026-05-28 13:36:17,537 - INFO - [get_all_episodes_script] Episode 1: Defiance Pilot - Teil 1 (ID: B0FWHN4NDK)
2026-05-28 13:36:17,537 - INFO - [get_all_episodes_script] Episode 2: Defiance Pilot - Teil 2 (ID: B0FY77F2MP)
2026-05-28 13:36:17,537 - INFO - [get_all_episodes_script] Episode 3: Wohin die toten Männer gehen (ID: B09S5DT83Y)
2026-05-28 13:36:17,537 - INFO - [get_all_episodes_script] Episode 4: Gnadenlose Rache (ID: B09KFFDNPD)
2026-05-28 13:36:17,537 - INFO - [get_all_episodes_script] Episode 5: Ein angesehener Mann (ID: B09S8HXSFK)
2026-05-28 13:36:17,537 - INFO - [get_all_episodes_script] Episode 6: Das Kuckucksei (ID: B09Q2NSKR2)
2026-05-28 13:36:17,537 - INFO - [get_all_episodes_script] Episode 7: Waffenbrüder (ID: B0B2VCT9F7)
2026-05-28 13:36:17,537 - INFO - [get_all_episodes_script] Episode 8: Der Stahlhagel (ID: B09XT7R7G9)
2026-05-28 13:36:17,537 - INFO - [get_all_episodes_script] Episode 9: Der Zeitreisende (ID: B09XJQQV17)
2026-05-28 13:36:17,537 - INFO - [get_all_episodes_script] Episode 10: Seuchenalarm (ID: B09TJ6KLKG)
2026-05-28 13:36:17,537 - INFO - [get_all_episodes_script] Episode 11: Mord am Hochzeitstag (ID: B0C7MZLRDP)
2026-05-28 13:36:17,538 - INFO - [get_all_episodes_script] Episode 12: Gefährliche Tricks (ID: B0B2Q4P9R1)
2026-05-28 13:36:17,538 - INFO - [get_all_episodes_script] Episode 13: Alles zerbrochen (ID: B09RGZ8FZ8)
2026-05-28 13:36:17,538 - INFO - [get_all_episodes_script] Episode 0: Defiance (ID: B0GC81FRY9)
2026-05-28 13:36:17,538 - INFO - [get_all_episodes_script] Found playable episode (new structure): B0FWHN4NDK
2026-05-28 13:36:17,538 - INFO - [get_all_episodes_script] Found playable episode (new structure): B0FY77F2MP
2026-05-28 13:36:17,538 - INFO - [get_all_episodes_script] Found playable episode (new structure): B09S5DT83Y
2026-05-28 13:36:17,538 - INFO - [get_all_episodes_script] Found playable episode (new structure): B09KFFDNPD
2026-05-28 13:36:17,538 - INFO - [get_all_episodes_script] Found playable episode (new structure): B09S8HXSFK
2026-05-28 13:36:17,538 - INFO - [get_all_episodes_script] Found playable episode (new structure): B09Q2NSKR2
2026-05-28 13:36:17,538 - INFO - [get_all_episodes_script] Found playable episode (new structure): B0B2VCT9F7
2026-05-28 13:36:17,538 - INFO - [get_all_episodes_script] Found playable episode (new structure): B09XT7R7G9
2026-05-28 13:36:17,538 - INFO - [get_all_episodes_script] Found playable episode (new structure): B09XJQQV17
2026-05-28 13:36:17,538 - INFO - [get_all_episodes_script] Found playable episode (new structure): B09TJ6KLKG
2026-05-28 13:36:17,538 - INFO - [get_all_episodes_script] Found playable episode (new structure): B0C7MZLRDP
2026-05-28 13:36:17,538 - INFO - [get_all_episodes_script] Found playable episode (new structure): B0B2Q4P9R1
2026-05-28 13:36:17,539 - INFO - [get_all_episodes_script] Found playable episode (new structure): B09RGZ8FZ8
2026-05-28 13:36:17,539 - INFO - [get_all_episodes_script] Found 13 playable episode action_keys
2026-05-28 13:36:17,539 - INFO - [get_all_episodes_script] Total parsed 14 episode details
2026-05-28 13:36:17,539 - INFO - [get_all_episodes_script] Filtered playable episodes count: 13
2026-05-28 13:36:17,539 - INFO - ============================================================
2026-05-28 13:36:17,539 - INFO - [get_seasons_info] get_all_episodes_script returned 13 episodes
2026-05-28 13:36:17,539 - INFO - ============================================================
2026-05-28 13:36:17,539 - INFO - [get_episodes_script] Starting to filter episode list...
2026-05-28 13:36:17,539 - INFO - [get_episodes_script] Input episodes count: 13
2026-05-28 13:36:17,539 - INFO - [get_episodes_script] Found 'episodeList' node
2026-05-28 13:36:17,539 - INFO - [get_episodes_script] totalCardSize = 13
2026-05-28 13:36:17,539 - INFO - [get_episodes_script] cardTitleIds count: 13
2026-05-28 13:36:17,539 - INFO - [get_episodes_script] cardTitleIds: ['B0FWHN4NDK', 'B0FY77F2MP', 'B09S5DT83Y', 'B09KFFDNPD', 'B09S8HXSFK', 'B09Q2NSKR2', 'B0B2VCT9F7', 'B09XT7R7G9', 'B09XJQQV17', 'B09TJ6KLKG', 'B0C7MZLRDP', 'B0B2Q4P9R1', 'B09RGZ8FZ8']
2026-05-28 13:36:17,539 - INFO - [get_episodes_script] Matched episode (episodeId): Defiance Pilot - Teil 1
2026-05-28 13:36:17,540 - INFO - [get_episodes_script] Matched episode (episodeId): Defiance Pilot - Teil 2
2026-05-28 13:36:17,540 - INFO - [get_episodes_script] Matched episode (episodeId): Wohin die toten Männer gehen
2026-05-28 13:36:17,540 - INFO - [get_episodes_script] Matched episode (episodeId): Gnadenlose Rache
2026-05-28 13:36:17,540 - INFO - [get_episodes_script] Matched episode (episodeId): Ein angesehener Mann
2026-05-28 13:36:17,540 - INFO - [get_episodes_script] Matched episode (episodeId): Das Kuckucksei
2026-05-28 13:36:17,540 - INFO - [get_episodes_script] Matched episode (episodeId): Waffenbrüder
2026-05-28 13:36:17,540 - INFO - [get_episodes_script] Matched episode (episodeId): Der Stahlhagel
2026-05-28 13:36:17,540 - INFO - [get_episodes_script] Matched episode (episodeId): Der Zeitreisende
2026-05-28 13:36:17,540 - INFO - [get_episodes_script] Matched episode (episodeId): Seuchenalarm
2026-05-28 13:36:17,540 - INFO - [get_episodes_script] Matched episode (episodeId): Mord am Hochzeitstag
2026-05-28 13:36:17,540 - INFO - [get_episodes_script] Matched episode (episodeId): Gefährliche Tricks
2026-05-28 13:36:17,540 - INFO - [get_episodes_script] Matched episode (episodeId): Alles zerbrochen
2026-05-28 13:36:17,540 - INFO - [get_episodes_script] Final episodes count: 13
2026-05-28 13:36:17,541 - INFO - ============================================================
2026-05-28 13:36:17,541 - INFO - [get_seasons_info] get_episodes_script returned 13 episodes
2026-05-28 13:36:17,541 - INFO - [get_seasons_info] get_extras_script returned 0 extras categories
2026-05-28 13:36:17,545 - INFO - [get_seasons_info] atf_asins count: 2
2026-05-28 13:36:17,545 - INFO - [get_seasons_info] btf_asins count: 26
2026-05-28 13:36:17,545 - INFO - [get_seasons_info] promotion_urls count: 0
2026-05-28 13:36:17,545 - INFO - [get_seasons_info] Season 'Defiance' added successfully, episodes: 13, promotions: 0
2026-05-28 13:36:17,546 - INFO - 
2026-05-28 13:36:17,546 - INFO - [get_seasons_info] >>>>>> Processing webpage 2 <<<<<<
2026-05-28 13:36:17,546 - INFO - [get_seasons_info] Webpage length: 928126 characters
2026-05-28 13:36:17,546 - INFO - [get_seasons_info] Extracted ID from pageTitleId: B0FD49CX32
2026-05-28 13:36:17,549 - INFO - Parsing hydration-data script data for seasons (normalized)
2026-05-28 13:36:17,550 - INFO - [get_seasons_info] JSON parsed successfully, top-level keys: ['props']
2026-05-28 13:36:17,550 - INFO - [get_seasons_info] Using Script JSON parsing method...
2026-05-28 13:36:17,550 - INFO - ============================================================
2026-05-28 13:36:17,550 - INFO - [get_season_detail_script] Starting to parse season details...
2026-05-28 13:36:17,550 - INFO - [get_season_detail_script] Found 'props' node
2026-05-28 13:36:17,550 - INFO - [get_season_detail_script] Found 'body' node, contains 1 items
2026-05-28 13:36:17,550 - INFO - [get_season_detail_script] body[0] found 'atf' node
2026-05-28 13:36:17,550 - INFO - [get_season_detail_script] Found 'headerDetail', contains 1 keys
2026-05-28 13:36:17,550 - INFO - [get_season_detail_script] parentTitle = Defiance
2026-05-28 13:36:17,550 - INFO - [get_season_detail_script] title = Defiance - Staffel 2
2026-05-28 13:36:17,551 - INFO - [get_season_detail_script] releaseYear = 2014
2026-05-28 13:36:17,551 - INFO - [get_season_detail_script] seasonNumber = 2
2026-05-28 13:36:17,551 - INFO - [get_season_detail_script] body[0] found 'btf' node
2026-05-28 13:36:17,551 - INFO - [get_season_detail_script] total_episodes = 13
2026-05-28 13:36:17,551 - INFO - [get_season_detail_script] Parse complete, result: {"parentTitle": "Defiance", "title": "Defiance - Staffel 2", "releaseYear": 2014, "seasonNumber": 2, "total_episodes": 13}
2026-05-28 13:36:17,551 - INFO - ============================================================
2026-05-28 13:36:17,551 - INFO - [get_seasons_info] Parsed season details:
2026-05-28 13:36:17,551 - INFO -   - parentTitle: Defiance
2026-05-28 13:36:17,551 - INFO -   - season_name: Defiance - Staffel 2
2026-05-28 13:36:17,551 - INFO -   - release_time: 2014
2026-05-28 13:36:17,551 - INFO -   - season_number: 2
2026-05-28 13:36:17,551 - INFO -   - total_episodes: 13
2026-05-28 13:36:17,551 - INFO - ============================================================
2026-05-28 13:36:17,551 - INFO - [get_all_episodes_script] Starting to parse all episodes...
2026-05-28 13:36:17,552 - INFO - [get_all_episodes_script] body[0] found 'btf' node
2026-05-28 13:36:17,552 - INFO - [get_all_episodes_script] Found 14 episode details
2026-05-28 13:36:17,552 - INFO - [get_all_episodes_script] Episode 1: Das Gegenteil von Hallelujah (ID: B09PQK8RQB)
2026-05-28 13:36:17,552 - INFO - [get_all_episodes_script] Episode 2: Das Geheimnis meines Lebens (ID: B09ZBL8GXD)
2026-05-28 13:36:17,552 - INFO - [get_all_episodes_script] Episode 3: Schmerzhafte Trennungen (ID: B0B3ML8TWX)
2026-05-28 13:36:17,552 - INFO - [get_all_episodes_script] Episode 4: Grausame Konsequenzen (ID: B09ZY34CL9)
2026-05-28 13:36:17,552 - INFO - [get_all_episodes_script] Episode 5: Schadensbegrenzung (ID: B09V2NKTN8)
2026-05-28 13:36:17,552 - INFO - [get_all_episodes_script] Episode 6: Die Macht der Frauen (ID: B0B4BS4XCX)
2026-05-28 13:36:17,552 - INFO - [get_all_episodes_script] Episode 7: Wenn ihr sie mit meinen Augen sehen könntet … (ID: B09X2CPB3C)
2026-05-28 13:36:17,552 - INFO - [get_all_episodes_script] Episode 8: Auf in Richtung Bethlehem (ID: B09RLX6WV2)
2026-05-28 13:36:17,552 - INFO - [get_all_episodes_script] Episode 9: Bilder der Erinnerung (ID: B0B48MP3QW)
2026-05-28 13:36:17,552 - INFO - [get_all_episodes_script] Episode 10: Auf dem Grund der Erde (ID: B09V11W2DL)
2026-05-28 13:36:17,552 - INFO - [get_all_episodes_script] Episode 11: Zerlegt wie eine Puppe (ID: B0B27LPFXX)
2026-05-28 13:36:17,552 - INFO - [get_all_episodes_script] Episode 12: Alles muss vergehen (ID: B09ZH8VQ79)
2026-05-28 13:36:17,553 - INFO - [get_all_episodes_script] Episode 13: Fast hätte ich gebetet (ID: B0FB9PSSDF)
2026-05-28 13:36:17,553 - INFO - [get_all_episodes_script] Episode 0: Defiance - Staffel 2 (ID: B0FD49CX32)
2026-05-28 13:36:17,553 - INFO - [get_all_episodes_script] Found playable episode (new structure): B09PQK8RQB
2026-05-28 13:36:17,553 - INFO - [get_all_episodes_script] Found playable episode (new structure): B09ZBL8GXD
2026-05-28 13:36:17,553 - INFO - [get_all_episodes_script] Found playable episode (new structure): B0B3ML8TWX
2026-05-28 13:36:17,553 - INFO - [get_all_episodes_script] Found playable episode (new structure): B09ZY34CL9
2026-05-28 13:36:17,553 - INFO - [get_all_episodes_script] Found playable episode (new structure): B09V2NKTN8
2026-05-28 13:36:17,553 - INFO - [get_all_episodes_script] Found playable episode (new structure): B0B4BS4XCX
2026-05-28 13:36:17,553 - INFO - [get_all_episodes_script] Found playable episode (new structure): B09X2CPB3C
2026-05-28 13:36:17,553 - INFO - [get_all_episodes_script] Found playable episode (new structure): B09RLX6WV2
2026-05-28 13:36:17,553 - INFO - [get_all_episodes_script] Found playable episode (new structure): B0B48MP3QW
2026-05-28 13:36:17,553 - INFO - [get_all_episodes_script] Found playable episode (new structure): B09V11W2DL
2026-05-28 13:36:17,553 - INFO - [get_all_episodes_script] Found playable episode (new structure): B0B27LPFXX
2026-05-28 13:36:17,553 - INFO - [get_all_episodes_script] Found playable episode (new structure): B09ZH8VQ79
2026-05-28 13:36:17,553 - INFO - [get_all_episodes_script] Found playable episode (new structure): B0FB9PSSDF
2026-05-28 13:36:17,554 - INFO - [get_all_episodes_script] Found 13 playable episode action_keys
2026-05-28 13:36:17,554 - INFO - [get_all_episodes_script] Total parsed 14 episode details
2026-05-28 13:36:17,554 - INFO - [get_all_episodes_script] Filtered playable episodes count: 13
2026-05-28 13:36:17,554 - INFO - ============================================================
2026-05-28 13:36:17,554 - INFO - [get_seasons_info] get_all_episodes_script returned 13 episodes
2026-05-28 13:36:17,554 - INFO - ============================================================
2026-05-28 13:36:17,554 - INFO - [get_episodes_script] Starting to filter episode list...
2026-05-28 13:36:17,554 - INFO - [get_episodes_script] Input episodes count: 13
2026-05-28 13:36:17,554 - INFO - [get_episodes_script] Found 'episodeList' node
2026-05-28 13:36:17,554 - INFO - [get_episodes_script] totalCardSize = 13
2026-05-28 13:36:17,554 - INFO - [get_episodes_script] cardTitleIds count: 13
2026-05-28 13:36:17,554 - INFO - [get_episodes_script] cardTitleIds: ['B09PQK8RQB', 'B09ZBL8GXD', 'B0B3ML8TWX', 'B09ZY34CL9', 'B09V2NKTN8', 'B0B4BS4XCX', 'B09X2CPB3C', 'B09RLX6WV2', 'B0B48MP3QW', 'B09V11W2DL', 'B0B27LPFXX', 'B09ZH8VQ79', 'B0FB9PSSDF']
2026-05-28 13:36:17,554 - INFO - [get_episodes_script] Matched episode (episodeId): Das Gegenteil von Hallelujah
2026-05-28 13:36:17,554 - INFO - [get_episodes_script] Matched episode (episodeId): Das Geheimnis meines Lebens
2026-05-28 13:36:17,555 - INFO - [get_episodes_script] Matched episode (episodeId): Schmerzhafte Trennungen
2026-05-28 13:36:17,555 - INFO - [get_episodes_script] Matched episode (episodeId): Grausame Konsequenzen
2026-05-28 13:36:17,555 - INFO - [get_episodes_script] Matched episode (episodeId): Schadensbegrenzung
2026-05-28 13:36:17,555 - INFO - [get_episodes_script] Matched episode (episodeId): Die Macht der Frauen
2026-05-28 13:36:17,555 - INFO - [get_episodes_script] Matched episode (episodeId): Wenn ihr sie mit meinen Augen sehen könntet …
2026-05-28 13:36:17,555 - INFO - [get_episodes_script] Matched episode (episodeId): Auf in Richtung Bethlehem
2026-05-28 13:36:17,555 - INFO - [get_episodes_script] Matched episode (episodeId): Bilder der Erinnerung
2026-05-28 13:36:17,555 - INFO - [get_episodes_script] Matched episode (episodeId): Auf dem Grund der Erde
2026-05-28 13:36:17,555 - INFO - [get_episodes_script] Matched episode (episodeId): Zerlegt wie eine Puppe
2026-05-28 13:36:17,555 - INFO - [get_episodes_script] Matched episode (episodeId): Alles muss vergehen
2026-05-28 13:36:17,555 - INFO - [get_episodes_script] Matched episode (episodeId): Fast hätte ich gebetet
2026-05-28 13:36:17,555 - INFO - [get_episodes_script] Final episodes count: 13
2026-05-28 13:36:17,555 - INFO - ============================================================
2026-05-28 13:36:17,555 - INFO - [get_seasons_info] get_episodes_script returned 13 episodes
2026-05-28 13:36:17,555 - INFO - [get_seasons_info] get_extras_script returned 0 extras categories
2026-05-28 13:36:17,560 - INFO - [get_seasons_info] atf_asins count: 2
2026-05-28 13:36:17,560 - INFO - [get_seasons_info] btf_asins count: 26
2026-05-28 13:36:17,560 - INFO - [get_seasons_info] promotion_urls count: 0
2026-05-28 13:36:17,560 - INFO - [get_seasons_info] Season 'Defiance - Staffel 2' added successfully, episodes: 13, promotions: 0
2026-05-28 13:36:17,560 - INFO - 
2026-05-28 13:36:17,560 - INFO - [get_seasons_info] >>>>>> Processing webpage 3 <<<<<<
2026-05-28 13:36:17,560 - INFO - [get_seasons_info] Webpage length: 925902 characters
2026-05-28 13:36:17,561 - INFO - [get_seasons_info] Extracted ID from pageTitleId: B09ZQPQRG5
2026-05-28 13:36:17,564 - INFO - Parsing hydration-data script data for seasons (normalized)
2026-05-28 13:36:17,565 - INFO - [get_seasons_info] JSON parsed successfully, top-level keys: ['props']
2026-05-28 13:36:17,565 - INFO - [get_seasons_info] Using Script JSON parsing method...
2026-05-28 13:36:17,565 - INFO - ============================================================
2026-05-28 13:36:17,565 - INFO - [get_season_detail_script] Starting to parse season details...
2026-05-28 13:36:17,565 - INFO - [get_season_detail_script] Found 'props' node
2026-05-28 13:36:17,565 - INFO - [get_season_detail_script] Found 'body' node, contains 1 items
2026-05-28 13:36:17,565 - INFO - [get_season_detail_script] body[0] found 'atf' node
2026-05-28 13:36:17,565 - INFO - [get_season_detail_script] Found 'headerDetail', contains 1 keys
2026-05-28 13:36:17,565 - INFO - [get_season_detail_script] parentTitle = Defiance
2026-05-28 13:36:17,565 - INFO - [get_season_detail_script] title = Defiance
2026-05-28 13:36:17,565 - INFO - [get_season_detail_script] releaseYear = 2015
2026-05-28 13:36:17,565 - INFO - [get_season_detail_script] seasonNumber = 3
2026-05-28 13:36:17,565 - INFO - [get_season_detail_script] body[0] found 'btf' node
2026-05-28 13:36:17,566 - INFO - [get_season_detail_script] total_episodes = 13
2026-05-28 13:36:17,566 - INFO - [get_season_detail_script] Parse complete, result: {"parentTitle": "Defiance", "title": "Defiance", "releaseYear": 2015, "seasonNumber": 3, "total_episodes": 13}
2026-05-28 13:36:17,566 - INFO - ============================================================
2026-05-28 13:36:17,566 - INFO - [get_seasons_info] Parsed season details:
2026-05-28 13:36:17,566 - INFO -   - parentTitle: Defiance
2026-05-28 13:36:17,566 - INFO -   - season_name: Defiance
2026-05-28 13:36:17,566 - INFO -   - release_time: 2015
2026-05-28 13:36:17,566 - INFO -   - season_number: 3
2026-05-28 13:36:17,566 - INFO -   - total_episodes: 13
2026-05-28 13:36:17,566 - INFO - ============================================================
2026-05-28 13:36:17,566 - INFO - [get_all_episodes_script] Starting to parse all episodes...
2026-05-28 13:36:17,566 - INFO - [get_all_episodes_script] body[0] found 'btf' node
2026-05-28 13:36:17,566 - INFO - [get_all_episodes_script] Found 14 episode details
2026-05-28 13:36:17,566 - INFO - [get_all_episodes_script] Episode 1: Die Welt, die wir erobern (ID: B09YS56T1V)
2026-05-28 13:36:17,566 - INFO - [get_all_episodes_script] Episode 2: Die letzten Einhörner (ID: B09XQSQLML)
2026-05-28 13:36:17,567 - INFO - [get_all_episodes_script] Episode 3: Zerbrochener Zweig (ID: B09PQB5FFD)
2026-05-28 13:36:17,567 - INFO - [get_all_episodes_script] Episode 4: Tote Luft (ID: B09Q5LMQW1)
2026-05-28 13:36:17,567 - INFO - [get_all_episodes_script] Episode 5: Splitter der Vergangenheit (ID: B0B49VMRW4)
2026-05-28 13:36:17,567 - INFO - [get_all_episodes_script] Episode 6: Wohin die Äpfel fallen (ID: B09V8BR9L5)
2026-05-28 13:36:17,567 - INFO - [get_all_episodes_script] Episode 7: Die Schönheit unserer Waffen (ID: B0B3J3TFWN)
2026-05-28 13:36:17,567 - INFO - [get_all_episodes_script] Episode 8: Ich bin Datak Tarr und ich bin hier, um Dich zu töten (ID: B0B3TBL7W6)
2026-05-28 13:36:17,567 - INFO - [get_all_episodes_script] Episode 9: Ostinato in Weiß (ID: B09KHJPQVW)
2026-05-28 13:36:17,567 - INFO - [get_all_episodes_script] Episode 10: Wenn die Dämmerung den Himmel verdunkelt (ID: B0B433F6HR)
2026-05-28 13:36:17,567 - INFO - [get_all_episodes_script] Episode 11: Ein Dämon vor meinen Augen (ID: B09WHQ6HHD)
2026-05-28 13:36:17,567 - INFO - [get_all_episodes_script] Episode 12: Das Erwachen (ID: B09V9P6446)
2026-05-28 13:36:17,567 - INFO - [get_all_episodes_script] Episode 13: Nun, so sterben wir im Sturmschritt (ID: B09YQSDL2J)
2026-05-28 13:36:17,567 - INFO - [get_all_episodes_script] Episode 0: Defiance (ID: B09ZQPQRG5)
2026-05-28 13:36:17,567 - INFO - [get_all_episodes_script] Found playable episode (new structure): B09YS56T1V
2026-05-28 13:36:17,567 - INFO - [get_all_episodes_script] Found playable episode (new structure): B09XQSQLML
2026-05-28 13:36:17,568 - INFO - [get_all_episodes_script] Found playable episode (new structure): B09PQB5FFD
2026-05-28 13:36:17,568 - INFO - [get_all_episodes_script] Found playable episode (new structure): B09Q5LMQW1
2026-05-28 13:36:17,568 - INFO - [get_all_episodes_script] Found playable episode (new structure): B0B49VMRW4
2026-05-28 13:36:17,568 - INFO - [get_all_episodes_script] Found playable episode (new structure): B09V8BR9L5
2026-05-28 13:36:17,568 - INFO - [get_all_episodes_script] Found playable episode (new structure): B0B3J3TFWN
2026-05-28 13:36:17,568 - INFO - [get_all_episodes_script] Found playable episode (new structure): B0B3TBL7W6
2026-05-28 13:36:17,568 - INFO - [get_all_episodes_script] Found playable episode (new structure): B09KHJPQVW
2026-05-28 13:36:17,568 - INFO - [get_all_episodes_script] Found playable episode (new structure): B0B433F6HR
2026-05-28 13:36:17,568 - INFO - [get_all_episodes_script] Found playable episode (new structure): B09WHQ6HHD
2026-05-28 13:36:17,568 - INFO - [get_all_episodes_script] Found playable episode (new structure): B09V9P6446
2026-05-28 13:36:17,568 - INFO - [get_all_episodes_script] Found playable episode (new structure): B09YQSDL2J
2026-05-28 13:36:17,568 - INFO - [get_all_episodes_script] Found 13 playable episode action_keys
2026-05-28 13:36:17,568 - INFO - [get_all_episodes_script] Total parsed 14 episode details
2026-05-28 13:36:17,568 - INFO - [get_all_episodes_script] Filtered playable episodes count: 13
2026-05-28 13:36:17,569 - INFO - ============================================================
2026-05-28 13:36:17,569 - INFO - [get_seasons_info] get_all_episodes_script returned 13 episodes
2026-05-28 13:36:17,569 - INFO - ============================================================
2026-05-28 13:36:17,569 - INFO - [get_episodes_script] Starting to filter episode list...
2026-05-28 13:36:17,569 - INFO - [get_episodes_script] Input episodes count: 13
2026-05-28 13:36:17,569 - INFO - [get_episodes_script] Found 'episodeList' node
2026-05-28 13:36:17,569 - INFO - [get_episodes_script] totalCardSize = 13
2026-05-28 13:36:17,569 - INFO - [get_episodes_script] cardTitleIds count: 13
2026-05-28 13:36:17,569 - INFO - [get_episodes_script] cardTitleIds: ['B09YS56T1V', 'B09XQSQLML', 'B09PQB5FFD', 'B09Q5LMQW1', 'B0B49VMRW4', 'B09V8BR9L5', 'B0B3J3TFWN', 'B0B3TBL7W6', 'B09KHJPQVW', 'B0B433F6HR', 'B09WHQ6HHD', 'B09V9P6446', 'B09YQSDL2J']
2026-05-28 13:36:17,569 - INFO - [get_episodes_script] Matched episode (episodeId): Die Welt, die wir erobern
2026-05-28 13:36:17,569 - INFO - [get_episodes_script] Matched episode (episodeId): Die letzten Einhörner
2026-05-28 13:36:17,569 - INFO - [get_episodes_script] Matched episode (episodeId): Zerbrochener Zweig
2026-05-28 13:36:17,569 - INFO - [get_episodes_script] Matched episode (episodeId): Tote Luft
2026-05-28 13:36:17,569 - INFO - [get_episodes_script] Matched episode (episodeId): Splitter der Vergangenheit
2026-05-28 13:36:17,569 - INFO - [get_episodes_script] Matched episode (episodeId): Wohin die Äpfel fallen
2026-05-28 13:36:17,570 - INFO - [get_episodes_script] Matched episode (episodeId): Die Schönheit unserer Waffen
2026-05-28 13:36:17,570 - INFO - [get_episodes_script] Matched episode (episodeId): Ich bin Datak Tarr und ich bin hier, um Dich zu töten
2026-05-28 13:36:17,570 - INFO - [get_episodes_script] Matched episode (episodeId): Ostinato in Weiß
2026-05-28 13:36:17,570 - INFO - [get_episodes_script] Matched episode (episodeId): Wenn die Dämmerung den Himmel verdunkelt
2026-05-28 13:36:17,570 - INFO - [get_episodes_script] Matched episode (episodeId): Ein Dämon vor meinen Augen
2026-05-28 13:36:17,570 - INFO - [get_episodes_script] Matched episode (episodeId): Das Erwachen
2026-05-28 13:36:17,570 - INFO - [get_episodes_script] Matched episode (episodeId): Nun, so sterben wir im Sturmschritt
2026-05-28 13:36:17,570 - INFO - [get_episodes_script] Final episodes count: 13
2026-05-28 13:36:17,570 - INFO - ============================================================
2026-05-28 13:36:17,570 - INFO - [get_seasons_info] get_episodes_script returned 13 episodes
2026-05-28 13:36:17,570 - INFO - [get_seasons_info] get_extras_script returned 0 extras categories
2026-05-28 13:36:17,575 - INFO - [get_seasons_info] atf_asins count: 2
2026-05-28 13:36:17,575 - INFO - [get_seasons_info] btf_asins count: 26
2026-05-28 13:36:17,575 - INFO - [get_seasons_info] promotion_urls count: 0
2026-05-28 13:36:17,575 - INFO - [get_seasons_info] Season 'Defiance' added successfully, episodes: 13, promotions: 0
2026-05-28 13:36:17,575 - INFO - 
2026-05-28 13:36:17,575 - INFO - [get_seasons_info] ========== Parse Complete ==========
2026-05-28 13:36:17,575 - INFO - [get_seasons_info] Total parsed 3 seasons
2026-05-28 13:36:17,575 - INFO -   Season 1: Defiance - Defiance (13 episodes)
2026-05-28 13:36:17,575 - INFO -   Season 2: Defiance - Defiance - Staffel 2 (13 episodes)
2026-05-28 13:36:17,575 - INFO -   Season 3: Defiance - Defiance (13 episodes)
2026-05-28 13:36:29,122 - INFO - === amazon_is_meta start ===
2026-05-28 13:36:29,123 - INFO - input_file: H:/streamfab/outputTemp/amazonIsMetaPageTempIn.tmp
2026-05-28 13:36:29,123 - INFO - output_file: H:/streamfab/outputTemp/amazonIsMetaPageTempOut.tmp
2026-05-28 13:36:29,950 - INFO - read webpage, length: 1802215
2026-05-28 13:36:30,448 - INFO - parsed webpage with html5lib
2026-05-28 13:36:30,454 - INFO - main_element found: False
2026-05-28 13:36:30,454 - WARNING - main_element not found (id='main', data-testid='detailpage-main')
2026-05-28 13:36:30,471 - INFO - No block with pageTitleId+catalogId found
2026-05-28 13:36:30,471 - INFO - result: is_meta=False, media_type=movie, pageTitleId=None
2026-05-28 13:36:30,472 - INFO - wrote result to H:/streamfab/outputTemp/amazonIsMetaPageTempOut.tmp
2026-05-28 13:36:30,472 - INFO - === amazon_is_meta complete ===
2026-05-28 14:12:27,635 - INFO - === amazon_is_meta start ===
2026-05-28 14:12:27,667 - INFO - input_file: H:/streamfab/outputTemp/amazonIsMetaPageTempIn.tmp
2026-05-28 14:12:27,667 - INFO - output_file: H:/streamfab/outputTemp/amazonIsMetaPageTempOut.tmp
2026-05-28 14:12:28,613 - INFO - read webpage, length: 1762629
2026-05-28 14:12:29,146 - INFO - parsed webpage with html5lib
2026-05-28 14:12:29,152 - INFO - main_element found: False
2026-05-28 14:12:29,153 - WARNING - main_element not found (id='main', data-testid='detailpage-main')
2026-05-28 14:12:29,172 - INFO - No block with pageTitleId+catalogId found
2026-05-28 14:12:29,172 - INFO - result: is_meta=False, media_type=movie, pageTitleId=None
2026-05-28 14:12:29,172 - INFO - wrote result to H:/streamfab/outputTemp/amazonIsMetaPageTempOut.tmp
2026-05-28 14:12:29,172 - INFO - === amazon_is_meta complete ===
2026-05-28 14:13:04,163 - INFO - === amazon_is_meta start ===
2026-05-28 14:13:04,192 - INFO - input_file: H:/streamfab/outputTemp/amazonIsMetaPageTempIn.tmp
2026-05-28 14:13:04,193 - INFO - output_file: H:/streamfab/outputTemp/amazonIsMetaPageTempOut.tmp
2026-05-28 14:13:05,088 - INFO - read webpage, length: 936596
2026-05-28 14:13:05,576 - INFO - parsed webpage with html5lib
2026-05-28 14:13:05,578 - INFO - main_element found: True
2026-05-28 14:13:05,602 - INFO - e_synopsis (.dv-dp-node-synopsis): 1
2026-05-28 14:13:05,602 - INFO - is_meta=True (synopsis: 1)
2026-05-28 14:13:05,620 - INFO - e_live (live-state-badge): 0
2026-05-28 14:13:05,638 - INFO - e_episodes ({'data-testid': 'episode-list-item'}): 13
2026-05-28 14:13:05,653 - INFO - Found hydration-data block, pageTitleId=B0GC81FRY9
2026-05-28 14:13:05,654 - INFO - result: is_meta=True, media_type=show, pageTitleId=B0GC81FRY9
2026-05-28 14:13:05,658 - INFO - wrote result to H:/streamfab/outputTemp/amazonIsMetaPageTempOut.tmp
2026-05-28 14:13:05,658 - INFO - === amazon_is_meta complete ===
2026-05-28 14:13:08,223 - INFO - amazon_get_season_urls complete...
2026-05-28 14:13:10,657 - INFO - get_real_url complete...
2026-05-28 14:13:14,446 - INFO - get_real_url complete...
2026-05-28 14:13:17,982 - INFO - get_real_url complete...
2026-05-28 14:13:21,550 - INFO - get_real_url complete...
2026-05-28 14:13:23,584 - INFO - Parsed hydration-data script data
2026-05-28 14:13:23,587 - INFO - get_meta_info complete...
2026-05-28 14:13:25,587 - INFO - [get_seasons_info] ========== Starting to parse season info ==========
2026-05-28 14:13:25,587 - INFO - [get_seasons_info] Input webpages count: 3
2026-05-28 14:13:25,587 - INFO - 
2026-05-28 14:13:25,587 - INFO - [get_seasons_info] >>>>>> Processing webpage 1 <<<<<<
2026-05-28 14:13:25,588 - INFO - [get_seasons_info] Webpage length: 936713 characters
2026-05-28 14:13:25,588 - INFO - [get_seasons_info] Extracted ID from pageTitleId: B0GC81FRY9
2026-05-28 14:13:25,592 - INFO - Parsing hydration-data script data for seasons (normalized)
2026-05-28 14:13:25,592 - INFO - [get_seasons_info] JSON parsed successfully, top-level keys: ['props']
2026-05-28 14:13:25,592 - INFO - [get_seasons_info] Using Script JSON parsing method...
2026-05-28 14:13:25,592 - INFO - ============================================================
2026-05-28 14:13:25,593 - INFO - [get_season_detail_script] Starting to parse season details...
2026-05-28 14:13:25,593 - INFO - [get_season_detail_script] Found 'props' node
2026-05-28 14:13:25,593 - INFO - [get_season_detail_script] Found 'body' node, contains 1 items
2026-05-28 14:13:25,593 - INFO - [get_season_detail_script] body[0] found 'atf' node
2026-05-28 14:13:25,593 - INFO - [get_season_detail_script] Found 'headerDetail', contains 1 keys
2026-05-28 14:13:25,593 - INFO - [get_season_detail_script] parentTitle = Defiance
2026-05-28 14:13:25,593 - INFO - [get_season_detail_script] title = Defiance
2026-05-28 14:13:25,593 - INFO - [get_season_detail_script] releaseYear = 2013
2026-05-28 14:13:25,593 - INFO - [get_season_detail_script] seasonNumber = 1
2026-05-28 14:13:25,593 - INFO - [get_season_detail_script] body[0] found 'btf' node
2026-05-28 14:13:25,593 - INFO - [get_season_detail_script] total_episodes = 13
2026-05-28 14:13:25,593 - INFO - [get_season_detail_script] Parse complete, result: {"parentTitle": "Defiance", "title": "Defiance", "releaseYear": 2013, "seasonNumber": 1, "total_episodes": 13}
2026-05-28 14:13:25,594 - INFO - ============================================================
2026-05-28 14:13:25,594 - INFO - [get_seasons_info] Parsed season details:
2026-05-28 14:13:25,594 - INFO -   - parentTitle: Defiance
2026-05-28 14:13:25,594 - INFO -   - season_name: Defiance
2026-05-28 14:13:25,594 - INFO -   - release_time: 2013
2026-05-28 14:13:25,594 - INFO -   - season_number: 1
2026-05-28 14:13:25,594 - INFO -   - total_episodes: 13
2026-05-28 14:13:25,594 - INFO - ============================================================
2026-05-28 14:13:25,594 - INFO - [get_all_episodes_script] Starting to parse all episodes...
2026-05-28 14:13:25,594 - INFO - [get_all_episodes_script] body[0] found 'btf' node
2026-05-28 14:13:25,594 - INFO - [get_all_episodes_script] Found 14 episode details
2026-05-28 14:13:25,594 - INFO - [get_all_episodes_script] Episode 1: Defiance Pilot - Teil 1 (ID: B0FWHN4NDK)
2026-05-28 14:13:25,594 - INFO - [get_all_episodes_script] Episode 2: Defiance Pilot - Teil 2 (ID: B0FY77F2MP)
2026-05-28 14:13:25,594 - INFO - [get_all_episodes_script] Episode 3: Wohin die toten Männer gehen (ID: B09S5DT83Y)
2026-05-28 14:13:25,595 - INFO - [get_all_episodes_script] Episode 4: Gnadenlose Rache (ID: B09KFFDNPD)
2026-05-28 14:13:25,595 - INFO - [get_all_episodes_script] Episode 5: Ein angesehener Mann (ID: B09S8HXSFK)
2026-05-28 14:13:25,595 - INFO - [get_all_episodes_script] Episode 6: Das Kuckucksei (ID: B09Q2NSKR2)
2026-05-28 14:13:25,595 - INFO - [get_all_episodes_script] Episode 7: Waffenbrüder (ID: B0B2VCT9F7)
2026-05-28 14:13:25,595 - INFO - [get_all_episodes_script] Episode 8: Der Stahlhagel (ID: B09XT7R7G9)
2026-05-28 14:13:25,595 - INFO - [get_all_episodes_script] Episode 9: Der Zeitreisende (ID: B09XJQQV17)
2026-05-28 14:13:25,595 - INFO - [get_all_episodes_script] Episode 10: Seuchenalarm (ID: B09TJ6KLKG)
2026-05-28 14:13:25,595 - INFO - [get_all_episodes_script] Episode 11: Mord am Hochzeitstag (ID: B0C7MZLRDP)
2026-05-28 14:13:25,595 - INFO - [get_all_episodes_script] Episode 12: Gefährliche Tricks (ID: B0B2Q4P9R1)
2026-05-28 14:13:25,595 - INFO - [get_all_episodes_script] Episode 13: Alles zerbrochen (ID: B09RGZ8FZ8)
2026-05-28 14:13:25,595 - INFO - [get_all_episodes_script] Episode 0: Defiance (ID: B0GC81FRY9)
2026-05-28 14:13:25,595 - INFO - [get_all_episodes_script] Found playable episode (new structure): B0FWHN4NDK
2026-05-28 14:13:25,595 - INFO - [get_all_episodes_script] Found playable episode (new structure): B0FY77F2MP
2026-05-28 14:13:25,596 - INFO - [get_all_episodes_script] Found playable episode (new structure): B09S5DT83Y
2026-05-28 14:13:25,596 - INFO - [get_all_episodes_script] Found playable episode (new structure): B09KFFDNPD
2026-05-28 14:13:25,596 - INFO - [get_all_episodes_script] Found playable episode (new structure): B09S8HXSFK
2026-05-28 14:13:25,596 - INFO - [get_all_episodes_script] Found playable episode (new structure): B09Q2NSKR2
2026-05-28 14:13:25,596 - INFO - [get_all_episodes_script] Found playable episode (new structure): B0B2VCT9F7
2026-05-28 14:13:25,596 - INFO - [get_all_episodes_script] Found playable episode (new structure): B09XT7R7G9
2026-05-28 14:13:25,596 - INFO - [get_all_episodes_script] Found playable episode (new structure): B09XJQQV17
2026-05-28 14:13:25,596 - INFO - [get_all_episodes_script] Found playable episode (new structure): B09TJ6KLKG
2026-05-28 14:13:25,596 - INFO - [get_all_episodes_script] Found playable episode (new structure): B0C7MZLRDP
2026-05-28 14:13:25,596 - INFO - [get_all_episodes_script] Found playable episode (new structure): B0B2Q4P9R1
2026-05-28 14:13:25,596 - INFO - [get_all_episodes_script] Found playable episode (new structure): B09RGZ8FZ8
2026-05-28 14:13:25,596 - INFO - [get_all_episodes_script] Found 13 playable episode action_keys
2026-05-28 14:13:25,596 - INFO - [get_all_episodes_script] Total parsed 14 episode details
2026-05-28 14:13:25,597 - INFO - [get_all_episodes_script] Filtered playable episodes count: 13
2026-05-28 14:13:25,597 - INFO - ============================================================
2026-05-28 14:13:25,597 - INFO - [get_seasons_info] get_all_episodes_script returned 13 episodes
2026-05-28 14:13:25,597 - INFO - ============================================================
2026-05-28 14:13:25,597 - INFO - [get_episodes_script] Starting to filter episode list...
2026-05-28 14:13:25,597 - INFO - [get_episodes_script] Input episodes count: 13
2026-05-28 14:13:25,597 - INFO - [get_episodes_script] Found 'episodeList' node
2026-05-28 14:13:25,597 - INFO - [get_episodes_script] totalCardSize = 13
2026-05-28 14:13:25,597 - INFO - [get_episodes_script] cardTitleIds count: 13
2026-05-28 14:13:25,597 - INFO - [get_episodes_script] cardTitleIds: ['B0FWHN4NDK', 'B0FY77F2MP', 'B09S5DT83Y', 'B09KFFDNPD', 'B09S8HXSFK', 'B09Q2NSKR2', 'B0B2VCT9F7', 'B09XT7R7G9', 'B09XJQQV17', 'B09TJ6KLKG', 'B0C7MZLRDP', 'B0B2Q4P9R1', 'B09RGZ8FZ8']
2026-05-28 14:13:25,597 - INFO - [get_episodes_script] Matched episode (episodeId): Defiance Pilot - Teil 1
2026-05-28 14:13:25,597 - INFO - [get_episodes_script] Matched episode (episodeId): Defiance Pilot - Teil 2
2026-05-28 14:13:25,597 - INFO - [get_episodes_script] Matched episode (episodeId): Wohin die toten Männer gehen
2026-05-28 14:13:25,597 - INFO - [get_episodes_script] Matched episode (episodeId): Gnadenlose Rache
2026-05-28 14:13:25,597 - INFO - [get_episodes_script] Matched episode (episodeId): Ein angesehener Mann
2026-05-28 14:13:25,598 - INFO - [get_episodes_script] Matched episode (episodeId): Das Kuckucksei
2026-05-28 14:13:25,598 - INFO - [get_episodes_script] Matched episode (episodeId): Waffenbrüder
2026-05-28 14:13:25,598 - INFO - [get_episodes_script] Matched episode (episodeId): Der Stahlhagel
2026-05-28 14:13:25,598 - INFO - [get_episodes_script] Matched episode (episodeId): Der Zeitreisende
2026-05-28 14:13:25,598 - INFO - [get_episodes_script] Matched episode (episodeId): Seuchenalarm
2026-05-28 14:13:25,598 - INFO - [get_episodes_script] Matched episode (episodeId): Mord am Hochzeitstag
2026-05-28 14:13:25,598 - INFO - [get_episodes_script] Matched episode (episodeId): Gefährliche Tricks
2026-05-28 14:13:25,598 - INFO - [get_episodes_script] Matched episode (episodeId): Alles zerbrochen
2026-05-28 14:13:25,598 - INFO - [get_episodes_script] Final episodes count: 13
2026-05-28 14:13:25,598 - INFO - ============================================================
2026-05-28 14:13:25,598 - INFO - [get_seasons_info] get_episodes_script returned 13 episodes
2026-05-28 14:13:25,598 - INFO - [get_seasons_info] get_extras_script returned 0 extras categories
2026-05-28 14:13:25,603 - INFO - [get_seasons_info] atf_asins count: 2
2026-05-28 14:13:25,603 - INFO - [get_seasons_info] btf_asins count: 26
2026-05-28 14:13:25,603 - INFO - [get_seasons_info] promotion_urls count: 0
2026-05-28 14:13:25,603 - INFO - [get_seasons_info] Season 'Defiance' added successfully, episodes: 13, promotions: 0
2026-05-28 14:13:25,603 - INFO - 
2026-05-28 14:13:25,603 - INFO - [get_seasons_info] >>>>>> Processing webpage 2 <<<<<<
2026-05-28 14:13:25,603 - INFO - [get_seasons_info] Webpage length: 928070 characters
2026-05-28 14:13:25,604 - INFO - [get_seasons_info] Extracted ID from pageTitleId: B0FD49CX32
2026-05-28 14:13:25,607 - INFO - Parsing hydration-data script data for seasons (normalized)
2026-05-28 14:13:25,608 - INFO - [get_seasons_info] JSON parsed successfully, top-level keys: ['props']
2026-05-28 14:13:25,608 - INFO - [get_seasons_info] Using Script JSON parsing method...
2026-05-28 14:13:25,608 - INFO - ============================================================
2026-05-28 14:13:25,608 - INFO - [get_season_detail_script] Starting to parse season details...
2026-05-28 14:13:25,608 - INFO - [get_season_detail_script] Found 'props' node
2026-05-28 14:13:25,608 - INFO - [get_season_detail_script] Found 'body' node, contains 1 items
2026-05-28 14:13:25,608 - INFO - [get_season_detail_script] body[0] found 'atf' node
2026-05-28 14:13:25,608 - INFO - [get_season_detail_script] Found 'headerDetail', contains 1 keys
2026-05-28 14:13:25,608 - INFO - [get_season_detail_script] parentTitle = Defiance
2026-05-28 14:13:25,608 - INFO - [get_season_detail_script] title = Defiance - Staffel 2
2026-05-28 14:13:25,609 - INFO - [get_season_detail_script] releaseYear = 2014
2026-05-28 14:13:25,609 - INFO - [get_season_detail_script] seasonNumber = 2
2026-05-28 14:13:25,609 - INFO - [get_season_detail_script] body[0] found 'btf' node
2026-05-28 14:13:25,609 - INFO - [get_season_detail_script] total_episodes = 13
2026-05-28 14:13:25,609 - INFO - [get_season_detail_script] Parse complete, result: {"parentTitle": "Defiance", "title": "Defiance - Staffel 2", "releaseYear": 2014, "seasonNumber": 2, "total_episodes": 13}
2026-05-28 14:13:25,609 - INFO - ============================================================
2026-05-28 14:13:25,609 - INFO - [get_seasons_info] Parsed season details:
2026-05-28 14:13:25,609 - INFO -   - parentTitle: Defiance
2026-05-28 14:13:25,609 - INFO -   - season_name: Defiance - Staffel 2
2026-05-28 14:13:25,609 - INFO -   - release_time: 2014
2026-05-28 14:13:25,609 - INFO -   - season_number: 2
2026-05-28 14:13:25,610 - INFO -   - total_episodes: 13
2026-05-28 14:13:25,610 - INFO - ============================================================
2026-05-28 14:13:25,610 - INFO - [get_all_episodes_script] Starting to parse all episodes...
2026-05-28 14:13:25,610 - INFO - [get_all_episodes_script] body[0] found 'btf' node
2026-05-28 14:13:25,610 - INFO - [get_all_episodes_script] Found 14 episode details
2026-05-28 14:13:25,610 - INFO - [get_all_episodes_script] Episode 1: Das Gegenteil von Hallelujah (ID: B09PQK8RQB)
2026-05-28 14:13:25,610 - INFO - [get_all_episodes_script] Episode 2: Das Geheimnis meines Lebens (ID: B09ZBL8GXD)
2026-05-28 14:13:25,610 - INFO - [get_all_episodes_script] Episode 3: Schmerzhafte Trennungen (ID: B0B3ML8TWX)
2026-05-28 14:13:25,610 - INFO - [get_all_episodes_script] Episode 4: Grausame Konsequenzen (ID: B09ZY34CL9)
2026-05-28 14:13:25,610 - INFO - [get_all_episodes_script] Episode 5: Schadensbegrenzung (ID: B09V2NKTN8)
2026-05-28 14:13:25,610 - INFO - [get_all_episodes_script] Episode 6: Die Macht der Frauen (ID: B0B4BS4XCX)
2026-05-28 14:13:25,610 - INFO - [get_all_episodes_script] Episode 7: Wenn ihr sie mit meinen Augen sehen könntet … (ID: B09X2CPB3C)
2026-05-28 14:13:25,610 - INFO - [get_all_episodes_script] Episode 8: Auf in Richtung Bethlehem (ID: B09RLX6WV2)
2026-05-28 14:13:25,610 - INFO - [get_all_episodes_script] Episode 9: Bilder der Erinnerung (ID: B0B48MP3QW)
2026-05-28 14:13:25,611 - INFO - [get_all_episodes_script] Episode 10: Auf dem Grund der Erde (ID: B09V11W2DL)
2026-05-28 14:13:25,611 - INFO - [get_all_episodes_script] Episode 11: Zerlegt wie eine Puppe (ID: B0B27LPFXX)
2026-05-28 14:13:25,611 - INFO - [get_all_episodes_script] Episode 12: Alles muss vergehen (ID: B09ZH8VQ79)
2026-05-28 14:13:25,611 - INFO - [get_all_episodes_script] Episode 13: Fast hätte ich gebetet (ID: B0FB9PSSDF)
2026-05-28 14:13:25,611 - INFO - [get_all_episodes_script] Episode 0: Defiance - Staffel 2 (ID: B0FD49CX32)
2026-05-28 14:13:25,611 - INFO - [get_all_episodes_script] Found playable episode (new structure): B09PQK8RQB
2026-05-28 14:13:25,611 - INFO - [get_all_episodes_script] Found playable episode (new structure): B09ZBL8GXD
2026-05-28 14:13:25,611 - INFO - [get_all_episodes_script] Found playable episode (new structure): B0B3ML8TWX
2026-05-28 14:13:25,611 - INFO - [get_all_episodes_script] Found playable episode (new structure): B09ZY34CL9
2026-05-28 14:13:25,611 - INFO - [get_all_episodes_script] Found playable episode (new structure): B09V2NKTN8
2026-05-28 14:13:25,611 - INFO - [get_all_episodes_script] Found playable episode (new structure): B0B4BS4XCX
2026-05-28 14:13:25,611 - INFO - [get_all_episodes_script] Found playable episode (new structure): B09X2CPB3C
2026-05-28 14:13:25,611 - INFO - [get_all_episodes_script] Found playable episode (new structure): B09RLX6WV2
2026-05-28 14:13:25,611 - INFO - [get_all_episodes_script] Found playable episode (new structure): B0B48MP3QW
2026-05-28 14:13:25,612 - INFO - [get_all_episodes_script] Found playable episode (new structure): B09V11W2DL
2026-05-28 14:13:25,612 - INFO - [get_all_episodes_script] Found playable episode (new structure): B0B27LPFXX
2026-05-28 14:13:25,612 - INFO - [get_all_episodes_script] Found playable episode (new structure): B09ZH8VQ79
2026-05-28 14:13:25,612 - INFO - [get_all_episodes_script] Found playable episode (new structure): B0FB9PSSDF
2026-05-28 14:13:25,612 - INFO - [get_all_episodes_script] Found 13 playable episode action_keys
2026-05-28 14:13:25,612 - INFO - [get_all_episodes_script] Total parsed 14 episode details
2026-05-28 14:13:25,612 - INFO - [get_all_episodes_script] Filtered playable episodes count: 13
2026-05-28 14:13:25,612 - INFO - ============================================================
2026-05-28 14:13:25,612 - INFO - [get_seasons_info] get_all_episodes_script returned 13 episodes
2026-05-28 14:13:25,612 - INFO - ============================================================
2026-05-28 14:13:25,612 - INFO - [get_episodes_script] Starting to filter episode list...
2026-05-28 14:13:25,612 - INFO - [get_episodes_script] Input episodes count: 13
2026-05-28 14:13:25,612 - INFO - [get_episodes_script] Found 'episodeList' node
2026-05-28 14:13:25,612 - INFO - [get_episodes_script] totalCardSize = 13
2026-05-28 14:13:25,613 - INFO - [get_episodes_script] cardTitleIds count: 13
2026-05-28 14:13:25,613 - INFO - [get_episodes_script] cardTitleIds: ['B09PQK8RQB', 'B09ZBL8GXD', 'B0B3ML8TWX', 'B09ZY34CL9', 'B09V2NKTN8', 'B0B4BS4XCX', 'B09X2CPB3C', 'B09RLX6WV2', 'B0B48MP3QW', 'B09V11W2DL', 'B0B27LPFXX', 'B09ZH8VQ79', 'B0FB9PSSDF']
2026-05-28 14:13:25,613 - INFO - [get_episodes_script] Matched episode (episodeId): Das Gegenteil von Hallelujah
2026-05-28 14:13:25,613 - INFO - [get_episodes_script] Matched episode (episodeId): Das Geheimnis meines Lebens
2026-05-28 14:13:25,613 - INFO - [get_episodes_script] Matched episode (episodeId): Schmerzhafte Trennungen
2026-05-28 14:13:25,613 - INFO - [get_episodes_script] Matched episode (episodeId): Grausame Konsequenzen
2026-05-28 14:13:25,613 - INFO - [get_episodes_script] Matched episode (episodeId): Schadensbegrenzung
2026-05-28 14:13:25,613 - INFO - [get_episodes_script] Matched episode (episodeId): Die Macht der Frauen
2026-05-28 14:13:25,613 - INFO - [get_episodes_script] Matched episode (episodeId): Wenn ihr sie mit meinen Augen sehen könntet …
2026-05-28 14:13:25,613 - INFO - [get_episodes_script] Matched episode (episodeId): Auf in Richtung Bethlehem
2026-05-28 14:13:25,613 - INFO - [get_episodes_script] Matched episode (episodeId): Bilder der Erinnerung
2026-05-28 14:13:25,613 - INFO - [get_episodes_script] Matched episode (episodeId): Auf dem Grund der Erde
2026-05-28 14:13:25,613 - INFO - [get_episodes_script] Matched episode (episodeId): Zerlegt wie eine Puppe
2026-05-28 14:13:25,613 - INFO - [get_episodes_script] Matched episode (episodeId): Alles muss vergehen
2026-05-28 14:13:25,614 - INFO - [get_episodes_script] Matched episode (episodeId): Fast hätte ich gebetet
2026-05-28 14:13:25,614 - INFO - [get_episodes_script] Final episodes count: 13
2026-05-28 14:13:25,614 - INFO - ============================================================
2026-05-28 14:13:25,614 - INFO - [get_seasons_info] get_episodes_script returned 13 episodes
2026-05-28 14:13:25,614 - INFO - [get_seasons_info] get_extras_script returned 0 extras categories
2026-05-28 14:13:25,618 - INFO - [get_seasons_info] atf_asins count: 2
2026-05-28 14:13:25,618 - INFO - [get_seasons_info] btf_asins count: 26
2026-05-28 14:13:25,618 - INFO - [get_seasons_info] promotion_urls count: 0
2026-05-28 14:13:25,619 - INFO - [get_seasons_info] Season 'Defiance - Staffel 2' added successfully, episodes: 13, promotions: 0
2026-05-28 14:13:25,619 - INFO - 
2026-05-28 14:13:25,619 - INFO - [get_seasons_info] >>>>>> Processing webpage 3 <<<<<<
2026-05-28 14:13:25,619 - INFO - [get_seasons_info] Webpage length: 935233 characters
2026-05-28 14:13:25,619 - INFO - [get_seasons_info] Extracted ID from pageTitleId: B09ZQPQRG5
2026-05-28 14:13:25,623 - INFO - Parsing hydration-data script data for seasons (normalized)
2026-05-28 14:13:25,624 - INFO - [get_seasons_info] JSON parsed successfully, top-level keys: ['props']
2026-05-28 14:13:25,624 - INFO - [get_seasons_info] Using Script JSON parsing method...
2026-05-28 14:13:25,624 - INFO - ============================================================
2026-05-28 14:13:25,624 - INFO - [get_season_detail_script] Starting to parse season details...
2026-05-28 14:13:25,624 - INFO - [get_season_detail_script] Found 'props' node
2026-05-28 14:13:25,624 - INFO - [get_season_detail_script] Found 'body' node, contains 1 items
2026-05-28 14:13:25,624 - INFO - [get_season_detail_script] body[0] found 'atf' node
2026-05-28 14:13:25,624 - INFO - [get_season_detail_script] Found 'headerDetail', contains 1 keys
2026-05-28 14:13:25,624 - INFO - [get_season_detail_script] parentTitle = Defiance
2026-05-28 14:13:25,624 - INFO - [get_season_detail_script] title = Defiance
2026-05-28 14:13:25,625 - INFO - [get_season_detail_script] releaseYear = 2015
2026-05-28 14:13:25,625 - INFO - [get_season_detail_script] seasonNumber = 3
2026-05-28 14:13:25,625 - INFO - [get_season_detail_script] body[0] found 'btf' node
2026-05-28 14:13:25,625 - INFO - [get_season_detail_script] total_episodes = 13
2026-05-28 14:13:25,625 - INFO - [get_season_detail_script] Parse complete, result: {"parentTitle": "Defiance", "title": "Defiance", "releaseYear": 2015, "seasonNumber": 3, "total_episodes": 13}
2026-05-28 14:13:25,625 - INFO - ============================================================
2026-05-28 14:13:25,625 - INFO - [get_seasons_info] Parsed season details:
2026-05-28 14:13:25,625 - INFO -   - parentTitle: Defiance
2026-05-28 14:13:25,625 - INFO -   - season_name: Defiance
2026-05-28 14:13:25,625 - INFO -   - release_time: 2015
2026-05-28 14:13:25,625 - INFO -   - season_number: 3
2026-05-28 14:13:25,625 - INFO -   - total_episodes: 13
2026-05-28 14:13:25,625 - INFO - ============================================================
2026-05-28 14:13:25,626 - INFO - [get_all_episodes_script] Starting to parse all episodes...
2026-05-28 14:13:25,626 - INFO - [get_all_episodes_script] body[0] found 'btf' node
2026-05-28 14:13:25,626 - INFO - [get_all_episodes_script] Found 14 episode details
2026-05-28 14:13:25,626 - INFO - [get_all_episodes_script] Episode 1: Die Welt, die wir erobern (ID: B09YS56T1V)
2026-05-28 14:13:25,626 - INFO - [get_all_episodes_script] Episode 2: Die letzten Einhörner (ID: B09XQSQLML)
2026-05-28 14:13:25,626 - INFO - [get_all_episodes_script] Episode 3: Zerbrochener Zweig (ID: B09PQB5FFD)
2026-05-28 14:13:25,626 - INFO - [get_all_episodes_script] Episode 4: Tote Luft (ID: B09Q5LMQW1)
2026-05-28 14:13:25,626 - INFO - [get_all_episodes_script] Episode 5: Splitter der Vergangenheit (ID: B0B49VMRW4)
2026-05-28 14:13:25,626 - INFO - [get_all_episodes_script] Episode 6: Wohin die Äpfel fallen (ID: B09V8BR9L5)
2026-05-28 14:13:25,626 - INFO - [get_all_episodes_script] Episode 7: Die Schönheit unserer Waffen (ID: B0B3J3TFWN)
2026-05-28 14:13:25,626 - INFO - [get_all_episodes_script] Episode 8: Ich bin Datak Tarr und ich bin hier, um Dich zu töten (ID: B0B3TBL7W6)
2026-05-28 14:13:25,626 - INFO - [get_all_episodes_script] Episode 9: Ostinato in Weiß (ID: B09KHJPQVW)
2026-05-28 14:13:25,627 - INFO - [get_all_episodes_script] Episode 10: Wenn die Dämmerung den Himmel verdunkelt (ID: B0B433F6HR)
2026-05-28 14:13:25,627 - INFO - [get_all_episodes_script] Episode 11: Ein Dämon vor meinen Augen (ID: B09WHQ6HHD)
2026-05-28 14:13:25,627 - INFO - [get_all_episodes_script] Episode 12: Das Erwachen (ID: B09V9P6446)
2026-05-28 14:13:25,627 - INFO - [get_all_episodes_script] Episode 13: Nun, so sterben wir im Sturmschritt (ID: B09YQSDL2J)
2026-05-28 14:13:25,627 - INFO - [get_all_episodes_script] Episode 0: Defiance (ID: B09ZQPQRG5)
2026-05-28 14:13:25,627 - INFO - [get_all_episodes_script] Found playable episode (new structure): B09YS56T1V
2026-05-28 14:13:25,627 - INFO - [get_all_episodes_script] Found playable episode (new structure): B09XQSQLML
2026-05-28 14:13:25,627 - INFO - [get_all_episodes_script] Found playable episode (new structure): B09PQB5FFD
2026-05-28 14:13:25,627 - INFO - [get_all_episodes_script] Found playable episode (new structure): B09Q5LMQW1
2026-05-28 14:13:25,627 - INFO - [get_all_episodes_script] Found playable episode (new structure): B0B49VMRW4
2026-05-28 14:13:25,627 - INFO - [get_all_episodes_script] Found playable episode (new structure): B09V8BR9L5
2026-05-28 14:13:25,627 - INFO - [get_all_episodes_script] Found playable episode (new structure): B0B3J3TFWN
2026-05-28 14:13:25,627 - INFO - [get_all_episodes_script] Found playable episode (new structure): B0B3TBL7W6
2026-05-28 14:13:25,627 - INFO - [get_all_episodes_script] Found playable episode (new structure): B09KHJPQVW
2026-05-28 14:13:25,628 - INFO - [get_all_episodes_script] Found playable episode (new structure): B0B433F6HR
2026-05-28 14:13:25,628 - INFO - [get_all_episodes_script] Found playable episode (new structure): B09WHQ6HHD
2026-05-28 14:13:25,628 - INFO - [get_all_episodes_script] Found playable episode (new structure): B09V9P6446
2026-05-28 14:13:25,628 - INFO - [get_all_episodes_script] Found playable episode (new structure): B09YQSDL2J
2026-05-28 14:13:25,628 - INFO - [get_all_episodes_script] Found 13 playable episode action_keys
2026-05-28 14:13:25,628 - INFO - [get_all_episodes_script] Total parsed 14 episode details
2026-05-28 14:13:25,628 - INFO - [get_all_episodes_script] Filtered playable episodes count: 13
2026-05-28 14:13:25,628 - INFO - ============================================================
2026-05-28 14:13:25,628 - INFO - [get_seasons_info] get_all_episodes_script returned 13 episodes
2026-05-28 14:13:25,628 - INFO - ============================================================
2026-05-28 14:13:25,628 - INFO - [get_episodes_script] Starting to filter episode list...
2026-05-28 14:13:25,628 - INFO - [get_episodes_script] Input episodes count: 13
2026-05-28 14:13:25,628 - INFO - [get_episodes_script] Found 'episodeList' node
2026-05-28 14:13:25,628 - INFO - [get_episodes_script] totalCardSize = 13
2026-05-28 14:13:25,629 - INFO - [get_episodes_script] cardTitleIds count: 13
2026-05-28 14:13:25,629 - INFO - [get_episodes_script] cardTitleIds: ['B09YS56T1V', 'B09XQSQLML', 'B09PQB5FFD', 'B09Q5LMQW1', 'B0B49VMRW4', 'B09V8BR9L5', 'B0B3J3TFWN', 'B0B3TBL7W6', 'B09KHJPQVW', 'B0B433F6HR', 'B09WHQ6HHD', 'B09V9P6446', 'B09YQSDL2J']
2026-05-28 14:13:25,629 - INFO - [get_episodes_script] Matched episode (episodeId): Die Welt, die wir erobern
2026-05-28 14:13:25,629 - INFO - [get_episodes_script] Matched episode (episodeId): Die letzten Einhörner
2026-05-28 14:13:25,629 - INFO - [get_episodes_script] Matched episode (episodeId): Zerbrochener Zweig
2026-05-28 14:13:25,629 - INFO - [get_episodes_script] Matched episode (episodeId): Tote Luft
2026-05-28 14:13:25,629 - INFO - [get_episodes_script] Matched episode (episodeId): Splitter der Vergangenheit
2026-05-28 14:13:25,629 - INFO - [get_episodes_script] Matched episode (episodeId): Wohin die Äpfel fallen
2026-05-28 14:13:25,629 - INFO - [get_episodes_script] Matched episode (episodeId): Die Schönheit unserer Waffen
2026-05-28 14:13:25,629 - INFO - [get_episodes_script] Matched episode (episodeId): Ich bin Datak Tarr und ich bin hier, um Dich zu töten
2026-05-28 14:13:25,629 - INFO - [get_episodes_script] Matched episode (episodeId): Ostinato in Weiß
2026-05-28 14:13:25,629 - INFO - [get_episodes_script] Matched episode (episodeId): Wenn die Dämmerung den Himmel verdunkelt
2026-05-28 14:13:25,629 - INFO - [get_episodes_script] Matched episode (episodeId): Ein Dämon vor meinen Augen
2026-05-28 14:13:25,629 - INFO - [get_episodes_script] Matched episode (episodeId): Das Erwachen
2026-05-28 14:13:25,630 - INFO - [get_episodes_script] Matched episode (episodeId): Nun, so sterben wir im Sturmschritt
2026-05-28 14:13:25,630 - INFO - [get_episodes_script] Final episodes count: 13
2026-05-28 14:13:25,630 - INFO - ============================================================
2026-05-28 14:13:25,630 - INFO - [get_seasons_info] get_episodes_script returned 13 episodes
2026-05-28 14:13:25,630 - INFO - [get_seasons_info] get_extras_script returned 0 extras categories
2026-05-28 14:13:25,637 - INFO - [get_seasons_info] atf_asins count: 2
2026-05-28 14:13:25,637 - INFO - [get_seasons_info] btf_asins count: 26
2026-05-28 14:13:25,637 - INFO - [get_seasons_info] promotion_urls count: 0
2026-05-28 14:13:25,637 - INFO - [get_seasons_info] Season 'Defiance' added successfully, episodes: 13, promotions: 0
2026-05-28 14:13:25,637 - INFO - 
2026-05-28 14:13:25,637 - INFO - [get_seasons_info] ========== Parse Complete ==========
2026-05-28 14:13:25,637 - INFO - [get_seasons_info] Total parsed 3 seasons
2026-05-28 14:13:25,637 - INFO -   Season 1: Defiance - Defiance (13 episodes)
2026-05-28 14:13:25,638 - INFO -   Season 2: Defiance - Defiance - Staffel 2 (13 episodes)
2026-05-28 14:13:25,638 - INFO -   Season 3: Defiance - Defiance (13 episodes)
2026-05-28 14:13:39,180 - INFO - === amazon_is_meta start ===
2026-05-28 14:13:39,181 - INFO - input_file: H:/streamfab/outputTemp/amazonIsMetaPageTempIn.tmp
2026-05-28 14:13:39,181 - INFO - output_file: H:/streamfab/outputTemp/amazonIsMetaPageTempOut.tmp
2026-05-28 14:13:40,236 - INFO - read webpage, length: 1795705
2026-05-28 14:13:40,782 - INFO - parsed webpage with html5lib
2026-05-28 14:13:40,792 - INFO - main_element found: False
2026-05-28 14:13:40,792 - WARNING - main_element not found (id='main', data-testid='detailpage-main')
2026-05-28 14:13:40,818 - INFO - No block with pageTitleId+catalogId found
2026-05-28 14:13:40,818 - INFO - result: is_meta=False, media_type=movie, pageTitleId=None
2026-05-28 14:13:40,819 - INFO - wrote result to H:/streamfab/outputTemp/amazonIsMetaPageTempOut.tmp
2026-05-28 14:13:40,819 - INFO - === amazon_is_meta complete ===
2026-05-28 14:49:36,828 - INFO - === amazon_is_meta start ===
2026-05-28 14:49:36,844 - INFO - input_file: H:/streamfab/outputTemp/amazonIsMetaPageTempIn.tmp
2026-05-28 14:49:36,845 - INFO - output_file: H:/streamfab/outputTemp/amazonIsMetaPageTempOut.tmp
2026-05-28 14:49:37,723 - INFO - read webpage, length: 1796088
2026-05-28 14:49:38,234 - INFO - parsed webpage with html5lib
2026-05-28 14:49:38,240 - INFO - main_element found: False
2026-05-28 14:49:38,240 - WARNING - main_element not found (id='main', data-testid='detailpage-main')
2026-05-28 14:49:38,259 - INFO - No block with pageTitleId+catalogId found
2026-05-28 14:49:38,259 - INFO - result: is_meta=False, media_type=movie, pageTitleId=None
2026-05-28 14:49:38,260 - INFO - wrote result to H:/streamfab/outputTemp/amazonIsMetaPageTempOut.tmp
2026-05-28 14:49:38,260 - INFO - === amazon_is_meta complete ===
2026-05-28 14:50:17,489 - INFO - === amazon_is_meta start ===
2026-05-28 14:50:17,491 - INFO - input_file: H:/streamfab/outputTemp/amazonIsMetaPageTempIn.tmp
2026-05-28 14:50:17,491 - INFO - output_file: H:/streamfab/outputTemp/amazonIsMetaPageTempOut.tmp
2026-05-28 14:50:18,426 - INFO - read webpage, length: 938320
2026-05-28 14:50:18,920 - INFO - parsed webpage with html5lib
2026-05-28 14:50:18,924 - INFO - main_element found: True
2026-05-28 14:50:18,956 - INFO - e_synopsis (.dv-dp-node-synopsis): 1
2026-05-28 14:50:18,956 - INFO - is_meta=True (synopsis: 1)
2026-05-28 14:50:18,976 - INFO - e_live (live-state-badge): 0
2026-05-28 14:50:18,995 - INFO - e_episodes ({'data-testid': 'episode-list-item'}): 13
2026-05-28 14:50:19,011 - INFO - Found hydration-data block, pageTitleId=B0GC81FRY9
2026-05-28 14:50:19,011 - INFO - result: is_meta=True, media_type=show, pageTitleId=B0GC81FRY9
2026-05-28 14:50:19,015 - INFO - wrote result to H:/streamfab/outputTemp/amazonIsMetaPageTempOut.tmp
2026-05-28 14:50:19,015 - INFO - === amazon_is_meta complete ===
2026-05-28 14:50:21,558 - INFO - amazon_get_season_urls complete...
2026-05-28 14:50:23,850 - INFO - get_real_url complete...
2026-05-28 14:50:27,124 - INFO - get_real_url complete...
2026-05-28 14:50:30,567 - INFO - get_real_url complete...
2026-05-28 14:50:33,876 - INFO - get_real_url complete...
2026-05-28 14:50:35,676 - INFO - Parsed hydration-data script data
2026-05-28 14:50:35,679 - INFO - get_meta_info complete...
2026-05-28 14:50:37,462 - INFO - [get_seasons_info] ========== Starting to parse season info ==========
2026-05-28 14:50:37,462 - INFO - [get_seasons_info] Input webpages count: 3
2026-05-28 14:50:37,462 - INFO - 
2026-05-28 14:50:37,462 - INFO - [get_seasons_info] >>>>>> Processing webpage 1 <<<<<<
2026-05-28 14:50:37,463 - INFO - [get_seasons_info] Webpage length: 938116 characters
2026-05-28 14:50:37,463 - INFO - [get_seasons_info] Extracted ID from pageTitleId: B0GC81FRY9
2026-05-28 14:50:37,467 - INFO - Parsing hydration-data script data for seasons (normalized)
2026-05-28 14:50:37,467 - INFO - [get_seasons_info] JSON parsed successfully, top-level keys: ['props']
2026-05-28 14:50:37,467 - INFO - [get_seasons_info] Using Script JSON parsing method...
2026-05-28 14:50:37,467 - INFO - ============================================================
2026-05-28 14:50:37,467 - INFO - [get_season_detail_script] Starting to parse season details...
2026-05-28 14:50:37,467 - INFO - [get_season_detail_script] Found 'props' node
2026-05-28 14:50:37,467 - INFO - [get_season_detail_script] Found 'body' node, contains 1 items
2026-05-28 14:50:37,467 - INFO - [get_season_detail_script] body[0] found 'atf' node
2026-05-28 14:50:37,467 - INFO - [get_season_detail_script] Found 'headerDetail', contains 1 keys
2026-05-28 14:50:37,467 - INFO - [get_season_detail_script] parentTitle = Defiance
2026-05-28 14:50:37,467 - INFO - [get_season_detail_script] title = Defiance
2026-05-28 14:50:37,468 - INFO - [get_season_detail_script] releaseYear = 2013
2026-05-28 14:50:37,468 - INFO - [get_season_detail_script] seasonNumber = 1
2026-05-28 14:50:37,468 - INFO - [get_season_detail_script] body[0] found 'btf' node
2026-05-28 14:50:37,468 - INFO - [get_season_detail_script] total_episodes = 13
2026-05-28 14:50:37,468 - INFO - [get_season_detail_script] Parse complete, result: {"parentTitle": "Defiance", "title": "Defiance", "releaseYear": 2013, "seasonNumber": 1, "total_episodes": 13}
2026-05-28 14:50:37,468 - INFO - ============================================================
2026-05-28 14:50:37,468 - INFO - [get_seasons_info] Parsed season details:
2026-05-28 14:50:37,468 - INFO -   - parentTitle: Defiance
2026-05-28 14:50:37,468 - INFO -   - season_name: Defiance
2026-05-28 14:50:37,468 - INFO -   - release_time: 2013
2026-05-28 14:50:37,468 - INFO -   - season_number: 1
2026-05-28 14:50:37,468 - INFO -   - total_episodes: 13
2026-05-28 14:50:37,468 - INFO - ============================================================
2026-05-28 14:50:37,468 - INFO - [get_all_episodes_script] Starting to parse all episodes...
2026-05-28 14:50:37,469 - INFO - [get_all_episodes_script] body[0] found 'btf' node
2026-05-28 14:50:37,469 - INFO - [get_all_episodes_script] Found 14 episode details
2026-05-28 14:50:37,469 - INFO - [get_all_episodes_script] Episode 1: Defiance Pilot - Teil 1 (ID: B0FWHN4NDK)
2026-05-28 14:50:37,469 - INFO - [get_all_episodes_script] Episode 2: Defiance Pilot - Teil 2 (ID: B0FY77F2MP)
2026-05-28 14:50:37,469 - INFO - [get_all_episodes_script] Episode 3: Wohin die toten Männer gehen (ID: B09S5DT83Y)
2026-05-28 14:50:37,469 - INFO - [get_all_episodes_script] Episode 4: Gnadenlose Rache (ID: B09KFFDNPD)
2026-05-28 14:50:37,469 - INFO - [get_all_episodes_script] Episode 5: Ein angesehener Mann (ID: B09S8HXSFK)
2026-05-28 14:50:37,469 - INFO - [get_all_episodes_script] Episode 6: Das Kuckucksei (ID: B09Q2NSKR2)
2026-05-28 14:50:37,469 - INFO - [get_all_episodes_script] Episode 7: Waffenbrüder (ID: B0B2VCT9F7)
2026-05-28 14:50:37,469 - INFO - [get_all_episodes_script] Episode 8: Der Stahlhagel (ID: B09XT7R7G9)
2026-05-28 14:50:37,470 - INFO - [get_all_episodes_script] Episode 9: Der Zeitreisende (ID: B09XJQQV17)
2026-05-28 14:50:37,470 - INFO - [get_all_episodes_script] Episode 10: Seuchenalarm (ID: B09TJ6KLKG)
2026-05-28 14:50:37,470 - INFO - [get_all_episodes_script] Episode 11: Mord am Hochzeitstag (ID: B0C7MZLRDP)
2026-05-28 14:50:37,470 - INFO - [get_all_episodes_script] Episode 12: Gefährliche Tricks (ID: B0B2Q4P9R1)
2026-05-28 14:50:37,470 - INFO - [get_all_episodes_script] Episode 13: Alles zerbrochen (ID: B09RGZ8FZ8)
2026-05-28 14:50:37,470 - INFO - [get_all_episodes_script] Episode 0: Defiance (ID: B0GC81FRY9)
2026-05-28 14:50:37,470 - INFO - [get_all_episodes_script] Found playable episode (new structure): B0FWHN4NDK
2026-05-28 14:50:37,470 - INFO - [get_all_episodes_script] Found playable episode (new structure): B0FY77F2MP
2026-05-28 14:50:37,470 - INFO - [get_all_episodes_script] Found playable episode (new structure): B09S5DT83Y
2026-05-28 14:50:37,470 - INFO - [get_all_episodes_script] Found playable episode (new structure): B09KFFDNPD
2026-05-28 14:50:37,470 - INFO - [get_all_episodes_script] Found playable episode (new structure): B09S8HXSFK
2026-05-28 14:50:37,470 - INFO - [get_all_episodes_script] Found playable episode (new structure): B09Q2NSKR2
2026-05-28 14:50:37,470 - INFO - [get_all_episodes_script] Found playable episode (new structure): B0B2VCT9F7
2026-05-28 14:50:37,470 - INFO - [get_all_episodes_script] Found playable episode (new structure): B09XT7R7G9
2026-05-28 14:50:37,470 - INFO - [get_all_episodes_script] Found playable episode (new structure): B09XJQQV17
2026-05-28 14:50:37,470 - INFO - [get_all_episodes_script] Found playable episode (new structure): B09TJ6KLKG
2026-05-28 14:50:37,470 - INFO - [get_all_episodes_script] Found playable episode (new structure): B0C7MZLRDP
2026-05-28 14:50:37,471 - INFO - [get_all_episodes_script] Found playable episode (new structure): B0B2Q4P9R1
2026-05-28 14:50:37,471 - INFO - [get_all_episodes_script] Found playable episode (new structure): B09RGZ8FZ8
2026-05-28 14:50:37,471 - INFO - [get_all_episodes_script] Found 13 playable episode action_keys
2026-05-28 14:50:37,471 - INFO - [get_all_episodes_script] Total parsed 14 episode details
2026-05-28 14:50:37,471 - INFO - [get_all_episodes_script] Filtered playable episodes count: 13
2026-05-28 14:50:37,471 - INFO - ============================================================
2026-05-28 14:50:37,471 - INFO - [get_seasons_info] get_all_episodes_script returned 13 episodes
2026-05-28 14:50:37,471 - INFO - ============================================================
2026-05-28 14:50:37,471 - INFO - [get_episodes_script] Starting to filter episode list...
2026-05-28 14:50:37,471 - INFO - [get_episodes_script] Input episodes count: 13
2026-05-28 14:50:37,471 - INFO - [get_episodes_script] Found 'episodeList' node
2026-05-28 14:50:37,471 - INFO - [get_episodes_script] totalCardSize = 13
2026-05-28 14:50:37,471 - INFO - [get_episodes_script] cardTitleIds count: 13
2026-05-28 14:50:37,471 - INFO - [get_episodes_script] cardTitleIds: ['B0FWHN4NDK', 'B0FY77F2MP', 'B09S5DT83Y', 'B09KFFDNPD', 'B09S8HXSFK', 'B09Q2NSKR2', 'B0B2VCT9F7', 'B09XT7R7G9', 'B09XJQQV17', 'B09TJ6KLKG', 'B0C7MZLRDP', 'B0B2Q4P9R1', 'B09RGZ8FZ8']
2026-05-28 14:50:37,471 - INFO - [get_episodes_script] Matched episode (episodeId): Defiance Pilot - Teil 1
2026-05-28 14:50:37,472 - INFO - [get_episodes_script] Matched episode (episodeId): Defiance Pilot - Teil 2
2026-05-28 14:50:37,472 - INFO - [get_episodes_script] Matched episode (episodeId): Wohin die toten Männer gehen
2026-05-28 14:50:37,472 - INFO - [get_episodes_script] Matched episode (episodeId): Gnadenlose Rache
2026-05-28 14:50:37,472 - INFO - [get_episodes_script] Matched episode (episodeId): Ein angesehener Mann
2026-05-28 14:50:37,472 - INFO - [get_episodes_script] Matched episode (episodeId): Das Kuckucksei
2026-05-28 14:50:37,472 - INFO - [get_episodes_script] Matched episode (episodeId): Waffenbrüder
2026-05-28 14:50:37,472 - INFO - [get_episodes_script] Matched episode (episodeId): Der Stahlhagel
2026-05-28 14:50:37,472 - INFO - [get_episodes_script] Matched episode (episodeId): Der Zeitreisende
2026-05-28 14:50:37,472 - INFO - [get_episodes_script] Matched episode (episodeId): Seuchenalarm
2026-05-28 14:50:37,472 - INFO - [get_episodes_script] Matched episode (episodeId): Mord am Hochzeitstag
2026-05-28 14:50:37,472 - INFO - [get_episodes_script] Matched episode (episodeId): Gefährliche Tricks
2026-05-28 14:50:37,472 - INFO - [get_episodes_script] Matched episode (episodeId): Alles zerbrochen
2026-05-28 14:50:37,473 - INFO - [get_episodes_script] Final episodes count: 13
2026-05-28 14:50:37,473 - INFO - ============================================================
2026-05-28 14:50:37,473 - INFO - [get_seasons_info] get_episodes_script returned 13 episodes
2026-05-28 14:50:37,473 - INFO - [get_seasons_info] get_extras_script returned 0 extras categories
2026-05-28 14:50:37,478 - INFO - [get_seasons_info] atf_asins count: 2
2026-05-28 14:50:37,479 - INFO - [get_seasons_info] btf_asins count: 26
2026-05-28 14:50:37,479 - INFO - [get_seasons_info] promotion_urls count: 0
2026-05-28 14:50:37,479 - INFO - [get_seasons_info] Season 'Defiance' added successfully, episodes: 13, promotions: 0
2026-05-28 14:50:37,479 - INFO - 
2026-05-28 14:50:37,479 - INFO - [get_seasons_info] >>>>>> Processing webpage 2 <<<<<<
2026-05-28 14:50:37,479 - INFO - [get_seasons_info] Webpage length: 929175 characters
2026-05-28 14:50:37,480 - INFO - [get_seasons_info] Extracted ID from pageTitleId: B0FD49CX32
2026-05-28 14:50:37,485 - INFO - Parsing hydration-data script data for seasons (normalized)
2026-05-28 14:50:37,486 - INFO - [get_seasons_info] JSON parsed successfully, top-level keys: ['props']
2026-05-28 14:50:37,486 - INFO - [get_seasons_info] Using Script JSON parsing method...
2026-05-28 14:50:37,486 - INFO - ============================================================
2026-05-28 14:50:37,486 - INFO - [get_season_detail_script] Starting to parse season details...
2026-05-28 14:50:37,486 - INFO - [get_season_detail_script] Found 'props' node
2026-05-28 14:50:37,486 - INFO - [get_season_detail_script] Found 'body' node, contains 1 items
2026-05-28 14:50:37,486 - INFO - [get_season_detail_script] body[0] found 'atf' node
2026-05-28 14:50:37,486 - INFO - [get_season_detail_script] Found 'headerDetail', contains 1 keys
2026-05-28 14:50:37,487 - INFO - [get_season_detail_script] parentTitle = Defiance
2026-05-28 14:50:37,487 - INFO - [get_season_detail_script] title = Defiance - Staffel 2
2026-05-28 14:50:37,487 - INFO - [get_season_detail_script] releaseYear = 2014
2026-05-28 14:50:37,487 - INFO - [get_season_detail_script] seasonNumber = 2
2026-05-28 14:50:37,487 - INFO - [get_season_detail_script] body[0] found 'btf' node
2026-05-28 14:50:37,487 - INFO - [get_season_detail_script] total_episodes = 13
2026-05-28 14:50:37,487 - INFO - [get_season_detail_script] Parse complete, result: {"parentTitle": "Defiance", "title": "Defiance - Staffel 2", "releaseYear": 2014, "seasonNumber": 2, "total_episodes": 13}
2026-05-28 14:50:37,487 - INFO - ============================================================
2026-05-28 14:50:37,487 - INFO - [get_seasons_info] Parsed season details:
2026-05-28 14:50:37,487 - INFO -   - parentTitle: Defiance
2026-05-28 14:50:37,488 - INFO -   - season_name: Defiance - Staffel 2
2026-05-28 14:50:37,488 - INFO -   - release_time: 2014
2026-05-28 14:50:37,488 - INFO -   - season_number: 2
2026-05-28 14:50:37,488 - INFO -   - total_episodes: 13
2026-05-28 14:50:37,488 - INFO - ============================================================
2026-05-28 14:50:37,488 - INFO - [get_all_episodes_script] Starting to parse all episodes...
2026-05-28 14:50:37,488 - INFO - [get_all_episodes_script] body[0] found 'btf' node
2026-05-28 14:50:37,488 - INFO - [get_all_episodes_script] Found 14 episode details
2026-05-28 14:50:37,488 - INFO - [get_all_episodes_script] Episode 1: Das Gegenteil von Hallelujah (ID: B09PQK8RQB)
2026-05-28 14:50:37,488 - INFO - [get_all_episodes_script] Episode 2: Das Geheimnis meines Lebens (ID: B09ZBL8GXD)
2026-05-28 14:50:37,488 - INFO - [get_all_episodes_script] Episode 3: Schmerzhafte Trennungen (ID: B0B3ML8TWX)
2026-05-28 14:50:37,488 - INFO - [get_all_episodes_script] Episode 4: Grausame Konsequenzen (ID: B09ZY34CL9)
2026-05-28 14:50:37,489 - INFO - [get_all_episodes_script] Episode 5: Schadensbegrenzung (ID: B09V2NKTN8)
2026-05-28 14:50:37,489 - INFO - [get_all_episodes_script] Episode 6: Die Macht der Frauen (ID: B0B4BS4XCX)
2026-05-28 14:50:37,489 - INFO - [get_all_episodes_script] Episode 7: Wenn ihr sie mit meinen Augen sehen könntet … (ID: B09X2CPB3C)
2026-05-28 14:50:37,489 - INFO - [get_all_episodes_script] Episode 8: Auf in Richtung Bethlehem (ID: B09RLX6WV2)
2026-05-28 14:50:37,489 - INFO - [get_all_episodes_script] Episode 9: Bilder der Erinnerung (ID: B0B48MP3QW)
2026-05-28 14:50:37,489 - INFO - [get_all_episodes_script] Episode 10: Auf dem Grund der Erde (ID: B09V11W2DL)
2026-05-28 14:50:37,489 - INFO - [get_all_episodes_script] Episode 11: Zerlegt wie eine Puppe (ID: B0B27LPFXX)
2026-05-28 14:50:37,489 - INFO - [get_all_episodes_script] Episode 12: Alles muss vergehen (ID: B09ZH8VQ79)
2026-05-28 14:50:37,489 - INFO - [get_all_episodes_script] Episode 13: Fast hätte ich gebetet (ID: B0FB9PSSDF)
2026-05-28 14:50:37,489 - INFO - [get_all_episodes_script] Episode 0: Defiance - Staffel 2 (ID: B0FD49CX32)
2026-05-28 14:50:37,489 - INFO - [get_all_episodes_script] Found playable episode (new structure): B09PQK8RQB
2026-05-28 14:50:37,489 - INFO - [get_all_episodes_script] Found playable episode (new structure): B09ZBL8GXD
2026-05-28 14:50:37,489 - INFO - [get_all_episodes_script] Found playable episode (new structure): B0B3ML8TWX
2026-05-28 14:50:37,490 - INFO - [get_all_episodes_script] Found playable episode (new structure): B09ZY34CL9
2026-05-28 14:50:37,490 - INFO - [get_all_episodes_script] Found playable episode (new structure): B09V2NKTN8
2026-05-28 14:50:37,490 - INFO - [get_all_episodes_script] Found playable episode (new structure): B0B4BS4XCX
2026-05-28 14:50:37,490 - INFO - [get_all_episodes_script] Found playable episode (new structure): B09X2CPB3C
2026-05-28 14:50:37,490 - INFO - [get_all_episodes_script] Found playable episode (new structure): B09RLX6WV2
2026-05-28 14:50:37,490 - INFO - [get_all_episodes_script] Found playable episode (new structure): B0B48MP3QW
2026-05-28 14:50:37,490 - INFO - [get_all_episodes_script] Found playable episode (new structure): B09V11W2DL
2026-05-28 14:50:37,490 - INFO - [get_all_episodes_script] Found playable episode (new structure): B0B27LPFXX
2026-05-28 14:50:37,490 - INFO - [get_all_episodes_script] Found playable episode (new structure): B09ZH8VQ79
2026-05-28 14:50:37,490 - INFO - [get_all_episodes_script] Found playable episode (new structure): B0FB9PSSDF
2026-05-28 14:50:37,490 - INFO - [get_all_episodes_script] Found 13 playable episode action_keys
2026-05-28 14:50:37,490 - INFO - [get_all_episodes_script] Total parsed 14 episode details
2026-05-28 14:50:37,490 - INFO - [get_all_episodes_script] Filtered playable episodes count: 13
2026-05-28 14:50:37,490 - INFO - ============================================================
2026-05-28 14:50:37,491 - INFO - [get_seasons_info] get_all_episodes_script returned 13 episodes
2026-05-28 14:50:37,491 - INFO - ============================================================
2026-05-28 14:50:37,491 - INFO - [get_episodes_script] Starting to filter episode list...
2026-05-28 14:50:37,491 - INFO - [get_episodes_script] Input episodes count: 13
2026-05-28 14:50:37,491 - INFO - [get_episodes_script] Found 'episodeList' node
2026-05-28 14:50:37,491 - INFO - [get_episodes_script] totalCardSize = 13
2026-05-28 14:50:37,491 - INFO - [get_episodes_script] cardTitleIds count: 13
2026-05-28 14:50:37,491 - INFO - [get_episodes_script] cardTitleIds: ['B09PQK8RQB', 'B09ZBL8GXD', 'B0B3ML8TWX', 'B09ZY34CL9', 'B09V2NKTN8', 'B0B4BS4XCX', 'B09X2CPB3C', 'B09RLX6WV2', 'B0B48MP3QW', 'B09V11W2DL', 'B0B27LPFXX', 'B09ZH8VQ79', 'B0FB9PSSDF']
2026-05-28 14:50:37,491 - INFO - [get_episodes_script] Matched episode (episodeId): Das Gegenteil von Hallelujah
2026-05-28 14:50:37,491 - INFO - [get_episodes_script] Matched episode (episodeId): Das Geheimnis meines Lebens
2026-05-28 14:50:37,491 - INFO - [get_episodes_script] Matched episode (episodeId): Schmerzhafte Trennungen
2026-05-28 14:50:37,491 - INFO - [get_episodes_script] Matched episode (episodeId): Grausame Konsequenzen
2026-05-28 14:50:37,491 - INFO - [get_episodes_script] Matched episode (episodeId): Schadensbegrenzung
2026-05-28 14:50:37,491 - INFO - [get_episodes_script] Matched episode (episodeId): Die Macht der Frauen
2026-05-28 14:50:37,492 - INFO - [get_episodes_script] Matched episode (episodeId): Wenn ihr sie mit meinen Augen sehen könntet …
2026-05-28 14:50:37,492 - INFO - [get_episodes_script] Matched episode (episodeId): Auf in Richtung Bethlehem
2026-05-28 14:50:37,492 - INFO - [get_episodes_script] Matched episode (episodeId): Bilder der Erinnerung
2026-05-28 14:50:37,492 - INFO - [get_episodes_script] Matched episode (episodeId): Auf dem Grund der Erde
2026-05-28 14:50:37,492 - INFO - [get_episodes_script] Matched episode (episodeId): Zerlegt wie eine Puppe
2026-05-28 14:50:37,492 - INFO - [get_episodes_script] Matched episode (episodeId): Alles muss vergehen
2026-05-28 14:50:37,492 - INFO - [get_episodes_script] Matched episode (episodeId): Fast hätte ich gebetet
2026-05-28 14:50:37,492 - INFO - [get_episodes_script] Final episodes count: 13
2026-05-28 14:50:37,492 - INFO - ============================================================
2026-05-28 14:50:37,492 - INFO - [get_seasons_info] get_episodes_script returned 13 episodes
2026-05-28 14:50:37,492 - INFO - [get_seasons_info] get_extras_script returned 0 extras categories
2026-05-28 14:50:37,498 - INFO - [get_seasons_info] atf_asins count: 2
2026-05-28 14:50:37,498 - INFO - [get_seasons_info] btf_asins count: 26
2026-05-28 14:50:37,499 - INFO - [get_seasons_info] promotion_urls count: 0
2026-05-28 14:50:37,499 - INFO - [get_seasons_info] Season 'Defiance - Staffel 2' added successfully, episodes: 13, promotions: 0
2026-05-28 14:50:37,499 - INFO - 
2026-05-28 14:50:37,499 - INFO - [get_seasons_info] >>>>>> Processing webpage 3 <<<<<<
2026-05-28 14:50:37,499 - INFO - [get_seasons_info] Webpage length: 925829 characters
2026-05-28 14:50:37,500 - INFO - [get_seasons_info] Extracted ID from pageTitleId: B09ZQPQRG5
2026-05-28 14:50:37,505 - INFO - Parsing hydration-data script data for seasons (normalized)
2026-05-28 14:50:37,506 - INFO - [get_seasons_info] JSON parsed successfully, top-level keys: ['props']
2026-05-28 14:50:37,506 - INFO - [get_seasons_info] Using Script JSON parsing method...
2026-05-28 14:50:37,506 - INFO - ============================================================
2026-05-28 14:50:37,507 - INFO - [get_season_detail_script] Starting to parse season details...
2026-05-28 14:50:37,507 - INFO - [get_season_detail_script] Found 'props' node
2026-05-28 14:50:37,507 - INFO - [get_season_detail_script] Found 'body' node, contains 1 items
2026-05-28 14:50:37,507 - INFO - [get_season_detail_script] body[0] found 'atf' node
2026-05-28 14:50:37,507 - INFO - [get_season_detail_script] Found 'headerDetail', contains 1 keys
2026-05-28 14:50:37,507 - INFO - [get_season_detail_script] parentTitle = Defiance
2026-05-28 14:50:37,507 - INFO - [get_season_detail_script] title = Defiance
2026-05-28 14:50:37,508 - INFO - [get_season_detail_script] releaseYear = 2015
2026-05-28 14:50:37,508 - INFO - [get_season_detail_script] seasonNumber = 3
2026-05-28 14:50:37,508 - INFO - [get_season_detail_script] body[0] found 'btf' node
2026-05-28 14:50:37,508 - INFO - [get_season_detail_script] total_episodes = 13
2026-05-28 14:50:37,508 - INFO - [get_season_detail_script] Parse complete, result: {"parentTitle": "Defiance", "title": "Defiance", "releaseYear": 2015, "seasonNumber": 3, "total_episodes": 13}
2026-05-28 14:50:37,508 - INFO - ============================================================
2026-05-28 14:50:37,508 - INFO - [get_seasons_info] Parsed season details:
2026-05-28 14:50:37,509 - INFO -   - parentTitle: Defiance
2026-05-28 14:50:37,509 - INFO -   - season_name: Defiance
2026-05-28 14:50:37,509 - INFO -   - release_time: 2015
2026-05-28 14:50:37,509 - INFO -   - season_number: 3
2026-05-28 14:50:37,509 - INFO -   - total_episodes: 13
2026-05-28 14:50:37,509 - INFO - ============================================================
2026-05-28 14:50:37,509 - INFO - [get_all_episodes_script] Starting to parse all episodes...
2026-05-28 14:50:37,509 - INFO - [get_all_episodes_script] body[0] found 'btf' node
2026-05-28 14:50:37,509 - INFO - [get_all_episodes_script] Found 14 episode details
2026-05-28 14:50:37,510 - INFO - [get_all_episodes_script] Episode 1: Die Welt, die wir erobern (ID: B09YS56T1V)
2026-05-28 14:50:37,510 - INFO - [get_all_episodes_script] Episode 2: Die letzten Einhörner (ID: B09XQSQLML)
2026-05-28 14:50:37,510 - INFO - [get_all_episodes_script] Episode 3: Zerbrochener Zweig (ID: B09PQB5FFD)
2026-05-28 14:50:37,510 - INFO - [get_all_episodes_script] Episode 4: Tote Luft (ID: B09Q5LMQW1)
2026-05-28 14:50:37,510 - INFO - [get_all_episodes_script] Episode 5: Splitter der Vergangenheit (ID: B0B49VMRW4)
2026-05-28 14:50:37,510 - INFO - [get_all_episodes_script] Episode 6: Wohin die Äpfel fallen (ID: B09V8BR9L5)
2026-05-28 14:50:37,510 - INFO - [get_all_episodes_script] Episode 7: Die Schönheit unserer Waffen (ID: B0B3J3TFWN)
2026-05-28 14:50:37,510 - INFO - [get_all_episodes_script] Episode 8: Ich bin Datak Tarr und ich bin hier, um Dich zu töten (ID: B0B3TBL7W6)
2026-05-28 14:50:37,511 - INFO - [get_all_episodes_script] Episode 9: Ostinato in Weiß (ID: B09KHJPQVW)
2026-05-28 14:50:37,511 - INFO - [get_all_episodes_script] Episode 10: Wenn die Dämmerung den Himmel verdunkelt (ID: B0B433F6HR)
2026-05-28 14:50:37,511 - INFO - [get_all_episodes_script] Episode 11: Ein Dämon vor meinen Augen (ID: B09WHQ6HHD)
2026-05-28 14:50:37,511 - INFO - [get_all_episodes_script] Episode 12: Das Erwachen (ID: B09V9P6446)
2026-05-28 14:50:37,511 - INFO - [get_all_episodes_script] Episode 13: Nun, so sterben wir im Sturmschritt (ID: B09YQSDL2J)
2026-05-28 14:50:37,511 - INFO - [get_all_episodes_script] Episode 0: Defiance (ID: B09ZQPQRG5)
2026-05-28 14:50:37,511 - INFO - [get_all_episodes_script] Found playable episode (new structure): B09YS56T1V
2026-05-28 14:50:37,511 - INFO - [get_all_episodes_script] Found playable episode (new structure): B09XQSQLML
2026-05-28 14:50:37,511 - INFO - [get_all_episodes_script] Found playable episode (new structure): B09PQB5FFD
2026-05-28 14:50:37,511 - INFO - [get_all_episodes_script] Found playable episode (new structure): B09Q5LMQW1
2026-05-28 14:50:37,511 - INFO - [get_all_episodes_script] Found playable episode (new structure): B0B49VMRW4
2026-05-28 14:50:37,511 - INFO - [get_all_episodes_script] Found playable episode (new structure): B09V8BR9L5
2026-05-28 14:50:37,511 - INFO - [get_all_episodes_script] Found playable episode (new structure): B0B3J3TFWN
2026-05-28 14:50:37,511 - INFO - [get_all_episodes_script] Found playable episode (new structure): B0B3TBL7W6
2026-05-28 14:50:37,511 - INFO - [get_all_episodes_script] Found playable episode (new structure): B09KHJPQVW
2026-05-28 14:50:37,512 - INFO - [get_all_episodes_script] Found playable episode (new structure): B0B433F6HR
2026-05-28 14:50:37,512 - INFO - [get_all_episodes_script] Found playable episode (new structure): B09WHQ6HHD
2026-05-28 14:50:37,512 - INFO - [get_all_episodes_script] Found playable episode (new structure): B09V9P6446
2026-05-28 14:50:37,512 - INFO - [get_all_episodes_script] Found playable episode (new structure): B09YQSDL2J
2026-05-28 14:50:37,512 - INFO - [get_all_episodes_script] Found 13 playable episode action_keys
2026-05-28 14:50:37,512 - INFO - [get_all_episodes_script] Total parsed 14 episode details
2026-05-28 14:50:37,512 - INFO - [get_all_episodes_script] Filtered playable episodes count: 13
2026-05-28 14:50:37,512 - INFO - ============================================================
2026-05-28 14:50:37,512 - INFO - [get_seasons_info] get_all_episodes_script returned 13 episodes
2026-05-28 14:50:37,512 - INFO - ============================================================
2026-05-28 14:50:37,512 - INFO - [get_episodes_script] Starting to filter episode list...
2026-05-28 14:50:37,512 - INFO - [get_episodes_script] Input episodes count: 13
2026-05-28 14:50:37,512 - INFO - [get_episodes_script] Found 'episodeList' node
2026-05-28 14:50:37,512 - INFO - [get_episodes_script] totalCardSize = 13
2026-05-28 14:50:37,513 - INFO - [get_episodes_script] cardTitleIds count: 13
2026-05-28 14:50:37,513 - INFO - [get_episodes_script] cardTitleIds: ['B09YS56T1V', 'B09XQSQLML', 'B09PQB5FFD', 'B09Q5LMQW1', 'B0B49VMRW4', 'B09V8BR9L5', 'B0B3J3TFWN', 'B0B3TBL7W6', 'B09KHJPQVW', 'B0B433F6HR', 'B09WHQ6HHD', 'B09V9P6446', 'B09YQSDL2J']
2026-05-28 14:50:37,513 - INFO - [get_episodes_script] Matched episode (episodeId): Die Welt, die wir erobern
2026-05-28 14:50:37,513 - INFO - [get_episodes_script] Matched episode (episodeId): Die letzten Einhörner
2026-05-28 14:50:37,513 - INFO - [get_episodes_script] Matched episode (episodeId): Zerbrochener Zweig
2026-05-28 14:50:37,513 - INFO - [get_episodes_script] Matched episode (episodeId): Tote Luft
2026-05-28 14:50:37,513 - INFO - [get_episodes_script] Matched episode (episodeId): Splitter der Vergangenheit
2026-05-28 14:50:37,513 - INFO - [get_episodes_script] Matched episode (episodeId): Wohin die Äpfel fallen
2026-05-28 14:50:37,513 - INFO - [get_episodes_script] Matched episode (episodeId): Die Schönheit unserer Waffen
2026-05-28 14:50:37,513 - INFO - [get_episodes_script] Matched episode (episodeId): Ich bin Datak Tarr und ich bin hier, um Dich zu töten
2026-05-28 14:50:37,513 - INFO - [get_episodes_script] Matched episode (episodeId): Ostinato in Weiß
2026-05-28 14:50:37,513 - INFO - [get_episodes_script] Matched episode (episodeId): Wenn die Dämmerung den Himmel verdunkelt
2026-05-28 14:50:37,513 - INFO - [get_episodes_script] Matched episode (episodeId): Ein Dämon vor meinen Augen
2026-05-28 14:50:37,513 - INFO - [get_episodes_script] Matched episode (episodeId): Das Erwachen
2026-05-28 14:50:37,513 - INFO - [get_episodes_script] Matched episode (episodeId): Nun, so sterben wir im Sturmschritt
2026-05-28 14:50:37,514 - INFO - [get_episodes_script] Final episodes count: 13
2026-05-28 14:50:37,514 - INFO - ============================================================
2026-05-28 14:50:37,514 - INFO - [get_seasons_info] get_episodes_script returned 13 episodes
2026-05-28 14:50:37,514 - INFO - [get_seasons_info] get_extras_script returned 0 extras categories
2026-05-28 14:50:37,518 - INFO - [get_seasons_info] atf_asins count: 2
2026-05-28 14:50:37,518 - INFO - [get_seasons_info] btf_asins count: 26
2026-05-28 14:50:37,518 - INFO - [get_seasons_info] promotion_urls count: 0
2026-05-28 14:50:37,518 - INFO - [get_seasons_info] Season 'Defiance' added successfully, episodes: 13, promotions: 0
2026-05-28 14:50:37,518 - INFO - 
2026-05-28 14:50:37,518 - INFO - [get_seasons_info] ========== Parse Complete ==========
2026-05-28 14:50:37,518 - INFO - [get_seasons_info] Total parsed 3 seasons
2026-05-28 14:50:37,519 - INFO -   Season 1: Defiance - Defiance (13 episodes)
2026-05-28 14:50:37,519 - INFO -   Season 2: Defiance - Defiance - Staffel 2 (13 episodes)
2026-05-28 14:50:37,519 - INFO -   Season 3: Defiance - Defiance (13 episodes)
2026-05-28 14:50:49,498 - INFO - === amazon_is_meta start ===
2026-05-28 14:50:49,499 - INFO - input_file: H:/streamfab/outputTemp/amazonIsMetaPageTempIn.tmp
2026-05-28 14:50:49,499 - INFO - output_file: H:/streamfab/outputTemp/amazonIsMetaPageTempOut.tmp
2026-05-28 14:50:50,511 - INFO - read webpage, length: 1816023
2026-05-28 14:50:51,026 - INFO - parsed webpage with html5lib
2026-05-28 14:50:51,032 - INFO - main_element found: False
2026-05-28 14:50:51,033 - WARNING - main_element not found (id='main', data-testid='detailpage-main')
2026-05-28 14:50:51,054 - INFO - No block with pageTitleId+catalogId found
2026-05-28 14:50:51,054 - INFO - result: is_meta=False, media_type=movie, pageTitleId=None
2026-05-28 14:50:51,054 - INFO - wrote result to H:/streamfab/outputTemp/amazonIsMetaPageTempOut.tmp
2026-05-28 14:50:51,054 - INFO - === amazon_is_meta complete ===
2026-06-01 22:28:54,769 - INFO - === amazon_is_meta start ===
2026-06-01 22:28:55,042 - INFO - input_file: H:/streamfab/outputTemp/amazonIsMetaPageTempIn.tmp
2026-06-01 22:28:55,042 - INFO - output_file: H:/streamfab/outputTemp/amazonIsMetaPageTempOut.tmp
2026-06-01 22:28:55,735 - INFO - read webpage, length: 1820950
2026-06-01 22:28:56,264 - INFO - parsed webpage with html5lib
2026-06-01 22:28:56,270 - INFO - main_element found: False
2026-06-01 22:28:56,270 - WARNING - main_element not found (id='main', data-testid='detailpage-main')
2026-06-01 22:28:56,286 - INFO - No block with pageTitleId+catalogId found
2026-06-01 22:28:56,287 - INFO - result: is_meta=False, media_type=movie, pageTitleId=None
2026-06-01 22:28:56,287 - INFO - wrote result to H:/streamfab/outputTemp/amazonIsMetaPageTempOut.tmp
2026-06-01 22:28:56,287 - INFO - === amazon_is_meta complete ===
2026-06-01 22:29:33,747 - INFO - === amazon_is_meta start ===
2026-06-01 22:29:33,748 - INFO - input_file: H:/streamfab/outputTemp/amazonIsMetaPageTempIn.tmp
2026-06-01 22:29:33,748 - INFO - output_file: H:/streamfab/outputTemp/amazonIsMetaPageTempOut.tmp
2026-06-01 22:29:34,099 - INFO - read webpage, length: 443771
2026-06-01 22:29:34,327 - INFO - parsed webpage with html5lib
2026-06-01 22:29:34,330 - INFO - main_element found: False
2026-06-01 22:29:34,330 - WARNING - main_element not found (id='main', data-testid='detailpage-main')
2026-06-01 22:29:34,339 - INFO - No block with pageTitleId+catalogId found
2026-06-01 22:29:34,340 - INFO - result: is_meta=False, media_type=movie, pageTitleId=None
2026-06-01 22:29:34,340 - INFO - wrote result to H:/streamfab/outputTemp/amazonIsMetaPageTempOut.tmp
2026-06-01 22:29:34,340 - INFO - === amazon_is_meta complete ===
2026-06-01 22:29:36,151 - INFO - === amazon_is_meta start ===
2026-06-01 22:29:36,151 - INFO - input_file: H:/streamfab/outputTemp/amazonIsMetaPageTempIn.tmp
2026-06-01 22:29:36,151 - INFO - output_file: H:/streamfab/outputTemp/amazonIsMetaPageTempOut.tmp
2026-06-01 22:29:36,875 - INFO - read webpage, length: 435648
2026-06-01 22:29:37,101 - INFO - parsed webpage with html5lib
2026-06-01 22:29:37,104 - INFO - main_element found: False
2026-06-01 22:29:37,104 - WARNING - main_element not found (id='main', data-testid='detailpage-main')
2026-06-01 22:29:37,113 - INFO - No block with pageTitleId+catalogId found
2026-06-01 22:29:37,113 - INFO - result: is_meta=False, media_type=movie, pageTitleId=None
2026-06-01 22:29:37,114 - INFO - wrote result to H:/streamfab/outputTemp/amazonIsMetaPageTempOut.tmp
2026-06-01 22:29:37,114 - INFO - === amazon_is_meta complete ===
2026-06-01 22:32:49,466 - INFO - === amazon_is_meta start ===
2026-06-01 22:32:49,504 - INFO - input_file: H:/streamfab/outputTemp/amazonIsMetaPageTempIn.tmp
2026-06-01 22:32:49,504 - INFO - output_file: H:/streamfab/outputTemp/amazonIsMetaPageTempOut.tmp
2026-06-01 22:32:50,636 - INFO - read webpage, length: 750104
2026-06-01 22:32:50,997 - INFO - parsed webpage with html5lib
2026-06-01 22:32:50,999 - INFO - main_element found: True
2026-06-01 22:32:51,013 - INFO - e_synopsis (.dv-dp-node-synopsis): 1
2026-06-01 22:32:51,013 - INFO - is_meta=True (synopsis: 1)
2026-06-01 22:32:51,025 - INFO - e_live (live-state-badge): 0
2026-06-01 22:32:51,038 - INFO - e_episodes ({'data-testid': 'episode-list-item'}): 10
2026-06-01 22:32:51,075 - INFO - Found hydration-data block, pageTitleId=B0G7L4V5KY
2026-06-01 22:32:51,076 - INFO - result: is_meta=True, media_type=show, pageTitleId=B0G7L4V5KY
2026-06-01 22:32:51,079 - INFO - wrote result to H:/streamfab/outputTemp/amazonIsMetaPageTempOut.tmp
2026-06-01 22:32:51,079 - INFO - === amazon_is_meta complete ===
2026-06-01 22:32:53,062 - WARNING - No season urls found - trying '.dv-node-dp-seasons a'...
2026-06-01 22:32:53,096 - WARNING - No season urls found - trying '.dv-node-dp-seasons-default a'...
2026-06-01 22:32:53,130 - INFO - amazon_get_season_urls complete...
2026-06-01 22:32:55,057 - INFO - get_real_url complete...
2026-06-01 22:32:56,613 - INFO - Parsed hydration-data script data
2026-06-01 22:32:56,615 - INFO - get_meta_info complete...
2026-06-01 22:32:58,166 - INFO - [get_seasons_info] ========== Starting to parse season info ==========
2026-06-01 22:32:58,166 - INFO - [get_seasons_info] Input webpages count: 1
2026-06-01 22:32:58,166 - INFO - 
2026-06-01 22:32:58,166 - INFO - [get_seasons_info] >>>>>> Processing webpage 1 <<<<<<
2026-06-01 22:32:58,167 - INFO - [get_seasons_info] Webpage length: 750104 characters
2026-06-01 22:32:58,167 - INFO - [get_seasons_info] Extracted ID from pageTitleId: B0G7L4V5KY
2026-06-01 22:32:58,170 - INFO - Parsing hydration-data script data for seasons (normalized)
2026-06-01 22:32:58,170 - INFO - [get_seasons_info] JSON parsed successfully, top-level keys: ['props']
2026-06-01 22:32:58,170 - INFO - [get_seasons_info] Using Script JSON parsing method...
2026-06-01 22:32:58,170 - INFO - ============================================================
2026-06-01 22:32:58,170 - INFO - [get_season_detail_script] Starting to parse season details...
2026-06-01 22:32:58,170 - INFO - [get_season_detail_script] Found 'props' node
2026-06-01 22:32:58,170 - INFO - [get_season_detail_script] Found 'body' node, contains 1 items
2026-06-01 22:32:58,170 - INFO - [get_season_detail_script] body[0] found 'atf' node
2026-06-01 22:32:58,170 - INFO - [get_season_detail_script] Found 'headerDetail', contains 1 keys
2026-06-01 22:32:58,171 - INFO - [get_season_detail_script] parentTitle = Robin Hood
2026-06-01 22:32:58,171 - INFO - [get_season_detail_script] title = Robin Hood
2026-06-01 22:32:58,171 - INFO - [get_season_detail_script] releaseYear = 2025
2026-06-01 22:32:58,171 - INFO - [get_season_detail_script] seasonNumber = 1
2026-06-01 22:32:58,171 - INFO - [get_season_detail_script] body[0] found 'btf' node
2026-06-01 22:32:58,171 - INFO - [get_season_detail_script] total_episodes = 10
2026-06-01 22:32:58,171 - INFO - [get_season_detail_script] Parse complete, result: {"parentTitle": "Robin Hood", "title": "Robin Hood", "releaseYear": 2025, "seasonNumber": 1, "total_episodes": 10}
2026-06-01 22:32:58,171 - INFO - ============================================================
2026-06-01 22:32:58,171 - INFO - [get_seasons_info] Parsed season details:
2026-06-01 22:32:58,171 - INFO -   - parentTitle: Robin Hood
2026-06-01 22:32:58,172 - INFO -   - season_name: Robin Hood
2026-06-01 22:32:58,172 - INFO -   - release_time: 2025
2026-06-01 22:32:58,172 - INFO -   - season_number: 1
2026-06-01 22:32:58,172 - INFO -   - total_episodes: 10
2026-06-01 22:32:58,172 - INFO - ============================================================
2026-06-01 22:32:58,172 - INFO - [get_all_episodes_script] Starting to parse all episodes...
2026-06-01 22:32:58,172 - INFO - [get_all_episodes_script] body[0] found 'btf' node
2026-06-01 22:32:58,172 - INFO - [get_all_episodes_script] Found 11 episode details
2026-06-01 22:32:58,172 - INFO - [get_all_episodes_script] Episode 1: Ich sehe ihn (ID: B0GCPGVTDG)
2026-06-01 22:32:58,172 - INFO - [get_all_episodes_script] Episode 2: Ein abscheulicher Teufel (ID: B0G4SZH2TG)
2026-06-01 22:32:58,172 - INFO - [get_all_episodes_script] Episode 3: Niemand kann sich ewig verstecken (ID: B0FVGHBXKW)
2026-06-01 22:32:58,172 - INFO - [get_all_episodes_script] Episode 4: Der Grund für diese Unruhen (ID: B0FZYT84YM)
2026-06-01 22:32:58,172 - INFO - [get_all_episodes_script] Episode 5: Geh Zurück Zu Ihnen (ID: B0GC78CN3X)
2026-06-01 22:32:58,172 - INFO - [get_all_episodes_script] Episode 6: Verbunden durch Liebe, getrennt durch Lügen (ID: B0GCKHL48Z)
2026-06-01 22:32:58,173 - INFO - [get_all_episodes_script] Episode 7: Diebe mit einem Ziel (ID: B0GCKF8PSZ)
2026-06-01 22:32:58,173 - INFO - [get_all_episodes_script] Episode 8: Der wahre Preis des Widerstands (ID: B0G374N8KN)
2026-06-01 22:32:58,173 - INFO - [get_all_episodes_script] Episode 9: Ich wähle dich (ID: B0FX3HBZ5Q)
2026-06-01 22:32:58,173 - INFO - [get_all_episodes_script] Episode 10: Ein Feind fällt, ein anderer erhebt sich (ID: B0GFBZHLRG)
2026-06-01 22:32:58,173 - INFO - [get_all_episodes_script] Episode 0: Robin Hood (ID: B0G7L4V5KY)
2026-06-01 22:32:58,173 - INFO - [get_all_episodes_script] Found 0 playable episode action_keys
2026-06-01 22:32:58,173 - INFO - [get_all_episodes_script] Total parsed 11 episode details
2026-06-01 22:32:58,173 - INFO - [get_all_episodes_script] Filtered playable episodes count: 0
2026-06-01 22:32:58,173 - INFO - ============================================================
2026-06-01 22:32:58,173 - INFO - [get_seasons_info] get_all_episodes_script returned 0 episodes
2026-06-01 22:32:58,173 - INFO - ============================================================
2026-06-01 22:32:58,173 - INFO - [get_episodes_script] Starting to filter episode list...
2026-06-01 22:32:58,173 - INFO - [get_episodes_script] Input episodes count: 0
2026-06-01 22:32:58,173 - INFO - [get_episodes_script] Found 'episodeList' node
2026-06-01 22:32:58,173 - INFO - [get_episodes_script] totalCardSize = 10
2026-06-01 22:32:58,174 - INFO - [get_episodes_script] cardTitleIds count: 10
2026-06-01 22:32:58,174 - INFO - [get_episodes_script] cardTitleIds: ['B0GCPGVTDG', 'B0G4SZH2TG', 'B0FVGHBXKW', 'B0FZYT84YM', 'B0GC78CN3X', 'B0GCKHL48Z', 'B0GCKF8PSZ', 'B0G374N8KN', 'B0FX3HBZ5Q', 'B0GFBZHLRG']
2026-06-01 22:32:58,174 - INFO - [get_episodes_script] Final episodes count: 0
2026-06-01 22:32:58,174 - INFO - ============================================================
2026-06-01 22:32:58,174 - INFO - [get_seasons_info] get_episodes_script returned 0 episodes
2026-06-01 22:32:58,174 - INFO - [get_seasons_info] get_extras_script returned 0 extras categories
2026-06-01 22:32:58,176 - INFO - [get_seasons_info] More episodes need to be loaded (current: 0, total: 10)
2026-06-01 22:32:58,176 - INFO - [get_widget_token] no token found (single-page season or unexpected HTML shape)
2026-06-01 22:32:58,176 - INFO - [get_seasons_info] widget_token: 
2026-06-01 22:32:58,178 - INFO - [get_seasons_info] atf_asins count: 2
2026-06-01 22:32:58,178 - INFO - [get_seasons_info] btf_asins count: 20
2026-06-01 22:32:58,178 - INFO - [get_seasons_info] promotion_urls count: 0
2026-06-01 22:32:58,178 - WARNING - [get_seasons_info] Season 'Robin Hood' has no episodes or promotions, skipped
2026-06-01 22:32:58,178 - INFO - 
2026-06-01 22:32:58,178 - INFO - [get_seasons_info] ========== Parse Complete ==========
2026-06-01 22:32:58,178 - INFO - [get_seasons_info] Total parsed 0 seasons
2026-06-01 22:33:34,303 - INFO - === amazon_is_meta start ===
2026-06-01 22:33:34,304 - INFO - input_file: H:/streamfab/outputTemp/amazonIsMetaPageTempIn.tmp
2026-06-01 22:33:34,304 - INFO - output_file: H:/streamfab/outputTemp/amazonIsMetaPageTempOut.tmp
2026-06-01 22:33:35,046 - INFO - read webpage, length: 443796
2026-06-01 22:33:35,273 - INFO - parsed webpage with html5lib
2026-06-01 22:33:35,276 - INFO - main_element found: False
2026-06-01 22:33:35,276 - WARNING - main_element not found (id='main', data-testid='detailpage-main')
2026-06-01 22:33:35,285 - INFO - No block with pageTitleId+catalogId found
2026-06-01 22:33:35,286 - INFO - result: is_meta=False, media_type=movie, pageTitleId=None
2026-06-01 22:33:35,286 - INFO - wrote result to H:/streamfab/outputTemp/amazonIsMetaPageTempOut.tmp
2026-06-01 22:33:35,286 - INFO - === amazon_is_meta complete ===
2026-06-01 22:33:37,586 - INFO - === amazon_is_meta start ===
2026-06-01 22:33:37,587 - INFO - input_file: H:/streamfab/outputTemp/amazonIsMetaPageTempIn.tmp
2026-06-01 22:33:37,587 - INFO - output_file: H:/streamfab/outputTemp/amazonIsMetaPageTempOut.tmp
2026-06-01 22:33:38,575 - INFO - read webpage, length: 2005196
2026-06-01 22:33:39,327 - INFO - parsed webpage with html5lib
2026-06-01 22:33:39,330 - INFO - main_element found: True
2026-06-01 22:33:39,378 - INFO - e_synopsis (.dv-dp-node-synopsis): 1
2026-06-01 22:33:39,378 - INFO - is_meta=True (synopsis: 1)
2026-06-01 22:33:39,405 - INFO - e_live (live-state-badge): 0
2026-06-01 22:33:39,432 - INFO - e_episodes ({'data-testid': 'episode-list-item'}): 20
2026-06-01 22:33:39,460 - INFO - Found hydration-data block, pageTitleId=B0C59JQN6F
2026-06-01 22:33:39,462 - INFO - result: is_meta=True, media_type=show, pageTitleId=B0C59JQN6F
2026-06-01 22:33:39,471 - INFO - wrote result to H:/streamfab/outputTemp/amazonIsMetaPageTempOut.tmp
2026-06-01 22:33:39,471 - INFO - === amazon_is_meta complete ===
2026-06-01 22:33:42,315 - INFO - amazon_get_season_urls complete...
2026-06-01 22:33:44,921 - INFO - get_real_url complete...
2026-06-01 22:33:48,891 - INFO - get_real_url complete...
2026-06-01 22:33:52,803 - INFO - get_real_url complete...
2026-06-01 22:33:56,635 - INFO - get_real_url complete...
2026-06-01 22:34:00,597 - INFO - get_real_url complete...
2026-06-01 22:34:04,440 - INFO - get_real_url complete...
2026-06-01 22:34:06,310 - INFO - Parsed hydration-data script data
2026-06-01 22:34:06,314 - INFO - get_meta_info complete...
2026-06-01 22:34:08,320 - INFO - [get_seasons_info] ========== Starting to parse season info ==========
2026-06-01 22:34:08,321 - INFO - [get_seasons_info] Input webpages count: 5
2026-06-01 22:34:08,321 - INFO - 
2026-06-01 22:34:08,321 - INFO - [get_seasons_info] >>>>>> Processing webpage 1 <<<<<<
2026-06-01 22:34:08,321 - INFO - [get_seasons_info] Webpage length: 2030761 characters
2026-06-01 22:34:08,323 - INFO - [get_seasons_info] Extracted ID from pageTitleId: B0C59JQN6F
2026-06-01 22:34:08,334 - INFO - Parsing hydration-data script data for seasons (normalized)
2026-06-01 22:34:08,334 - INFO - [get_seasons_info] JSON parsed successfully, top-level keys: ['props']
2026-06-01 22:34:08,334 - INFO - [get_seasons_info] Using Script JSON parsing method...
2026-06-01 22:34:08,334 - INFO - ============================================================
2026-06-01 22:34:08,334 - INFO - [get_season_detail_script] Starting to parse season details...
2026-06-01 22:34:08,335 - INFO - [get_season_detail_script] Found 'props' node
2026-06-01 22:34:08,335 - INFO - [get_season_detail_script] Found 'body' node, contains 1 items
2026-06-01 22:34:08,335 - INFO - [get_season_detail_script] body[0] found 'atf' node
2026-06-01 22:34:08,335 - INFO - [get_season_detail_script] Found 'headerDetail', contains 1 keys
2026-06-01 22:34:08,335 - INFO - [get_season_detail_script] parentTitle = Stargate Atlantis [dt./OV]
2026-06-01 22:34:08,335 - INFO - [get_season_detail_script] title = Stargate Atlantis - Staffel 1 [dt./OV]
2026-06-01 22:34:08,335 - INFO - [get_season_detail_script] releaseYear = 2005
2026-06-01 22:34:08,335 - INFO - [get_season_detail_script] seasonNumber = 1
2026-06-01 22:34:08,335 - INFO - [get_season_detail_script] body[0] found 'btf' node
2026-06-01 22:34:08,335 - INFO - [get_season_detail_script] total_episodes = 20
2026-06-01 22:34:08,335 - INFO - [get_season_detail_script] Parse complete, result: {"parentTitle": "Stargate Atlantis [dt./OV]", "title": "Stargate Atlantis - Staffel 1 [dt./OV]", "releaseYear": 2005, "seasonNumber": 1, "total_episodes": 20}
2026-06-01 22:34:08,335 - INFO - ============================================================
2026-06-01 22:34:08,335 - INFO - [get_seasons_info] Parsed season details:
2026-06-01 22:34:08,335 - INFO -   - parentTitle: Stargate Atlantis [dt./OV]
2026-06-01 22:34:08,336 - INFO -   - season_name: Stargate Atlantis - Staffel 1 [dt./OV]
2026-06-01 22:34:08,336 - INFO -   - release_time: 2005
2026-06-01 22:34:08,336 - INFO -   - season_number: 1
2026-06-01 22:34:08,336 - INFO -   - total_episodes: 20
2026-06-01 22:34:08,336 - INFO - ============================================================
2026-06-01 22:34:08,336 - INFO - [get_all_episodes_script] Starting to parse all episodes...
2026-06-01 22:34:08,336 - INFO - [get_all_episodes_script] body[0] found 'btf' node
2026-06-01 22:34:08,336 - INFO - [get_all_episodes_script] Found 21 episode details
2026-06-01 22:34:08,336 - INFO - [get_all_episodes_script] Episode 1: Aufbruch in eine neue Welt Teil 1 (ID: B0FXZ6TGCM)
2026-06-01 22:34:08,336 - INFO - [get_all_episodes_script] Episode 2: Aufbruch in eine neue Welt Teil 2 (ID: B0FWYLNV24)
2026-06-01 22:34:08,336 - INFO - [get_all_episodes_script] Episode 3: Dunkle Schatten (ID: B0C59LVFDZ)
2026-06-01 22:34:08,336 - INFO - [get_all_episodes_script] Episode 4: 38 Minuten (ID: B0C59KN8TK)
2026-06-01 22:34:08,337 - INFO - [get_all_episodes_script] Episode 5: Unter Verdacht (ID: B0FWY5WSKY)
2026-06-01 22:34:08,337 - INFO - [get_all_episodes_script] Episode 6: Selbstopfer (ID: B0C59KQX19)
2026-06-01 22:34:08,337 - INFO - [get_all_episodes_script] Episode 7: Tödliche Verteidigung (ID: B0FVLF3RNK)
2026-06-01 22:34:08,337 - INFO - [get_all_episodes_script] Episode 8: Im Untergrund (ID: B0FVFCKBDG)
2026-06-01 22:34:08,337 - INFO - [get_all_episodes_script] Episode 9: Zurück auf die Erde (ID: B0C59L624P)
2026-06-01 22:34:08,337 - INFO - [get_all_episodes_script] Episode 10: Der Sturm (ID: B0FVGMBLDZ)
2026-06-01 22:34:08,337 - INFO - [get_all_episodes_script] Episode 11: Das Auge (ID: B0C59K7WRK)
2026-06-01 22:34:08,337 - INFO - [get_all_episodes_script] Episode 12: Der Überlebende (ID: B0C59LJJDY)
2026-06-01 22:34:08,337 - INFO - [get_all_episodes_script] Episode 13: Hot Zone (ID: B0C59LLCNF)
2026-06-01 22:34:08,337 - INFO - [get_all_episodes_script] Episode 14: Chaya (ID: B09R9SQHDH)
2026-06-01 22:34:08,337 - INFO - [get_all_episodes_script] Episode 15: 10.000 Jahre (ID: B0C59LLCNS)
2026-06-01 22:34:08,337 - INFO - [get_all_episodes_script] Episode 16: Bruderschaft (ID: B0FVLKYVCG)
2026-06-01 22:34:08,337 - INFO - [get_all_episodes_script] Episode 17: Letters From Pegasus (ID: B0FWYKZW4T)
2026-06-01 22:34:08,337 - INFO - [get_all_episodes_script] Episode 18: Die Gabe (ID: B0FWK1D7YP)
2026-06-01 22:34:08,338 - INFO - [get_all_episodes_script] Episode 19: Die Belagerung Teil 1 (ID: B0FWYPPTGN)
2026-06-01 22:34:08,338 - INFO - [get_all_episodes_script] Episode 20: Die Belagerung Teil 2 (ID: B0FWXJQCWL)
2026-06-01 22:34:08,338 - INFO - [get_all_episodes_script] Episode 0: Stargate Atlantis - Staffel 1 [dt./OV] (ID: B0C59JQN6F)
2026-06-01 22:34:08,338 - INFO - [get_all_episodes_script] Found playable episode (new structure): B0FXZ6TGCM
2026-06-01 22:34:08,338 - INFO - [get_all_episodes_script] Found 1 playable episode action_keys
2026-06-01 22:34:08,338 - INFO - [get_all_episodes_script] Total parsed 21 episode details
2026-06-01 22:34:08,338 - INFO - [get_all_episodes_script] Filtered playable episodes count: 1
2026-06-01 22:34:08,338 - INFO - ============================================================
2026-06-01 22:34:08,338 - INFO - [get_seasons_info] get_all_episodes_script returned 1 episodes
2026-06-01 22:34:08,338 - INFO - ============================================================
2026-06-01 22:34:08,338 - INFO - [get_episodes_script] Starting to filter episode list...
2026-06-01 22:34:08,338 - INFO - [get_episodes_script] Input episodes count: 1
2026-06-01 22:34:08,338 - INFO - [get_episodes_script] Found 'episodeList' node
2026-06-01 22:34:08,339 - INFO - [get_episodes_script] totalCardSize = 20
2026-06-01 22:34:08,339 - INFO - [get_episodes_script] cardTitleIds count: 20
2026-06-01 22:34:08,339 - INFO - [get_episodes_script] cardTitleIds: ['B0FXZ6TGCM', 'B0FWYLNV24', 'B0C59LVFDZ', 'B0C59KN8TK', 'B0FWY5WSKY', 'B0C59KQX19', 'B0FVLF3RNK', 'B0FVFCKBDG', 'B0C59L624P', 'B0FVGMBLDZ', 'B0C59K7WRK', 'B0C59LJJDY', 'B0C59LLCNF', 'B09R9SQHDH', 'B0C59LLCNS', 'B0FVLKYVCG', 'B0FWYKZW4T', 'B0FWK1D7YP', 'B0FWYPPTGN', 'B0FWXJQCWL']
2026-06-01 22:34:08,339 - INFO - [get_episodes_script] Matched episode (episodeId): Aufbruch in eine neue Welt Teil 1
2026-06-01 22:34:08,339 - INFO - [get_episodes_script] Final episodes count: 1
2026-06-01 22:34:08,339 - INFO - ============================================================
2026-06-01 22:34:08,339 - INFO - [get_seasons_info] get_episodes_script returned 1 episodes
2026-06-01 22:34:08,339 - INFO - [get_seasons_info] get_extras_script returned 0 extras categories
2026-06-01 22:34:08,348 - INFO - [get_seasons_info] More episodes need to be loaded (current: 1, total: 20)
2026-06-01 22:34:08,348 - INFO - [get_widget_token] no token found (single-page season or unexpected HTML shape)
2026-06-01 22:34:08,348 - INFO - [get_seasons_info] widget_token: 
2026-06-01 22:34:08,357 - INFO - [get_seasons_info] atf_asins count: 2
2026-06-01 22:34:08,357 - INFO - [get_seasons_info] btf_asins count: 40
2026-06-01 22:34:08,357 - INFO - [get_seasons_info] promotion_urls count: 0
2026-06-01 22:34:08,358 - INFO - [get_seasons_info] Season 'Stargate Atlantis - Staffel 1 [dt./OV]' added successfully, episodes: 1, promotions: 0
2026-06-01 22:34:08,358 - INFO - 
2026-06-01 22:34:08,358 - INFO - [get_seasons_info] >>>>>> Processing webpage 2 <<<<<<
2026-06-01 22:34:08,358 - INFO - [get_seasons_info] Webpage length: 2023174 characters
2026-06-01 22:34:08,359 - INFO - [get_seasons_info] Extracted ID from pageTitleId: B0C59KBDRM
2026-06-01 22:34:08,370 - INFO - Parsing hydration-data script data for seasons (normalized)
2026-06-01 22:34:08,372 - INFO - [get_seasons_info] JSON parsed successfully, top-level keys: ['props']
2026-06-01 22:34:08,372 - INFO - [get_seasons_info] Using Script JSON parsing method...
2026-06-01 22:34:08,372 - INFO - ============================================================
2026-06-01 22:34:08,372 - INFO - [get_season_detail_script] Starting to parse season details...
2026-06-01 22:34:08,372 - INFO - [get_season_detail_script] Found 'props' node
2026-06-01 22:34:08,372 - INFO - [get_season_detail_script] Found 'body' node, contains 1 items
2026-06-01 22:34:08,372 - INFO - [get_season_detail_script] body[0] found 'atf' node
2026-06-01 22:34:08,372 - INFO - [get_season_detail_script] Found 'headerDetail', contains 1 keys
2026-06-01 22:34:08,372 - INFO - [get_season_detail_script] parentTitle = Stargate Atlantis [dt./OV]
2026-06-01 22:34:08,372 - INFO - [get_season_detail_script] title = Stargate Atlantis - Staffel 2 [dt./OV]
2026-06-01 22:34:08,373 - INFO - [get_season_detail_script] releaseYear = 2005
2026-06-01 22:34:08,373 - INFO - [get_season_detail_script] seasonNumber = 2
2026-06-01 22:34:08,373 - INFO - [get_season_detail_script] body[0] found 'btf' node
2026-06-01 22:34:08,373 - INFO - [get_season_detail_script] total_episodes = 20
2026-06-01 22:34:08,373 - INFO - [get_season_detail_script] Parse complete, result: {"parentTitle": "Stargate Atlantis [dt./OV]", "title": "Stargate Atlantis - Staffel 2 [dt./OV]", "releaseYear": 2005, "seasonNumber": 2, "total_episodes": 20}
2026-06-01 22:34:08,373 - INFO - ============================================================
2026-06-01 22:34:08,373 - INFO - [get_seasons_info] Parsed season details:
2026-06-01 22:34:08,373 - INFO -   - parentTitle: Stargate Atlantis [dt./OV]
2026-06-01 22:34:08,373 - INFO -   - season_name: Stargate Atlantis - Staffel 2 [dt./OV]
2026-06-01 22:34:08,373 - INFO -   - release_time: 2005
2026-06-01 22:34:08,373 - INFO -   - season_number: 2
2026-06-01 22:34:08,373 - INFO -   - total_episodes: 20
2026-06-01 22:34:08,373 - INFO - ============================================================
2026-06-01 22:34:08,373 - INFO - [get_all_episodes_script] Starting to parse all episodes...
2026-06-01 22:34:08,373 - INFO - [get_all_episodes_script] body[0] found 'btf' node
2026-06-01 22:34:08,374 - INFO - [get_all_episodes_script] Found 21 episode details
2026-06-01 22:34:08,374 - INFO - [get_all_episodes_script] Episode 1: Die Belagerung, Teil 3 (ID: B0C59MSZDZ)
2026-06-01 22:34:08,374 - INFO - [get_all_episodes_script] Episode 2: Der Eindringling (ID: B0FVDG7LMN)
2026-06-01 22:34:08,374 - INFO - [get_all_episodes_script] Episode 3: Der Läufer (ID: B0GFX9NZVH)
2026-06-01 22:34:08,374 - INFO - [get_all_episodes_script] Episode 4: Duett (ID: B0C59LPZDT)
2026-06-01 22:34:08,374 - INFO - [get_all_episodes_script] Episode 5: Verurteilt (ID: B0FWJS7JK1)
2026-06-01 22:34:08,374 - INFO - [get_all_episodes_script] Episode 6: Dreifaltigkeit (ID: B0FQRZSLQ5)
2026-06-01 22:34:08,374 - INFO - [get_all_episodes_script] Episode 7: Instinkt (ID: B0FWYWSRYX)
2026-06-01 22:34:08,374 - INFO - [get_all_episodes_script] Episode 8: Die Verwandlung (ID: B0C59LBZ1X)
2026-06-01 22:34:08,374 - INFO - [get_all_episodes_script] Episode 9: Aurora (ID: B0FVKYJ1ZF)
2026-06-01 22:34:08,374 - INFO - [get_all_episodes_script] Episode 10: Die Verlorenen Männer (ID: B0FV8DQP7C)
2026-06-01 22:34:08,374 - INFO - [get_all_episodes_script] Episode 11: Bienenstock (ID: B0C59MQYGP)
2026-06-01 22:34:08,374 - INFO - [get_all_episodes_script] Episode 12: Offenbarung (ID: B0GCKHP323)
2026-06-01 22:34:08,374 - INFO - [get_all_episodes_script] Episode 13: Kritische Masse (ID: B0FR526L6P)
2026-06-01 22:34:08,375 - INFO - [get_all_episodes_script] Episode 14: Unter Druck (ID: B0GCF1163X)
2026-06-01 22:34:08,375 - INFO - [get_all_episodes_script] Episode 15: Der Turm (ID: B0GFVWJH3C)
2026-06-01 22:34:08,375 - INFO - [get_all_episodes_script] Episode 16: Der lange Abschied (ID: B0FWJN6H4N)
2026-06-01 22:34:08,375 - INFO - [get_all_episodes_script] Episode 17: Coup D'Etat (ID: B09X1DL1BH)
2026-06-01 22:34:08,375 - INFO - [get_all_episodes_script] Episode 18: Michael (ID: B0FVLH5D9J)
2026-06-01 22:34:08,375 - INFO - [get_all_episodes_script] Episode 19: Inferno (ID: B0FV8CRPH7)
2026-06-01 22:34:08,375 - INFO - [get_all_episodes_script] Episode 20: Die Verbündeten (ID: B0G4T2LY82)
2026-06-01 22:34:08,375 - INFO - [get_all_episodes_script] Episode 0: Stargate Atlantis - Staffel 2 [dt./OV] (ID: B0C59KBDRM)
2026-06-01 22:34:08,375 - INFO - [get_all_episodes_script] Found 0 playable episode action_keys
2026-06-01 22:34:08,375 - INFO - [get_all_episodes_script] Total parsed 21 episode details
2026-06-01 22:34:08,375 - INFO - [get_all_episodes_script] Filtered playable episodes count: 0
2026-06-01 22:34:08,375 - INFO - ============================================================
2026-06-01 22:34:08,375 - INFO - [get_seasons_info] get_all_episodes_script returned 0 episodes
2026-06-01 22:34:08,375 - INFO - ============================================================
2026-06-01 22:34:08,376 - INFO - [get_episodes_script] Starting to filter episode list...
2026-06-01 22:34:08,376 - INFO - [get_episodes_script] Input episodes count: 0
2026-06-01 22:34:08,376 - INFO - [get_episodes_script] Found 'episodeList' node
2026-06-01 22:34:08,376 - INFO - [get_episodes_script] totalCardSize = 20
2026-06-01 22:34:08,376 - INFO - [get_episodes_script] cardTitleIds count: 20
2026-06-01 22:34:08,376 - INFO - [get_episodes_script] cardTitleIds: ['B0C59MSZDZ', 'B0FVDG7LMN', 'B0GFX9NZVH', 'B0C59LPZDT', 'B0FWJS7JK1', 'B0FQRZSLQ5', 'B0FWYWSRYX', 'B0C59LBZ1X', 'B0FVKYJ1ZF', 'B0FV8DQP7C', 'B0C59MQYGP', 'B0GCKHP323', 'B0FR526L6P', 'B0GCF1163X', 'B0GFVWJH3C', 'B0FWJN6H4N', 'B09X1DL1BH', 'B0FVLH5D9J', 'B0FV8CRPH7', 'B0G4T2LY82']
2026-06-01 22:34:08,376 - INFO - [get_episodes_script] Final episodes count: 0
2026-06-01 22:34:08,376 - INFO - ============================================================
2026-06-01 22:34:08,376 - INFO - [get_seasons_info] get_episodes_script returned 0 episodes
2026-06-01 22:34:08,376 - INFO - [get_seasons_info] get_extras_script returned 0 extras categories
2026-06-01 22:34:08,384 - INFO - [get_seasons_info] More episodes need to be loaded (current: 0, total: 20)
2026-06-01 22:34:08,384 - INFO - [get_widget_token] no token found (single-page season or unexpected HTML shape)
2026-06-01 22:34:08,384 - INFO - [get_seasons_info] widget_token: 
2026-06-01 22:34:08,392 - INFO - [get_seasons_info] atf_asins count: 2
2026-06-01 22:34:08,392 - INFO - [get_seasons_info] btf_asins count: 40
2026-06-01 22:34:08,392 - INFO - [get_seasons_info] promotion_urls count: 0
2026-06-01 22:34:08,392 - WARNING - [get_seasons_info] Season 'Stargate Atlantis - Staffel 2 [dt./OV]' has no episodes or promotions, skipped
2026-06-01 22:34:08,392 - INFO - 
2026-06-01 22:34:08,392 - INFO - [get_seasons_info] >>>>>> Processing webpage 3 <<<<<<
2026-06-01 22:34:08,392 - INFO - [get_seasons_info] Webpage length: 1992744 characters
2026-06-01 22:34:08,394 - INFO - [get_seasons_info] Extracted ID from pageTitleId: B0B1MGJXK5
2026-06-01 22:34:08,404 - INFO - Parsing hydration-data script data for seasons (normalized)
2026-06-01 22:34:08,406 - INFO - [get_seasons_info] JSON parsed successfully, top-level keys: ['props']
2026-06-01 22:34:08,406 - INFO - [get_seasons_info] Using Script JSON parsing method...
2026-06-01 22:34:08,406 - INFO - ============================================================
2026-06-01 22:34:08,406 - INFO - [get_season_detail_script] Starting to parse season details...
2026-06-01 22:34:08,406 - INFO - [get_season_detail_script] Found 'props' node
2026-06-01 22:34:08,406 - INFO - [get_season_detail_script] Found 'body' node, contains 1 items
2026-06-01 22:34:08,406 - INFO - [get_season_detail_script] body[0] found 'atf' node
2026-06-01 22:34:08,406 - INFO - [get_season_detail_script] Found 'headerDetail', contains 1 keys
2026-06-01 22:34:08,406 - INFO - [get_season_detail_script] parentTitle = Stargate Atlantis [dt./OV]
2026-06-01 22:34:08,406 - INFO - [get_season_detail_script] title = Stargate Atlantis - Staffel 3 [dt./OV]
2026-06-01 22:34:08,406 - INFO - [get_season_detail_script] releaseYear = 2005
2026-06-01 22:34:08,406 - INFO - [get_season_detail_script] seasonNumber = 3
2026-06-01 22:34:08,406 - INFO - [get_season_detail_script] body[0] found 'btf' node
2026-06-01 22:34:08,407 - INFO - [get_season_detail_script] total_episodes = 20
2026-06-01 22:34:08,407 - INFO - [get_season_detail_script] Parse complete, result: {"parentTitle": "Stargate Atlantis [dt./OV]", "title": "Stargate Atlantis - Staffel 3 [dt./OV]", "releaseYear": 2005, "seasonNumber": 3, "total_episodes": 20}
2026-06-01 22:34:08,407 - INFO - ============================================================
2026-06-01 22:34:08,407 - INFO - [get_seasons_info] Parsed season details:
2026-06-01 22:34:08,407 - INFO -   - parentTitle: Stargate Atlantis [dt./OV]
2026-06-01 22:34:08,407 - INFO -   - season_name: Stargate Atlantis - Staffel 3 [dt./OV]
2026-06-01 22:34:08,407 - INFO -   - release_time: 2005
2026-06-01 22:34:08,407 - INFO -   - season_number: 3
2026-06-01 22:34:08,407 - INFO -   - total_episodes: 20
2026-06-01 22:34:08,407 - INFO - ============================================================
2026-06-01 22:34:08,407 - INFO - [get_all_episodes_script] Starting to parse all episodes...
2026-06-01 22:34:08,407 - INFO - [get_all_episodes_script] body[0] found 'btf' node
2026-06-01 22:34:08,407 - INFO - [get_all_episodes_script] Found 21 episode details
2026-06-01 22:34:08,407 - INFO - [get_all_episodes_script] Episode 1: Niemandsland (ID: B0FV7WR1G2)
2026-06-01 22:34:08,407 - INFO - [get_all_episodes_script] Episode 2: Ein schlechter Plan (ID: B09ZD8WD8B)
2026-06-01 22:34:08,408 - INFO - [get_all_episodes_script] Episode 3: Der Zaubertrank (ID: B0FXKYY8SB)
2026-06-01 22:34:08,408 - INFO - [get_all_episodes_script] Episode 4: Sateda (ID: B0FV8JTFF8)
2026-06-01 22:34:08,408 - INFO - [get_all_episodes_script] Episode 5: Der Bruderstreit (ID: B0FVKNPPWH)
2026-06-01 22:34:08,408 - INFO - [get_all_episodes_script] Episode 6: Atlantis Ruft (ID: B0FVFMY63D)
2026-06-01 22:34:08,408 - INFO - [get_all_episodes_script] Episode 7: Ein ungewöhnlicher Verbündeter (ID: B0GMQ6PCZF)
2026-06-01 22:34:08,408 - INFO - [get_all_episodes_script] Episode 8: Der doppelte Rodney (ID: B0FVHHZ993)
2026-06-01 22:34:08,408 - INFO - [get_all_episodes_script] Episode 9: Phantome (ID: B0B8M3KL52)
2026-06-01 22:34:08,408 - INFO - [get_all_episodes_script] Episode 10: Die Rückkehr Teil 1 (ID: B0GJMLVNHK)
2026-06-01 22:34:08,408 - INFO - [get_all_episodes_script] Episode 11: Die Rückkehr Teil 2 (ID: B0BYTCLLM6)
2026-06-01 22:34:08,408 - INFO - [get_all_episodes_script] Episode 12: Die Warnung (ID: B0GM2WVGJJ)
2026-06-01 22:34:08,408 - INFO - [get_all_episodes_script] Episode 13: Kolyas Ende (ID: B0FVG7PD22)
2026-06-01 22:34:08,408 - INFO - [get_all_episodes_script] Episode 14: Rodneys Tao (ID: B0BX2YKYZM)
2026-06-01 22:34:08,408 - INFO - [get_all_episodes_script] Episode 15: Das Spiel (ID: B0FV7Z5C5D)
2026-06-01 22:34:08,409 - INFO - [get_all_episodes_script] Episode 16: Die Arche (ID: B0FV9WPLVT)
2026-06-01 22:34:08,409 - INFO - [get_all_episodes_script] Episode 17: Ein freier Tag (ID: B0FPMV1SV5)
2026-06-01 22:34:08,409 - INFO - [get_all_episodes_script] Episode 18: Untergetaucht (ID: B0GF9Z7Y5N)
2026-06-01 22:34:08,409 - INFO - [get_all_episodes_script] Episode 19: Rache (ID: B0G4VWSQ7B)
2026-06-01 22:34:08,409 - INFO - [get_all_episodes_script] Episode 20: Der Angriff (ID: B09KG6JL8V)
2026-06-01 22:34:08,409 - INFO - [get_all_episodes_script] Episode 0: Stargate Atlantis - Staffel 3 [dt./OV] (ID: B0B1MGJXK5)
2026-06-01 22:34:08,409 - INFO - [get_all_episodes_script] Found 0 playable episode action_keys
2026-06-01 22:34:08,409 - INFO - [get_all_episodes_script] Total parsed 21 episode details
2026-06-01 22:34:08,409 - INFO - [get_all_episodes_script] Filtered playable episodes count: 0
2026-06-01 22:34:08,409 - INFO - ============================================================
2026-06-01 22:34:08,409 - INFO - [get_seasons_info] get_all_episodes_script returned 0 episodes
2026-06-01 22:34:08,409 - INFO - ============================================================
2026-06-01 22:34:08,409 - INFO - [get_episodes_script] Starting to filter episode list...
2026-06-01 22:34:08,409 - INFO - [get_episodes_script] Input episodes count: 0
2026-06-01 22:34:08,409 - INFO - [get_episodes_script] Found 'episodeList' node
2026-06-01 22:34:08,410 - INFO - [get_episodes_script] totalCardSize = 20
2026-06-01 22:34:08,410 - INFO - [get_episodes_script] cardTitleIds count: 20
2026-06-01 22:34:08,410 - INFO - [get_episodes_script] cardTitleIds: ['B0FV7WR1G2', 'B09ZD8WD8B', 'B0FXKYY8SB', 'B0FV8JTFF8', 'B0FVKNPPWH', 'B0FVFMY63D', 'B0GMQ6PCZF', 'B0FVHHZ993', 'B0B8M3KL52', 'B0GJMLVNHK', 'B0BYTCLLM6', 'B0GM2WVGJJ', 'B0FVG7PD22', 'B0BX2YKYZM', 'B0FV7Z5C5D', 'B0FV9WPLVT', 'B0FPMV1SV5', 'B0GF9Z7Y5N', 'B0G4VWSQ7B', 'B09KG6JL8V']
2026-06-01 22:34:08,410 - INFO - [get_episodes_script] Final episodes count: 0
2026-06-01 22:34:08,410 - INFO - ============================================================
2026-06-01 22:34:08,410 - INFO - [get_seasons_info] get_episodes_script returned 0 episodes
2026-06-01 22:34:08,410 - INFO - [get_seasons_info] get_extras_script returned 0 extras categories
2026-06-01 22:34:08,418 - INFO - [get_seasons_info] More episodes need to be loaded (current: 0, total: 20)
2026-06-01 22:34:08,418 - INFO - [get_widget_token] no token found (single-page season or unexpected HTML shape)
2026-06-01 22:34:08,418 - INFO - [get_seasons_info] widget_token: 
2026-06-01 22:34:08,426 - INFO - [get_seasons_info] atf_asins count: 2
2026-06-01 22:34:08,426 - INFO - [get_seasons_info] btf_asins count: 40
2026-06-01 22:34:08,426 - INFO - [get_seasons_info] promotion_urls count: 0
2026-06-01 22:34:08,426 - WARNING - [get_seasons_info] Season 'Stargate Atlantis - Staffel 3 [dt./OV]' has no episodes or promotions, skipped
2026-06-01 22:34:08,427 - INFO - 
2026-06-01 22:34:08,427 - INFO - [get_seasons_info] >>>>>> Processing webpage 4 <<<<<<
2026-06-01 22:34:08,427 - INFO - [get_seasons_info] Webpage length: 1946335 characters
2026-06-01 22:34:08,428 - INFO - [get_seasons_info] Extracted ID from pageTitleId: B0B6HJFWMK
2026-06-01 22:34:08,439 - INFO - Parsing hydration-data script data for seasons (normalized)
2026-06-01 22:34:08,441 - INFO - [get_seasons_info] JSON parsed successfully, top-level keys: ['props']
2026-06-01 22:34:08,442 - INFO - [get_seasons_info] Using Script JSON parsing method...
2026-06-01 22:34:08,442 - INFO - ============================================================
2026-06-01 22:34:08,442 - INFO - [get_season_detail_script] Starting to parse season details...
2026-06-01 22:34:08,442 - INFO - [get_season_detail_script] Found 'props' node
2026-06-01 22:34:08,442 - INFO - [get_season_detail_script] Found 'body' node, contains 1 items
2026-06-01 22:34:08,442 - INFO - [get_season_detail_script] body[0] found 'atf' node
2026-06-01 22:34:08,442 - INFO - [get_season_detail_script] Found 'headerDetail', contains 1 keys
2026-06-01 22:34:08,442 - INFO - [get_season_detail_script] parentTitle = Stargate Atlantis [dt./OV]
2026-06-01 22:34:08,442 - INFO - [get_season_detail_script] title = Stargate Atlantis - Staffel 4 [dt./OV]
2026-06-01 22:34:08,442 - INFO - [get_season_detail_script] releaseYear = 2005
2026-06-01 22:34:08,442 - INFO - [get_season_detail_script] seasonNumber = 4
2026-06-01 22:34:08,442 - INFO - [get_season_detail_script] body[0] found 'btf' node
2026-06-01 22:34:08,442 - INFO - [get_season_detail_script] total_episodes = 20
2026-06-01 22:34:08,442 - INFO - [get_season_detail_script] Parse complete, result: {"parentTitle": "Stargate Atlantis [dt./OV]", "title": "Stargate Atlantis - Staffel 4 [dt./OV]", "releaseYear": 2005, "seasonNumber": 4, "total_episodes": 20}
2026-06-01 22:34:08,443 - INFO - ============================================================
2026-06-01 22:34:08,443 - INFO - [get_seasons_info] Parsed season details:
2026-06-01 22:34:08,443 - INFO -   - parentTitle: Stargate Atlantis [dt./OV]
2026-06-01 22:34:08,443 - INFO -   - season_name: Stargate Atlantis - Staffel 4 [dt./OV]
2026-06-01 22:34:08,443 - INFO -   - release_time: 2005
2026-06-01 22:34:08,443 - INFO -   - season_number: 4
2026-06-01 22:34:08,443 - INFO -   - total_episodes: 20
2026-06-01 22:34:08,443 - INFO - ============================================================
2026-06-01 22:34:08,443 - INFO - [get_all_episodes_script] Starting to parse all episodes...
2026-06-01 22:34:08,443 - INFO - [get_all_episodes_script] body[0] found 'btf' node
2026-06-01 22:34:08,443 - INFO - [get_all_episodes_script] Found 21 episode details
2026-06-01 22:34:08,443 - INFO - [get_all_episodes_script] Episode 1: Verloren im All (ID: B0FV8GS6MY)
2026-06-01 22:34:08,443 - INFO - [get_all_episodes_script] Episode 2: Rettungsleine (ID: B0BYRCZY2C)
2026-06-01 22:34:08,443 - INFO - [get_all_episodes_script] Episode 3: Das Wiedersehen (ID: B0GMWL61FV)
2026-06-01 22:34:08,443 - INFO - [get_all_episodes_script] Episode 4: Doppelgänger (ID: B0BYRKD3YJ)
2026-06-01 22:34:08,444 - INFO - [get_all_episodes_script] Episode 5: Reisende (ID: B0BX48RGQV)
2026-06-01 22:34:08,444 - INFO - [get_all_episodes_script] Episode 6: Tabula Rasa (ID: B0FVLDNPZP)
2026-06-01 22:34:08,444 - INFO - [get_all_episodes_script] Episode 7: Verschollen (ID: B0FWWWL4KR)
2026-06-01 22:34:08,444 - INFO - [get_all_episodes_script] Episode 8: Der Seher (ID: B0C59N895J)
2026-06-01 22:34:08,444 - INFO - [get_all_episodes_script] Episode 9: Fehlentscheidung (ID: B0C59LBZ1Q)
2026-06-01 22:34:08,444 - INFO - [get_all_episodes_script] Episode 10: Die Mühsal der Sterbenden (ID: B0C59K34M6)
2026-06-01 22:34:08,444 - INFO - [get_all_episodes_script] Episode 11: Grosse und kleine Sünden (ID: B0C59M7SKC)
2026-06-01 22:34:08,444 - INFO - [get_all_episodes_script] Episode 12: Kriegsbeute (ID: B0C59LRCFR)
2026-06-01 22:34:08,444 - INFO - [get_all_episodes_script] Episode 13: Quarantäne (ID: B0B6RRVRTS)
2026-06-01 22:34:08,444 - INFO - [get_all_episodes_script] Episode 14: Prinzessin Harmony (ID: B0B8JYRLRX)
2026-06-01 22:34:08,444 - INFO - [get_all_episodes_script] Episode 15: Die Ausgestossene (ID: B0B75WTRKX)
2026-06-01 22:34:08,444 - INFO - [get_all_episodes_script] Episode 16: Trio (ID: B0FV8DGMR5)
2026-06-01 22:34:08,444 - INFO - [get_all_episodes_script] Episode 17: Auf der Mittelstation (ID: B0B8QFKJ83)
2026-06-01 22:34:08,444 - INFO - [get_all_episodes_script] Episode 18: Verwandte Teil 1 1 (ID: B0B6J4WM2H)
2026-06-01 22:34:08,444 - INFO - [get_all_episodes_script] Episode 19: Verwandte Teil 2 (ID: B0FWYSDPGV)
2026-06-01 22:34:08,445 - INFO - [get_all_episodes_script] Episode 20: Der letzte Mann (ID: B0B8JZNW4Q)
2026-06-01 22:34:08,445 - INFO - [get_all_episodes_script] Episode 0: Stargate Atlantis - Staffel 4 [dt./OV] (ID: B0B6HJFWMK)
2026-06-01 22:34:08,445 - INFO - [get_all_episodes_script] Found 0 playable episode action_keys
2026-06-01 22:34:08,445 - INFO - [get_all_episodes_script] Total parsed 21 episode details
2026-06-01 22:34:08,445 - INFO - [get_all_episodes_script] Filtered playable episodes count: 0
2026-06-01 22:34:08,445 - INFO - ============================================================
2026-06-01 22:34:08,445 - INFO - [get_seasons_info] get_all_episodes_script returned 0 episodes
2026-06-01 22:34:08,445 - INFO - ============================================================
2026-06-01 22:34:08,445 - INFO - [get_episodes_script] Starting to filter episode list...
2026-06-01 22:34:08,445 - INFO - [get_episodes_script] Input episodes count: 0
2026-06-01 22:34:08,445 - INFO - [get_episodes_script] Found 'episodeList' node
2026-06-01 22:34:08,445 - INFO - [get_episodes_script] totalCardSize = 20
2026-06-01 22:34:08,445 - INFO - [get_episodes_script] cardTitleIds count: 20
2026-06-01 22:34:08,446 - INFO - [get_episodes_script] cardTitleIds: ['B0FV8GS6MY', 'B0BYRCZY2C', 'B0GMWL61FV', 'B0BYRKD3YJ', 'B0BX48RGQV', 'B0FVLDNPZP', 'B0FWWWL4KR', 'B0C59N895J', 'B0C59LBZ1Q', 'B0C59K34M6', 'B0C59M7SKC', 'B0C59LRCFR', 'B0B6RRVRTS', 'B0B8JYRLRX', 'B0B75WTRKX', 'B0FV8DGMR5', 'B0B8QFKJ83', 'B0B6J4WM2H', 'B0FWYSDPGV', 'B0B8JZNW4Q']
2026-06-01 22:34:08,446 - INFO - [get_episodes_script] Final episodes count: 0
2026-06-01 22:34:08,446 - INFO - ============================================================
2026-06-01 22:34:08,446 - INFO - [get_seasons_info] get_episodes_script returned 0 episodes
2026-06-01 22:34:08,446 - INFO - [get_seasons_info] get_extras_script returned 0 extras categories
2026-06-01 22:34:08,454 - INFO - [get_seasons_info] More episodes need to be loaded (current: 0, total: 20)
2026-06-01 22:34:08,454 - INFO - [get_widget_token] no token found (single-page season or unexpected HTML shape)
2026-06-01 22:34:08,454 - INFO - [get_seasons_info] widget_token: 
2026-06-01 22:34:08,463 - INFO - [get_seasons_info] atf_asins count: 2
2026-06-01 22:34:08,463 - INFO - [get_seasons_info] btf_asins count: 40
2026-06-01 22:34:08,463 - INFO - [get_seasons_info] promotion_urls count: 0
2026-06-01 22:34:08,463 - WARNING - [get_seasons_info] Season 'Stargate Atlantis - Staffel 4 [dt./OV]' has no episodes or promotions, skipped
2026-06-01 22:34:08,463 - INFO - 
2026-06-01 22:34:08,463 - INFO - [get_seasons_info] >>>>>> Processing webpage 5 <<<<<<
2026-06-01 22:34:08,464 - INFO - [get_seasons_info] Webpage length: 1956966 characters
2026-06-01 22:34:08,465 - INFO - [get_seasons_info] Extracted ID from pageTitleId: B0B8M3LWHF
2026-06-01 22:34:08,476 - INFO - Parsing hydration-data script data for seasons (normalized)
2026-06-01 22:34:08,477 - INFO - [get_seasons_info] JSON parsed successfully, top-level keys: ['props']
2026-06-01 22:34:08,477 - INFO - [get_seasons_info] Using Script JSON parsing method...
2026-06-01 22:34:08,477 - INFO - ============================================================
2026-06-01 22:34:08,477 - INFO - [get_season_detail_script] Starting to parse season details...
2026-06-01 22:34:08,477 - INFO - [get_season_detail_script] Found 'props' node
2026-06-01 22:34:08,477 - INFO - [get_season_detail_script] Found 'body' node, contains 1 items
2026-06-01 22:34:08,477 - INFO - [get_season_detail_script] body[0] found 'atf' node
2026-06-01 22:34:08,477 - INFO - [get_season_detail_script] Found 'headerDetail', contains 1 keys
2026-06-01 22:34:08,477 - INFO - [get_season_detail_script] parentTitle = Stargate Atlantis [dt./OV]
2026-06-01 22:34:08,478 - INFO - [get_season_detail_script] title = Stargate Atlantis - Staffel 5 [dt./OV]
2026-06-01 22:34:08,478 - INFO - [get_season_detail_script] releaseYear = 2005
2026-06-01 22:34:08,478 - INFO - [get_season_detail_script] seasonNumber = 5
2026-06-01 22:34:08,478 - INFO - [get_season_detail_script] body[0] found 'btf' node
2026-06-01 22:34:08,478 - INFO - [get_season_detail_script] total_episodes = 20
2026-06-01 22:34:08,478 - INFO - [get_season_detail_script] Parse complete, result: {"parentTitle": "Stargate Atlantis [dt./OV]", "title": "Stargate Atlantis - Staffel 5 [dt./OV]", "releaseYear": 2005, "seasonNumber": 5, "total_episodes": 20}
2026-06-01 22:34:08,478 - INFO - ============================================================
2026-06-01 22:34:08,478 - INFO - [get_seasons_info] Parsed season details:
2026-06-01 22:34:08,478 - INFO -   - parentTitle: Stargate Atlantis [dt./OV]
2026-06-01 22:34:08,478 - INFO -   - season_name: Stargate Atlantis - Staffel 5 [dt./OV]
2026-06-01 22:34:08,478 - INFO -   - release_time: 2005
2026-06-01 22:34:08,478 - INFO -   - season_number: 5
2026-06-01 22:34:08,478 - INFO -   - total_episodes: 20
2026-06-01 22:34:08,478 - INFO - ============================================================
2026-06-01 22:34:08,479 - INFO - [get_all_episodes_script] Starting to parse all episodes...
2026-06-01 22:34:08,479 - INFO - [get_all_episodes_script] body[0] found 'btf' node
2026-06-01 22:34:08,479 - INFO - [get_all_episodes_script] Found 21 episode details
2026-06-01 22:34:08,479 - INFO - [get_all_episodes_script] Episode 1: Such- und Rettungsaktion (ID: B0B6V3YGYS)
2026-06-01 22:34:08,479 - INFO - [get_all_episodes_script] Episode 2: Der Keim (ID: B0B7DJFXNK)
2026-06-01 22:34:08,479 - INFO - [get_all_episodes_script] Episode 3: Gelöste Fesseln (ID: B0B8SXPTQF)
2026-06-01 22:34:08,479 - INFO - [get_all_episodes_script] Episode 4: Die Daedalus-Variationen (ID: B0B8TDWLVM)
2026-06-01 22:34:08,479 - INFO - [get_all_episodes_script] Episode 5: Geist in der Maschine (ID: B0B8LZYP69)
2026-06-01 22:34:08,479 - INFO - [get_all_episodes_script] Episode 6: Der Schrein (ID: B0B8QB1HMJ)
2026-06-01 22:34:08,479 - INFO - [get_all_episodes_script] Episode 7: Geflüster (ID: B0B8JL33LH)
2026-06-01 22:34:08,479 - INFO - [get_all_episodes_script] Episode 8: Die Königin (ID: B0B6CFMRL8)
2026-06-01 22:34:08,479 - INFO - [get_all_episodes_script] Episode 9: Fährtensucher (ID: B0B79Q5VXF)
2026-06-01 22:34:08,479 - INFO - [get_all_episodes_script] Episode 10: Erster Kontakt (ID: B0FPZSGLSH)
2026-06-01 22:34:08,479 - INFO - [get_all_episodes_script] Episode 11: Der verlorene Stamm (ID: B0B8TSWYMY)
2026-06-01 22:34:08,480 - INFO - [get_all_episodes_script] Episode 12: Aussenseiter (ID: B0B8PBW547)
2026-06-01 22:34:08,480 - INFO - [get_all_episodes_script] Episode 13: Inquisition (ID: B0B8RMZ8WG)
2026-06-01 22:34:08,480 - INFO - [get_all_episodes_script] Episode 14: Mutterliebe (ID: B0B8QN1MMS)
2026-06-01 22:34:08,480 - INFO - [get_all_episodes_script] Episode 15: Überreste (ID: B0FWXTC43M)
2026-06-01 22:34:08,480 - INFO - [get_all_episodes_script] Episode 16: Eiszeit (ID: B0B71MP8YL)
2026-06-01 22:34:08,480 - INFO - [get_all_episodes_script] Episode 17: Infektion (ID: B0B8P89HBQ)
2026-06-01 22:34:08,480 - INFO - [get_all_episodes_script] Episode 18: Identität (ID: B0FVJBF5PR)
2026-06-01 22:34:08,480 - INFO - [get_all_episodes_script] Episode 19: Vegas (ID: B0B8HZ41XK)
2026-06-01 22:34:08,480 - INFO - [get_all_episodes_script] Episode 20: Feind in Sicht (ID: B0CVQ7HX9R)
2026-06-01 22:34:08,480 - INFO - [get_all_episodes_script] Episode 0: Stargate Atlantis - Staffel 5 [dt./OV] (ID: B0B8M3LWHF)
2026-06-01 22:34:08,480 - INFO - [get_all_episodes_script] Found 0 playable episode action_keys
2026-06-01 22:34:08,480 - INFO - [get_all_episodes_script] Total parsed 21 episode details
2026-06-01 22:34:08,480 - INFO - [get_all_episodes_script] Filtered playable episodes count: 0
2026-06-01 22:34:08,480 - INFO - ============================================================
2026-06-01 22:34:08,480 - INFO - [get_seasons_info] get_all_episodes_script returned 0 episodes
2026-06-01 22:34:08,481 - INFO - ============================================================
2026-06-01 22:34:08,481 - INFO - [get_episodes_script] Starting to filter episode list...
2026-06-01 22:34:08,481 - INFO - [get_episodes_script] Input episodes count: 0
2026-06-01 22:34:08,481 - INFO - [get_episodes_script] Found 'episodeList' node
2026-06-01 22:34:08,481 - INFO - [get_episodes_script] totalCardSize = 20
2026-06-01 22:34:08,481 - INFO - [get_episodes_script] cardTitleIds count: 20
2026-06-01 22:34:08,481 - INFO - [get_episodes_script] cardTitleIds: ['B0B6V3YGYS', 'B0B7DJFXNK', 'B0B8SXPTQF', 'B0B8TDWLVM', 'B0B8LZYP69', 'B0B8QB1HMJ', 'B0B8JL33LH', 'B0B6CFMRL8', 'B0B79Q5VXF', 'B0FPZSGLSH', 'B0B8TSWYMY', 'B0B8PBW547', 'B0B8RMZ8WG', 'B0B8QN1MMS', 'B0FWXTC43M', 'B0B71MP8YL', 'B0B8P89HBQ', 'B0FVJBF5PR', 'B0B8HZ41XK', 'B0CVQ7HX9R']
2026-06-01 22:34:08,481 - INFO - [get_episodes_script] Final episodes count: 0
2026-06-01 22:34:08,481 - INFO - ============================================================
2026-06-01 22:34:08,481 - INFO - [get_seasons_info] get_episodes_script returned 0 episodes
2026-06-01 22:34:08,481 - INFO - [get_seasons_info] get_extras_script returned 0 extras categories
2026-06-01 22:34:08,490 - INFO - [get_seasons_info] More episodes need to be loaded (current: 0, total: 20)
2026-06-01 22:34:08,490 - INFO - [get_widget_token] no token found (single-page season or unexpected HTML shape)
2026-06-01 22:34:08,490 - INFO - [get_seasons_info] widget_token: 
2026-06-01 22:34:08,498 - INFO - [get_seasons_info] atf_asins count: 2
2026-06-01 22:34:08,498 - INFO - [get_seasons_info] btf_asins count: 40
2026-06-01 22:34:08,498 - INFO - [get_seasons_info] promotion_urls count: 0
2026-06-01 22:34:08,498 - WARNING - [get_seasons_info] Season 'Stargate Atlantis - Staffel 5 [dt./OV]' has no episodes or promotions, skipped
2026-06-01 22:34:08,498 - INFO - 
2026-06-01 22:34:08,498 - INFO - [get_seasons_info] ========== Parse Complete ==========
2026-06-01 22:34:08,498 - INFO - [get_seasons_info] Total parsed 1 seasons
2026-06-01 22:34:08,498 - INFO -   Season 1: Stargate Atlantis [dt./OV] - Stargate Atlantis - Staffel 1 [dt./OV] (1 episodes)
2026-06-01 22:34:22,361 - INFO - === amazon_is_meta start ===
2026-06-01 22:34:22,361 - INFO - input_file: H:/streamfab/outputTemp/amazonIsMetaPageTempIn.tmp
2026-06-01 22:34:22,361 - INFO - output_file: H:/streamfab/outputTemp/amazonIsMetaPageTempOut.tmp
2026-06-01 22:34:23,201 - INFO - read webpage, length: 1803610
2026-06-01 22:34:23,714 - INFO - parsed webpage with html5lib
2026-06-01 22:34:23,720 - INFO - main_element found: False
2026-06-01 22:34:23,720 - WARNING - main_element not found (id='main', data-testid='detailpage-main')
2026-06-01 22:34:23,737 - INFO - No block with pageTitleId+catalogId found
2026-06-01 22:34:23,738 - INFO - result: is_meta=False, media_type=movie, pageTitleId=None
2026-06-01 22:34:23,738 - INFO - wrote result to H:/streamfab/outputTemp/amazonIsMetaPageTempOut.tmp
2026-06-01 22:34:23,738 - INFO - === amazon_is_meta complete ===
2026-06-01 22:34:47,784 - INFO - === amazon_is_meta start ===
2026-06-01 22:34:47,785 - INFO - input_file: H:/streamfab/outputTemp/amazonIsMetaPageTempIn.tmp
2026-06-01 22:34:47,785 - INFO - output_file: H:/streamfab/outputTemp/amazonIsMetaPageTempOut.tmp
2026-06-01 22:34:48,801 - INFO - read webpage, length: 2031090
2026-06-01 22:34:49,576 - INFO - parsed webpage with html5lib
2026-06-01 22:34:49,579 - INFO - main_element found: True
2026-06-01 22:34:49,628 - INFO - e_synopsis (.dv-dp-node-synopsis): 1
2026-06-01 22:34:49,628 - INFO - is_meta=True (synopsis: 1)
2026-06-01 22:34:49,656 - INFO - e_live (live-state-badge): 0
2026-06-01 22:34:49,684 - INFO - e_episodes ({'data-testid': 'episode-list-item'}): 20
2026-06-01 22:34:49,714 - INFO - Found hydration-data block, pageTitleId=B0C59JQN6F
2026-06-01 22:34:49,715 - INFO - result: is_meta=True, media_type=show, pageTitleId=B0C59JQN6F
2026-06-01 22:34:49,725 - INFO - wrote result to H:/streamfab/outputTemp/amazonIsMetaPageTempOut.tmp
2026-06-01 22:34:49,725 - INFO - === amazon_is_meta complete ===
2026-06-01 22:34:53,442 - INFO - amazon_get_season_urls complete...
2026-06-01 22:34:56,096 - INFO - get_real_url complete...
2026-06-01 22:34:59,972 - INFO - get_real_url complete...
2026-06-01 22:35:03,770 - INFO - get_real_url complete...
2026-06-01 22:35:07,613 - INFO - get_real_url complete...
2026-06-01 22:35:11,480 - INFO - get_real_url complete...
2026-06-01 22:35:15,334 - INFO - get_real_url complete...
2026-06-01 22:35:17,175 - INFO - Parsed hydration-data script data
2026-06-01 22:35:17,178 - INFO - get_meta_info complete...
2026-06-01 22:35:19,129 - INFO - [get_seasons_info] ========== Starting to parse season info ==========
2026-06-01 22:35:19,130 - INFO - [get_seasons_info] Input webpages count: 5
2026-06-01 22:35:19,130 - INFO - 
2026-06-01 22:35:19,130 - INFO - [get_seasons_info] >>>>>> Processing webpage 1 <<<<<<
2026-06-01 22:35:19,130 - INFO - [get_seasons_info] Webpage length: 2022928 characters
2026-06-01 22:35:19,132 - INFO - [get_seasons_info] Extracted ID from pageTitleId: B0C59JQN6F
2026-06-01 22:35:19,142 - INFO - Parsing hydration-data script data for seasons (normalized)
2026-06-01 22:35:19,142 - INFO - [get_seasons_info] JSON parsed successfully, top-level keys: ['props']
2026-06-01 22:35:19,142 - INFO - [get_seasons_info] Using Script JSON parsing method...
2026-06-01 22:35:19,143 - INFO - ============================================================
2026-06-01 22:35:19,143 - INFO - [get_season_detail_script] Starting to parse season details...
2026-06-01 22:35:19,143 - INFO - [get_season_detail_script] Found 'props' node
2026-06-01 22:35:19,143 - INFO - [get_season_detail_script] Found 'body' node, contains 1 items
2026-06-01 22:35:19,143 - INFO - [get_season_detail_script] body[0] found 'atf' node
2026-06-01 22:35:19,143 - INFO - [get_season_detail_script] Found 'headerDetail', contains 1 keys
2026-06-01 22:35:19,143 - INFO - [get_season_detail_script] parentTitle = Stargate Atlantis [dt./OV]
2026-06-01 22:35:19,143 - INFO - [get_season_detail_script] title = Stargate Atlantis - Staffel 1 [dt./OV]
2026-06-01 22:35:19,143 - INFO - [get_season_detail_script] releaseYear = 2005
2026-06-01 22:35:19,143 - INFO - [get_season_detail_script] seasonNumber = 1
2026-06-01 22:35:19,143 - INFO - [get_season_detail_script] body[0] found 'btf' node
2026-06-01 22:35:19,143 - INFO - [get_season_detail_script] total_episodes = 20
2026-06-01 22:35:19,143 - INFO - [get_season_detail_script] Parse complete, result: {"parentTitle": "Stargate Atlantis [dt./OV]", "title": "Stargate Atlantis - Staffel 1 [dt./OV]", "releaseYear": 2005, "seasonNumber": 1, "total_episodes": 20}
2026-06-01 22:35:19,143 - INFO - ============================================================
2026-06-01 22:35:19,143 - INFO - [get_seasons_info] Parsed season details:
2026-06-01 22:35:19,144 - INFO -   - parentTitle: Stargate Atlantis [dt./OV]
2026-06-01 22:35:19,144 - INFO -   - season_name: Stargate Atlantis - Staffel 1 [dt./OV]
2026-06-01 22:35:19,144 - INFO -   - release_time: 2005
2026-06-01 22:35:19,144 - INFO -   - season_number: 1
2026-06-01 22:35:19,144 - INFO -   - total_episodes: 20
2026-06-01 22:35:19,144 - INFO - ============================================================
2026-06-01 22:35:19,144 - INFO - [get_all_episodes_script] Starting to parse all episodes...
2026-06-01 22:35:19,144 - INFO - [get_all_episodes_script] body[0] found 'btf' node
2026-06-01 22:35:19,144 - INFO - [get_all_episodes_script] Found 21 episode details
2026-06-01 22:35:19,144 - INFO - [get_all_episodes_script] Episode 1: Aufbruch in eine neue Welt Teil 1 (ID: B0FXZ6TGCM)
2026-06-01 22:35:19,144 - INFO - [get_all_episodes_script] Episode 2: Aufbruch in eine neue Welt Teil 2 (ID: B0FWYLNV24)
2026-06-01 22:35:19,144 - INFO - [get_all_episodes_script] Episode 3: Dunkle Schatten (ID: B0C59LVFDZ)
2026-06-01 22:35:19,144 - INFO - [get_all_episodes_script] Episode 4: 38 Minuten (ID: B0C59KN8TK)
2026-06-01 22:35:19,144 - INFO - [get_all_episodes_script] Episode 5: Unter Verdacht (ID: B0FWY5WSKY)
2026-06-01 22:35:19,145 - INFO - [get_all_episodes_script] Episode 6: Selbstopfer (ID: B0C59KQX19)
2026-06-01 22:35:19,145 - INFO - [get_all_episodes_script] Episode 7: Tödliche Verteidigung (ID: B0FVLF3RNK)
2026-06-01 22:35:19,145 - INFO - [get_all_episodes_script] Episode 8: Im Untergrund (ID: B0FVFCKBDG)
2026-06-01 22:35:19,145 - INFO - [get_all_episodes_script] Episode 9: Zurück auf die Erde (ID: B0C59L624P)
2026-06-01 22:35:19,145 - INFO - [get_all_episodes_script] Episode 10: Der Sturm (ID: B0FVGMBLDZ)
2026-06-01 22:35:19,145 - INFO - [get_all_episodes_script] Episode 11: Das Auge (ID: B0C59K7WRK)
2026-06-01 22:35:19,145 - INFO - [get_all_episodes_script] Episode 12: Der Überlebende (ID: B0C59LJJDY)
2026-06-01 22:35:19,145 - INFO - [get_all_episodes_script] Episode 13: Hot Zone (ID: B0C59LLCNF)
2026-06-01 22:35:19,145 - INFO - [get_all_episodes_script] Episode 14: Chaya (ID: B09R9SQHDH)
2026-06-01 22:35:19,145 - INFO - [get_all_episodes_script] Episode 15: 10.000 Jahre (ID: B0C59LLCNS)
2026-06-01 22:35:19,145 - INFO - [get_all_episodes_script] Episode 16: Bruderschaft (ID: B0FVLKYVCG)
2026-06-01 22:35:19,145 - INFO - [get_all_episodes_script] Episode 17: Letters From Pegasus (ID: B0FWYKZW4T)
2026-06-01 22:35:19,145 - INFO - [get_all_episodes_script] Episode 18: Die Gabe (ID: B0FWK1D7YP)
2026-06-01 22:35:19,145 - INFO - [get_all_episodes_script] Episode 19: Die Belagerung Teil 1 (ID: B0FWYPPTGN)
2026-06-01 22:35:19,146 - INFO - [get_all_episodes_script] Episode 20: Die Belagerung Teil 2 (ID: B0FWXJQCWL)
2026-06-01 22:35:19,146 - INFO - [get_all_episodes_script] Episode 0: Stargate Atlantis - Staffel 1 [dt./OV] (ID: B0C59JQN6F)
2026-06-01 22:35:19,146 - INFO - [get_all_episodes_script] Found playable episode (new structure): B0FXZ6TGCM
2026-06-01 22:35:19,146 - INFO - [get_all_episodes_script] Found 1 playable episode action_keys
2026-06-01 22:35:19,146 - INFO - [get_all_episodes_script] Total parsed 21 episode details
2026-06-01 22:35:19,146 - INFO - [get_all_episodes_script] Filtered playable episodes count: 1
2026-06-01 22:35:19,146 - INFO - ============================================================
2026-06-01 22:35:19,146 - INFO - [get_seasons_info] get_all_episodes_script returned 1 episodes
2026-06-01 22:35:19,146 - INFO - ============================================================
2026-06-01 22:35:19,146 - INFO - [get_episodes_script] Starting to filter episode list...
2026-06-01 22:35:19,146 - INFO - [get_episodes_script] Input episodes count: 1
2026-06-01 22:35:19,146 - INFO - [get_episodes_script] Found 'episodeList' node
2026-06-01 22:35:19,146 - INFO - [get_episodes_script] totalCardSize = 20
2026-06-01 22:35:19,146 - INFO - [get_episodes_script] cardTitleIds count: 20
2026-06-01 22:35:19,146 - INFO - [get_episodes_script] cardTitleIds: ['B0FXZ6TGCM', 'B0FWYLNV24', 'B0C59LVFDZ', 'B0C59KN8TK', 'B0FWY5WSKY', 'B0C59KQX19', 'B0FVLF3RNK', 'B0FVFCKBDG', 'B0C59L624P', 'B0FVGMBLDZ', 'B0C59K7WRK', 'B0C59LJJDY', 'B0C59LLCNF', 'B09R9SQHDH', 'B0C59LLCNS', 'B0FVLKYVCG', 'B0FWYKZW4T', 'B0FWK1D7YP', 'B0FWYPPTGN', 'B0FWXJQCWL']
2026-06-01 22:35:19,147 - INFO - [get_episodes_script] Matched episode (episodeId): Aufbruch in eine neue Welt Teil 1
2026-06-01 22:35:19,147 - INFO - [get_episodes_script] Final episodes count: 1
2026-06-01 22:35:19,147 - INFO - ============================================================
2026-06-01 22:35:19,147 - INFO - [get_seasons_info] get_episodes_script returned 1 episodes
2026-06-01 22:35:19,147 - INFO - [get_seasons_info] get_extras_script returned 0 extras categories
2026-06-01 22:35:19,155 - INFO - [get_seasons_info] More episodes need to be loaded (current: 1, total: 20)
2026-06-01 22:35:19,155 - INFO - [get_widget_token] no token found (single-page season or unexpected HTML shape)
2026-06-01 22:35:19,155 - INFO - [get_seasons_info] widget_token: 
2026-06-01 22:35:19,163 - INFO - [get_seasons_info] atf_asins count: 2
2026-06-01 22:35:19,163 - INFO - [get_seasons_info] btf_asins count: 40
2026-06-01 22:35:19,164 - INFO - [get_seasons_info] promotion_urls count: 0
2026-06-01 22:35:19,164 - INFO - [get_seasons_info] Season 'Stargate Atlantis - Staffel 1 [dt./OV]' added successfully, episodes: 1, promotions: 0
2026-06-01 22:35:19,164 - INFO - 
2026-06-01 22:35:19,164 - INFO - [get_seasons_info] >>>>>> Processing webpage 2 <<<<<<
2026-06-01 22:35:19,164 - INFO - [get_seasons_info] Webpage length: 2023211 characters
2026-06-01 22:35:19,165 - INFO - [get_seasons_info] Extracted ID from pageTitleId: B0C59KBDRM
2026-06-01 22:35:19,176 - INFO - Parsing hydration-data script data for seasons (normalized)
2026-06-01 22:35:19,178 - INFO - [get_seasons_info] JSON parsed successfully, top-level keys: ['props']
2026-06-01 22:35:19,178 - INFO - [get_seasons_info] Using Script JSON parsing method...
2026-06-01 22:35:19,178 - INFO - ============================================================
2026-06-01 22:35:19,178 - INFO - [get_season_detail_script] Starting to parse season details...
2026-06-01 22:35:19,178 - INFO - [get_season_detail_script] Found 'props' node
2026-06-01 22:35:19,178 - INFO - [get_season_detail_script] Found 'body' node, contains 1 items
2026-06-01 22:35:19,178 - INFO - [get_season_detail_script] body[0] found 'atf' node
2026-06-01 22:35:19,179 - INFO - [get_season_detail_script] Found 'headerDetail', contains 1 keys
2026-06-01 22:35:19,179 - INFO - [get_season_detail_script] parentTitle = Stargate Atlantis [dt./OV]
2026-06-01 22:35:19,179 - INFO - [get_season_detail_script] title = Stargate Atlantis - Staffel 2 [dt./OV]
2026-06-01 22:35:19,179 - INFO - [get_season_detail_script] releaseYear = 2005
2026-06-01 22:35:19,179 - INFO - [get_season_detail_script] seasonNumber = 2
2026-06-01 22:35:19,179 - INFO - [get_season_detail_script] body[0] found 'btf' node
2026-06-01 22:35:19,179 - INFO - [get_season_detail_script] total_episodes = 20
2026-06-01 22:35:19,179 - INFO - [get_season_detail_script] Parse complete, result: {"parentTitle": "Stargate Atlantis [dt./OV]", "title": "Stargate Atlantis - Staffel 2 [dt./OV]", "releaseYear": 2005, "seasonNumber": 2, "total_episodes": 20}
2026-06-01 22:35:19,179 - INFO - ============================================================
2026-06-01 22:35:19,179 - INFO - [get_seasons_info] Parsed season details:
2026-06-01 22:35:19,179 - INFO -   - parentTitle: Stargate Atlantis [dt./OV]
2026-06-01 22:35:19,179 - INFO -   - season_name: Stargate Atlantis - Staffel 2 [dt./OV]
2026-06-01 22:35:19,179 - INFO -   - release_time: 2005
2026-06-01 22:35:19,179 - INFO -   - season_number: 2
2026-06-01 22:35:19,179 - INFO -   - total_episodes: 20
2026-06-01 22:35:19,180 - INFO - ============================================================
2026-06-01 22:35:19,180 - INFO - [get_all_episodes_script] Starting to parse all episodes...
2026-06-01 22:35:19,180 - INFO - [get_all_episodes_script] body[0] found 'btf' node
2026-06-01 22:35:19,180 - INFO - [get_all_episodes_script] Found 21 episode details
2026-06-01 22:35:19,180 - INFO - [get_all_episodes_script] Episode 1: Die Belagerung, Teil 3 (ID: B0C59MSZDZ)
2026-06-01 22:35:19,180 - INFO - [get_all_episodes_script] Episode 2: Der Eindringling (ID: B0FVDG7LMN)
2026-06-01 22:35:19,180 - INFO - [get_all_episodes_script] Episode 3: Der Läufer (ID: B0GFX9NZVH)
2026-06-01 22:35:19,180 - INFO - [get_all_episodes_script] Episode 4: Duett (ID: B0C59LPZDT)
2026-06-01 22:35:19,180 - INFO - [get_all_episodes_script] Episode 5: Verurteilt (ID: B0FWJS7JK1)
2026-06-01 22:35:19,180 - INFO - [get_all_episodes_script] Episode 6: Dreifaltigkeit (ID: B0FQRZSLQ5)
2026-06-01 22:35:19,180 - INFO - [get_all_episodes_script] Episode 7: Instinkt (ID: B0FWYWSRYX)
2026-06-01 22:35:19,180 - INFO - [get_all_episodes_script] Episode 8: Die Verwandlung (ID: B0C59LBZ1X)
2026-06-01 22:35:19,180 - INFO - [get_all_episodes_script] Episode 9: Aurora (ID: B0FVKYJ1ZF)
2026-06-01 22:35:19,180 - INFO - [get_all_episodes_script] Episode 10: Die Verlorenen Männer (ID: B0FV8DQP7C)
2026-06-01 22:35:19,180 - INFO - [get_all_episodes_script] Episode 11: Bienenstock (ID: B0C59MQYGP)
2026-06-01 22:35:19,181 - INFO - [get_all_episodes_script] Episode 12: Offenbarung (ID: B0GCKHP323)
2026-06-01 22:35:19,181 - INFO - [get_all_episodes_script] Episode 13: Kritische Masse (ID: B0FR526L6P)
2026-06-01 22:35:19,181 - INFO - [get_all_episodes_script] Episode 14: Unter Druck (ID: B0GCF1163X)
2026-06-01 22:35:19,181 - INFO - [get_all_episodes_script] Episode 15: Der Turm (ID: B0GFVWJH3C)
2026-06-01 22:35:19,181 - INFO - [get_all_episodes_script] Episode 16: Der lange Abschied (ID: B0FWJN6H4N)
2026-06-01 22:35:19,181 - INFO - [get_all_episodes_script] Episode 17: Coup D'Etat (ID: B09X1DL1BH)
2026-06-01 22:35:19,181 - INFO - [get_all_episodes_script] Episode 18: Michael (ID: B0FVLH5D9J)
2026-06-01 22:35:19,181 - INFO - [get_all_episodes_script] Episode 19: Inferno (ID: B0FV8CRPH7)
2026-06-01 22:35:19,181 - INFO - [get_all_episodes_script] Episode 20: Die Verbündeten (ID: B0G4T2LY82)
2026-06-01 22:35:19,181 - INFO - [get_all_episodes_script] Episode 0: Stargate Atlantis - Staffel 2 [dt./OV] (ID: B0C59KBDRM)
2026-06-01 22:35:19,181 - INFO - [get_all_episodes_script] Found 0 playable episode action_keys
2026-06-01 22:35:19,181 - INFO - [get_all_episodes_script] Total parsed 21 episode details
2026-06-01 22:35:19,181 - INFO - [get_all_episodes_script] Filtered playable episodes count: 0
2026-06-01 22:35:19,181 - INFO - ============================================================
2026-06-01 22:35:19,182 - INFO - [get_seasons_info] get_all_episodes_script returned 0 episodes
2026-06-01 22:35:19,182 - INFO - ============================================================
2026-06-01 22:35:19,182 - INFO - [get_episodes_script] Starting to filter episode list...
2026-06-01 22:35:19,182 - INFO - [get_episodes_script] Input episodes count: 0
2026-06-01 22:35:19,182 - INFO - [get_episodes_script] Found 'episodeList' node
2026-06-01 22:35:19,182 - INFO - [get_episodes_script] totalCardSize = 20
2026-06-01 22:35:19,182 - INFO - [get_episodes_script] cardTitleIds count: 20
2026-06-01 22:35:19,182 - INFO - [get_episodes_script] cardTitleIds: ['B0C59MSZDZ', 'B0FVDG7LMN', 'B0GFX9NZVH', 'B0C59LPZDT', 'B0FWJS7JK1', 'B0FQRZSLQ5', 'B0FWYWSRYX', 'B0C59LBZ1X', 'B0FVKYJ1ZF', 'B0FV8DQP7C', 'B0C59MQYGP', 'B0GCKHP323', 'B0FR526L6P', 'B0GCF1163X', 'B0GFVWJH3C', 'B0FWJN6H4N', 'B09X1DL1BH', 'B0FVLH5D9J', 'B0FV8CRPH7', 'B0G4T2LY82']
2026-06-01 22:35:19,182 - INFO - [get_episodes_script] Final episodes count: 0
2026-06-01 22:35:19,182 - INFO - ============================================================
2026-06-01 22:35:19,182 - INFO - [get_seasons_info] get_episodes_script returned 0 episodes
2026-06-01 22:35:19,182 - INFO - [get_seasons_info] get_extras_script returned 0 extras categories
2026-06-01 22:35:19,190 - INFO - [get_seasons_info] More episodes need to be loaded (current: 0, total: 20)
2026-06-01 22:35:19,190 - INFO - [get_widget_token] no token found (single-page season or unexpected HTML shape)
2026-06-01 22:35:19,191 - INFO - [get_seasons_info] widget_token: 
2026-06-01 22:35:19,199 - INFO - [get_seasons_info] atf_asins count: 2
2026-06-01 22:35:19,199 - INFO - [get_seasons_info] btf_asins count: 40
2026-06-01 22:35:19,199 - INFO - [get_seasons_info] promotion_urls count: 0
2026-06-01 22:35:19,199 - WARNING - [get_seasons_info] Season 'Stargate Atlantis - Staffel 2 [dt./OV]' has no episodes or promotions, skipped
2026-06-01 22:35:19,199 - INFO - 
2026-06-01 22:35:19,199 - INFO - [get_seasons_info] >>>>>> Processing webpage 3 <<<<<<
2026-06-01 22:35:19,199 - INFO - [get_seasons_info] Webpage length: 1998283 characters
2026-06-01 22:35:19,201 - INFO - [get_seasons_info] Extracted ID from pageTitleId: B0B1MGJXK5
2026-06-01 22:35:19,211 - INFO - Parsing hydration-data script data for seasons (normalized)
2026-06-01 22:35:19,213 - INFO - [get_seasons_info] JSON parsed successfully, top-level keys: ['props']
2026-06-01 22:35:19,213 - INFO - [get_seasons_info] Using Script JSON parsing method...
2026-06-01 22:35:19,213 - INFO - ============================================================
2026-06-01 22:35:19,213 - INFO - [get_season_detail_script] Starting to parse season details...
2026-06-01 22:35:19,213 - INFO - [get_season_detail_script] Found 'props' node
2026-06-01 22:35:19,213 - INFO - [get_season_detail_script] Found 'body' node, contains 1 items
2026-06-01 22:35:19,213 - INFO - [get_season_detail_script] body[0] found 'atf' node
2026-06-01 22:35:19,214 - INFO - [get_season_detail_script] Found 'headerDetail', contains 1 keys
2026-06-01 22:35:19,214 - INFO - [get_season_detail_script] parentTitle = Stargate Atlantis [dt./OV]
2026-06-01 22:35:19,214 - INFO - [get_season_detail_script] title = Stargate Atlantis - Staffel 3 [dt./OV]
2026-06-01 22:35:19,214 - INFO - [get_season_detail_script] releaseYear = 2005
2026-06-01 22:35:19,214 - INFO - [get_season_detail_script] seasonNumber = 3
2026-06-01 22:35:19,214 - INFO - [get_season_detail_script] body[0] found 'btf' node
2026-06-01 22:35:19,214 - INFO - [get_season_detail_script] total_episodes = 20
2026-06-01 22:35:19,214 - INFO - [get_season_detail_script] Parse complete, result: {"parentTitle": "Stargate Atlantis [dt./OV]", "title": "Stargate Atlantis - Staffel 3 [dt./OV]", "releaseYear": 2005, "seasonNumber": 3, "total_episodes": 20}
2026-06-01 22:35:19,214 - INFO - ============================================================
2026-06-01 22:35:19,214 - INFO - [get_seasons_info] Parsed season details:
2026-06-01 22:35:19,214 - INFO -   - parentTitle: Stargate Atlantis [dt./OV]
2026-06-01 22:35:19,214 - INFO -   - season_name: Stargate Atlantis - Staffel 3 [dt./OV]
2026-06-01 22:35:19,214 - INFO -   - release_time: 2005
2026-06-01 22:35:19,214 - INFO -   - season_number: 3
2026-06-01 22:35:19,214 - INFO -   - total_episodes: 20
2026-06-01 22:35:19,215 - INFO - ============================================================
2026-06-01 22:35:19,215 - INFO - [get_all_episodes_script] Starting to parse all episodes...
2026-06-01 22:35:19,215 - INFO - [get_all_episodes_script] body[0] found 'btf' node
2026-06-01 22:35:19,215 - INFO - [get_all_episodes_script] Found 21 episode details
2026-06-01 22:35:19,215 - INFO - [get_all_episodes_script] Episode 1: Niemandsland (ID: B0FV7WR1G2)
2026-06-01 22:35:19,215 - INFO - [get_all_episodes_script] Episode 2: Ein schlechter Plan (ID: B09ZD8WD8B)
2026-06-01 22:35:19,215 - INFO - [get_all_episodes_script] Episode 3: Der Zaubertrank (ID: B0FXKYY8SB)
2026-06-01 22:35:19,215 - INFO - [get_all_episodes_script] Episode 4: Sateda (ID: B0FV8JTFF8)
2026-06-01 22:35:19,215 - INFO - [get_all_episodes_script] Episode 5: Der Bruderstreit (ID: B0FVKNPPWH)
2026-06-01 22:35:19,215 - INFO - [get_all_episodes_script] Episode 6: Atlantis Ruft (ID: B0FVFMY63D)
2026-06-01 22:35:19,215 - INFO - [get_all_episodes_script] Episode 7: Ein ungewöhnlicher Verbündeter (ID: B0GMQ6PCZF)
2026-06-01 22:35:19,215 - INFO - [get_all_episodes_script] Episode 8: Der doppelte Rodney (ID: B0FVHHZ993)
2026-06-01 22:35:19,215 - INFO - [get_all_episodes_script] Episode 9: Phantome (ID: B0B8M3KL52)
2026-06-01 22:35:19,215 - INFO - [get_all_episodes_script] Episode 10: Die Rückkehr Teil 1 (ID: B0GJMLVNHK)
2026-06-01 22:35:19,216 - INFO - [get_all_episodes_script] Episode 11: Die Rückkehr Teil 2 (ID: B0BYTCLLM6)
2026-06-01 22:35:19,216 - INFO - [get_all_episodes_script] Episode 12: Die Warnung (ID: B0GM2WVGJJ)
2026-06-01 22:35:19,216 - INFO - [get_all_episodes_script] Episode 13: Kolyas Ende (ID: B0FVG7PD22)
2026-06-01 22:35:19,216 - INFO - [get_all_episodes_script] Episode 14: Rodneys Tao (ID: B0BX2YKYZM)
2026-06-01 22:35:19,216 - INFO - [get_all_episodes_script] Episode 15: Das Spiel (ID: B0FV7Z5C5D)
2026-06-01 22:35:19,216 - INFO - [get_all_episodes_script] Episode 16: Die Arche (ID: B0FV9WPLVT)
2026-06-01 22:35:19,216 - INFO - [get_all_episodes_script] Episode 17: Ein freier Tag (ID: B0FPMV1SV5)
2026-06-01 22:35:19,216 - INFO - [get_all_episodes_script] Episode 18: Untergetaucht (ID: B0GF9Z7Y5N)
2026-06-01 22:35:19,216 - INFO - [get_all_episodes_script] Episode 19: Rache (ID: B0G4VWSQ7B)
2026-06-01 22:35:19,216 - INFO - [get_all_episodes_script] Episode 20: Der Angriff (ID: B09KG6JL8V)
2026-06-01 22:35:19,216 - INFO - [get_all_episodes_script] Episode 0: Stargate Atlantis - Staffel 3 [dt./OV] (ID: B0B1MGJXK5)
2026-06-01 22:35:19,216 - INFO - [get_all_episodes_script] Found 0 playable episode action_keys
2026-06-01 22:35:19,216 - INFO - [get_all_episodes_script] Total parsed 21 episode details
2026-06-01 22:35:19,217 - INFO - [get_all_episodes_script] Filtered playable episodes count: 0
2026-06-01 22:35:19,217 - INFO - ============================================================
2026-06-01 22:35:19,217 - INFO - [get_seasons_info] get_all_episodes_script returned 0 episodes
2026-06-01 22:35:19,217 - INFO - ============================================================
2026-06-01 22:35:19,217 - INFO - [get_episodes_script] Starting to filter episode list...
2026-06-01 22:35:19,217 - INFO - [get_episodes_script] Input episodes count: 0
2026-06-01 22:35:19,217 - INFO - [get_episodes_script] Found 'episodeList' node
2026-06-01 22:35:19,217 - INFO - [get_episodes_script] totalCardSize = 20
2026-06-01 22:35:19,217 - INFO - [get_episodes_script] cardTitleIds count: 20
2026-06-01 22:35:19,217 - INFO - [get_episodes_script] cardTitleIds: ['B0FV7WR1G2', 'B09ZD8WD8B', 'B0FXKYY8SB', 'B0FV8JTFF8', 'B0FVKNPPWH', 'B0FVFMY63D', 'B0GMQ6PCZF', 'B0FVHHZ993', 'B0B8M3KL52', 'B0GJMLVNHK', 'B0BYTCLLM6', 'B0GM2WVGJJ', 'B0FVG7PD22', 'B0BX2YKYZM', 'B0FV7Z5C5D', 'B0FV9WPLVT', 'B0FPMV1SV5', 'B0GF9Z7Y5N', 'B0G4VWSQ7B', 'B09KG6JL8V']
2026-06-01 22:35:19,217 - INFO - [get_episodes_script] Final episodes count: 0
2026-06-01 22:35:19,217 - INFO - ============================================================
2026-06-01 22:35:19,217 - INFO - [get_seasons_info] get_episodes_script returned 0 episodes
2026-06-01 22:35:19,218 - INFO - [get_seasons_info] get_extras_script returned 0 extras categories
2026-06-01 22:35:19,225 - INFO - [get_seasons_info] More episodes need to be loaded (current: 0, total: 20)
2026-06-01 22:35:19,226 - INFO - [get_widget_token] no token found (single-page season or unexpected HTML shape)
2026-06-01 22:35:19,226 - INFO - [get_seasons_info] widget_token: 
2026-06-01 22:35:19,234 - INFO - [get_seasons_info] atf_asins count: 2
2026-06-01 22:35:19,234 - INFO - [get_seasons_info] btf_asins count: 40
2026-06-01 22:35:19,234 - INFO - [get_seasons_info] promotion_urls count: 0
2026-06-01 22:35:19,234 - WARNING - [get_seasons_info] Season 'Stargate Atlantis - Staffel 3 [dt./OV]' has no episodes or promotions, skipped
2026-06-01 22:35:19,234 - INFO - 
2026-06-01 22:35:19,234 - INFO - [get_seasons_info] >>>>>> Processing webpage 4 <<<<<<
2026-06-01 22:35:19,234 - INFO - [get_seasons_info] Webpage length: 1951866 characters
2026-06-01 22:35:19,236 - INFO - [get_seasons_info] Extracted ID from pageTitleId: B0B6HJFWMK
2026-06-01 22:35:19,247 - INFO - Parsing hydration-data script data for seasons (normalized)
2026-06-01 22:35:19,249 - INFO - [get_seasons_info] JSON parsed successfully, top-level keys: ['props']
2026-06-01 22:35:19,249 - INFO - [get_seasons_info] Using Script JSON parsing method...
2026-06-01 22:35:19,249 - INFO - ============================================================
2026-06-01 22:35:19,249 - INFO - [get_season_detail_script] Starting to parse season details...
2026-06-01 22:35:19,249 - INFO - [get_season_detail_script] Found 'props' node
2026-06-01 22:35:19,249 - INFO - [get_season_detail_script] Found 'body' node, contains 1 items
2026-06-01 22:35:19,249 - INFO - [get_season_detail_script] body[0] found 'atf' node
2026-06-01 22:35:19,249 - INFO - [get_season_detail_script] Found 'headerDetail', contains 1 keys
2026-06-01 22:35:19,249 - INFO - [get_season_detail_script] parentTitle = Stargate Atlantis [dt./OV]
2026-06-01 22:35:19,249 - INFO - [get_season_detail_script] title = Stargate Atlantis - Staffel 4 [dt./OV]
2026-06-01 22:35:19,249 - INFO - [get_season_detail_script] releaseYear = 2005
2026-06-01 22:35:19,249 - INFO - [get_season_detail_script] seasonNumber = 4
2026-06-01 22:35:19,250 - INFO - [get_season_detail_script] body[0] found 'btf' node
2026-06-01 22:35:19,250 - INFO - [get_season_detail_script] total_episodes = 20
2026-06-01 22:35:19,250 - INFO - [get_season_detail_script] Parse complete, result: {"parentTitle": "Stargate Atlantis [dt./OV]", "title": "Stargate Atlantis - Staffel 4 [dt./OV]", "releaseYear": 2005, "seasonNumber": 4, "total_episodes": 20}
2026-06-01 22:35:19,250 - INFO - ============================================================
2026-06-01 22:35:19,250 - INFO - [get_seasons_info] Parsed season details:
2026-06-01 22:35:19,250 - INFO -   - parentTitle: Stargate Atlantis [dt./OV]
2026-06-01 22:35:19,250 - INFO -   - season_name: Stargate Atlantis - Staffel 4 [dt./OV]
2026-06-01 22:35:19,250 - INFO -   - release_time: 2005
2026-06-01 22:35:19,250 - INFO -   - season_number: 4
2026-06-01 22:35:19,250 - INFO -   - total_episodes: 20
2026-06-01 22:35:19,250 - INFO - ============================================================
2026-06-01 22:35:19,250 - INFO - [get_all_episodes_script] Starting to parse all episodes...
2026-06-01 22:35:19,250 - INFO - [get_all_episodes_script] body[0] found 'btf' node
2026-06-01 22:35:19,251 - INFO - [get_all_episodes_script] Found 21 episode details
2026-06-01 22:35:19,251 - INFO - [get_all_episodes_script] Episode 1: Verloren im All (ID: B0FV8GS6MY)
2026-06-01 22:35:19,251 - INFO - [get_all_episodes_script] Episode 2: Rettungsleine (ID: B0BYRCZY2C)
2026-06-01 22:35:19,251 - INFO - [get_all_episodes_script] Episode 3: Das Wiedersehen (ID: B0GMWL61FV)
2026-06-01 22:35:19,251 - INFO - [get_all_episodes_script] Episode 4: Doppelgänger (ID: B0BYRKD3YJ)
2026-06-01 22:35:19,251 - INFO - [get_all_episodes_script] Episode 5: Reisende (ID: B0BX48RGQV)
2026-06-01 22:35:19,251 - INFO - [get_all_episodes_script] Episode 6: Tabula Rasa (ID: B0FVLDNPZP)
2026-06-01 22:35:19,251 - INFO - [get_all_episodes_script] Episode 7: Verschollen (ID: B0FWWWL4KR)
2026-06-01 22:35:19,251 - INFO - [get_all_episodes_script] Episode 8: Der Seher (ID: B0C59N895J)
2026-06-01 22:35:19,251 - INFO - [get_all_episodes_script] Episode 9: Fehlentscheidung (ID: B0C59LBZ1Q)
2026-06-01 22:35:19,251 - INFO - [get_all_episodes_script] Episode 10: Die Mühsal der Sterbenden (ID: B0C59K34M6)
2026-06-01 22:35:19,251 - INFO - [get_all_episodes_script] Episode 11: Grosse und kleine Sünden (ID: B0C59M7SKC)
2026-06-01 22:35:19,251 - INFO - [get_all_episodes_script] Episode 12: Kriegsbeute (ID: B0C59LRCFR)
2026-06-01 22:35:19,251 - INFO - [get_all_episodes_script] Episode 13: Quarantäne (ID: B0B6RRVRTS)
2026-06-01 22:35:19,251 - INFO - [get_all_episodes_script] Episode 14: Prinzessin Harmony (ID: B0B8JYRLRX)
2026-06-01 22:35:19,252 - INFO - [get_all_episodes_script] Episode 15: Die Ausgestossene (ID: B0B75WTRKX)
2026-06-01 22:35:19,252 - INFO - [get_all_episodes_script] Episode 16: Trio (ID: B0FV8DGMR5)
2026-06-01 22:35:19,252 - INFO - [get_all_episodes_script] Episode 17: Auf der Mittelstation (ID: B0B8QFKJ83)
2026-06-01 22:35:19,252 - INFO - [get_all_episodes_script] Episode 18: Verwandte Teil 1 1 (ID: B0B6J4WM2H)
2026-06-01 22:35:19,252 - INFO - [get_all_episodes_script] Episode 19: Verwandte Teil 2 (ID: B0FWYSDPGV)
2026-06-01 22:35:19,252 - INFO - [get_all_episodes_script] Episode 20: Der letzte Mann (ID: B0B8JZNW4Q)
2026-06-01 22:35:19,252 - INFO - [get_all_episodes_script] Episode 0: Stargate Atlantis - Staffel 4 [dt./OV] (ID: B0B6HJFWMK)
2026-06-01 22:35:19,252 - INFO - [get_all_episodes_script] Found 0 playable episode action_keys
2026-06-01 22:35:19,252 - INFO - [get_all_episodes_script] Total parsed 21 episode details
2026-06-01 22:35:19,252 - INFO - [get_all_episodes_script] Filtered playable episodes count: 0
2026-06-01 22:35:19,252 - INFO - ============================================================
2026-06-01 22:35:19,252 - INFO - [get_seasons_info] get_all_episodes_script returned 0 episodes
2026-06-01 22:35:19,252 - INFO - ============================================================
2026-06-01 22:35:19,252 - INFO - [get_episodes_script] Starting to filter episode list...
2026-06-01 22:35:19,253 - INFO - [get_episodes_script] Input episodes count: 0
2026-06-01 22:35:19,253 - INFO - [get_episodes_script] Found 'episodeList' node
2026-06-01 22:35:19,253 - INFO - [get_episodes_script] totalCardSize = 20
2026-06-01 22:35:19,253 - INFO - [get_episodes_script] cardTitleIds count: 20
2026-06-01 22:35:19,253 - INFO - [get_episodes_script] cardTitleIds: ['B0FV8GS6MY', 'B0BYRCZY2C', 'B0GMWL61FV', 'B0BYRKD3YJ', 'B0BX48RGQV', 'B0FVLDNPZP', 'B0FWWWL4KR', 'B0C59N895J', 'B0C59LBZ1Q', 'B0C59K34M6', 'B0C59M7SKC', 'B0C59LRCFR', 'B0B6RRVRTS', 'B0B8JYRLRX', 'B0B75WTRKX', 'B0FV8DGMR5', 'B0B8QFKJ83', 'B0B6J4WM2H', 'B0FWYSDPGV', 'B0B8JZNW4Q']
2026-06-01 22:35:19,253 - INFO - [get_episodes_script] Final episodes count: 0
2026-06-01 22:35:19,253 - INFO - ============================================================
2026-06-01 22:35:19,253 - INFO - [get_seasons_info] get_episodes_script returned 0 episodes
2026-06-01 22:35:19,253 - INFO - [get_seasons_info] get_extras_script returned 0 extras categories
2026-06-01 22:35:19,261 - INFO - [get_seasons_info] More episodes need to be loaded (current: 0, total: 20)
2026-06-01 22:35:19,261 - INFO - [get_widget_token] no token found (single-page season or unexpected HTML shape)
2026-06-01 22:35:19,261 - INFO - [get_seasons_info] widget_token: 
2026-06-01 22:35:19,269 - INFO - [get_seasons_info] atf_asins count: 2
2026-06-01 22:35:19,269 - INFO - [get_seasons_info] btf_asins count: 40
2026-06-01 22:35:19,269 - INFO - [get_seasons_info] promotion_urls count: 0
2026-06-01 22:35:19,269 - WARNING - [get_seasons_info] Season 'Stargate Atlantis - Staffel 4 [dt./OV]' has no episodes or promotions, skipped
2026-06-01 22:35:19,269 - INFO - 
2026-06-01 22:35:19,270 - INFO - [get_seasons_info] >>>>>> Processing webpage 5 <<<<<<
2026-06-01 22:35:19,270 - INFO - [get_seasons_info] Webpage length: 1962504 characters
2026-06-01 22:35:19,271 - INFO - [get_seasons_info] Extracted ID from pageTitleId: B0B8M3LWHF
2026-06-01 22:35:19,282 - INFO - Parsing hydration-data script data for seasons (normalized)
2026-06-01 22:35:19,283 - INFO - [get_seasons_info] JSON parsed successfully, top-level keys: ['props']
2026-06-01 22:35:19,283 - INFO - [get_seasons_info] Using Script JSON parsing method...
2026-06-01 22:35:19,283 - INFO - ============================================================
2026-06-01 22:35:19,283 - INFO - [get_season_detail_script] Starting to parse season details...
2026-06-01 22:35:19,283 - INFO - [get_season_detail_script] Found 'props' node
2026-06-01 22:35:19,283 - INFO - [get_season_detail_script] Found 'body' node, contains 1 items
2026-06-01 22:35:19,283 - INFO - [get_season_detail_script] body[0] found 'atf' node
2026-06-01 22:35:19,283 - INFO - [get_season_detail_script] Found 'headerDetail', contains 1 keys
2026-06-01 22:35:19,283 - INFO - [get_season_detail_script] parentTitle = Stargate Atlantis [dt./OV]
2026-06-01 22:35:19,283 - INFO - [get_season_detail_script] title = Stargate Atlantis - Staffel 5 [dt./OV]
2026-06-01 22:35:19,284 - INFO - [get_season_detail_script] releaseYear = 2005
2026-06-01 22:35:19,284 - INFO - [get_season_detail_script] seasonNumber = 5
2026-06-01 22:35:19,284 - INFO - [get_season_detail_script] body[0] found 'btf' node
2026-06-01 22:35:19,284 - INFO - [get_season_detail_script] total_episodes = 20
2026-06-01 22:35:19,284 - INFO - [get_season_detail_script] Parse complete, result: {"parentTitle": "Stargate Atlantis [dt./OV]", "title": "Stargate Atlantis - Staffel 5 [dt./OV]", "releaseYear": 2005, "seasonNumber": 5, "total_episodes": 20}
2026-06-01 22:35:19,284 - INFO - ============================================================
2026-06-01 22:35:19,284 - INFO - [get_seasons_info] Parsed season details:
2026-06-01 22:35:19,284 - INFO -   - parentTitle: Stargate Atlantis [dt./OV]
2026-06-01 22:35:19,284 - INFO -   - season_name: Stargate Atlantis - Staffel 5 [dt./OV]
2026-06-01 22:35:19,284 - INFO -   - release_time: 2005
2026-06-01 22:35:19,284 - INFO -   - season_number: 5
2026-06-01 22:35:19,284 - INFO -   - total_episodes: 20
2026-06-01 22:35:19,284 - INFO - ============================================================
2026-06-01 22:35:19,284 - INFO - [get_all_episodes_script] Starting to parse all episodes...
2026-06-01 22:35:19,284 - INFO - [get_all_episodes_script] body[0] found 'btf' node
2026-06-01 22:35:19,285 - INFO - [get_all_episodes_script] Found 21 episode details
2026-06-01 22:35:19,285 - INFO - [get_all_episodes_script] Episode 1: Such- und Rettungsaktion (ID: B0B6V3YGYS)
2026-06-01 22:35:19,285 - INFO - [get_all_episodes_script] Episode 2: Der Keim (ID: B0B7DJFXNK)
2026-06-01 22:35:19,285 - INFO - [get_all_episodes_script] Episode 3: Gelöste Fesseln (ID: B0B8SXPTQF)
2026-06-01 22:35:19,285 - INFO - [get_all_episodes_script] Episode 4: Die Daedalus-Variationen (ID: B0B8TDWLVM)
2026-06-01 22:35:19,285 - INFO - [get_all_episodes_script] Episode 5: Geist in der Maschine (ID: B0B8LZYP69)
2026-06-01 22:35:19,285 - INFO - [get_all_episodes_script] Episode 6: Der Schrein (ID: B0B8QB1HMJ)
2026-06-01 22:35:19,285 - INFO - [get_all_episodes_script] Episode 7: Geflüster (ID: B0B8JL33LH)
2026-06-01 22:35:19,285 - INFO - [get_all_episodes_script] Episode 8: Die Königin (ID: B0B6CFMRL8)
2026-06-01 22:35:19,285 - INFO - [get_all_episodes_script] Episode 9: Fährtensucher (ID: B0B79Q5VXF)
2026-06-01 22:35:19,285 - INFO - [get_all_episodes_script] Episode 10: Erster Kontakt (ID: B0FPZSGLSH)
2026-06-01 22:35:19,285 - INFO - [get_all_episodes_script] Episode 11: Der verlorene Stamm (ID: B0B8TSWYMY)
2026-06-01 22:35:19,285 - INFO - [get_all_episodes_script] Episode 12: Aussenseiter (ID: B0B8PBW547)
2026-06-01 22:35:19,285 - INFO - [get_all_episodes_script] Episode 13: Inquisition (ID: B0B8RMZ8WG)
2026-06-01 22:35:19,286 - INFO - [get_all_episodes_script] Episode 14: Mutterliebe (ID: B0B8QN1MMS)
2026-06-01 22:35:19,286 - INFO - [get_all_episodes_script] Episode 15: Überreste (ID: B0FWXTC43M)
2026-06-01 22:35:19,286 - INFO - [get_all_episodes_script] Episode 16: Eiszeit (ID: B0B71MP8YL)
2026-06-01 22:35:19,286 - INFO - [get_all_episodes_script] Episode 17: Infektion (ID: B0B8P89HBQ)
2026-06-01 22:35:19,286 - INFO - [get_all_episodes_script] Episode 18: Identität (ID: B0FVJBF5PR)
2026-06-01 22:35:19,286 - INFO - [get_all_episodes_script] Episode 19: Vegas (ID: B0B8HZ41XK)
2026-06-01 22:35:19,286 - INFO - [get_all_episodes_script] Episode 20: Feind in Sicht (ID: B0CVQ7HX9R)
2026-06-01 22:35:19,286 - INFO - [get_all_episodes_script] Episode 0: Stargate Atlantis - Staffel 5 [dt./OV] (ID: B0B8M3LWHF)
2026-06-01 22:35:19,286 - INFO - [get_all_episodes_script] Found 0 playable episode action_keys
2026-06-01 22:35:19,286 - INFO - [get_all_episodes_script] Total parsed 21 episode details
2026-06-01 22:35:19,286 - INFO - [get_all_episodes_script] Filtered playable episodes count: 0
2026-06-01 22:35:19,286 - INFO - ============================================================
2026-06-01 22:35:19,286 - INFO - [get_seasons_info] get_all_episodes_script returned 0 episodes
2026-06-01 22:35:19,286 - INFO - ============================================================
2026-06-01 22:35:19,286 - INFO - [get_episodes_script] Starting to filter episode list...
2026-06-01 22:35:19,287 - INFO - [get_episodes_script] Input episodes count: 0
2026-06-01 22:35:19,287 - INFO - [get_episodes_script] Found 'episodeList' node
2026-06-01 22:35:19,287 - INFO - [get_episodes_script] totalCardSize = 20
2026-06-01 22:35:19,287 - INFO - [get_episodes_script] cardTitleIds count: 20
2026-06-01 22:35:19,287 - INFO - [get_episodes_script] cardTitleIds: ['B0B6V3YGYS', 'B0B7DJFXNK', 'B0B8SXPTQF', 'B0B8TDWLVM', 'B0B8LZYP69', 'B0B8QB1HMJ', 'B0B8JL33LH', 'B0B6CFMRL8', 'B0B79Q5VXF', 'B0FPZSGLSH', 'B0B8TSWYMY', 'B0B8PBW547', 'B0B8RMZ8WG', 'B0B8QN1MMS', 'B0FWXTC43M', 'B0B71MP8YL', 'B0B8P89HBQ', 'B0FVJBF5PR', 'B0B8HZ41XK', 'B0CVQ7HX9R']
2026-06-01 22:35:19,287 - INFO - [get_episodes_script] Final episodes count: 0
2026-06-01 22:35:19,287 - INFO - ============================================================
2026-06-01 22:35:19,287 - INFO - [get_seasons_info] get_episodes_script returned 0 episodes
2026-06-01 22:35:19,287 - INFO - [get_seasons_info] get_extras_script returned 0 extras categories
2026-06-01 22:35:19,295 - INFO - [get_seasons_info] More episodes need to be loaded (current: 0, total: 20)
2026-06-01 22:35:19,295 - INFO - [get_widget_token] no token found (single-page season or unexpected HTML shape)
2026-06-01 22:35:19,295 - INFO - [get_seasons_info] widget_token: 
2026-06-01 22:35:19,303 - INFO - [get_seasons_info] atf_asins count: 2
2026-06-01 22:35:19,303 - INFO - [get_seasons_info] btf_asins count: 40
2026-06-01 22:35:19,303 - INFO - [get_seasons_info] promotion_urls count: 0
2026-06-01 22:35:19,303 - WARNING - [get_seasons_info] Season 'Stargate Atlantis - Staffel 5 [dt./OV]' has no episodes or promotions, skipped
2026-06-01 22:35:19,304 - INFO - 
2026-06-01 22:35:19,304 - INFO - [get_seasons_info] ========== Parse Complete ==========
2026-06-01 22:35:19,304 - INFO - [get_seasons_info] Total parsed 1 seasons
2026-06-01 22:35:19,304 - INFO -   Season 1: Stargate Atlantis [dt./OV] - Stargate Atlantis - Staffel 1 [dt./OV] (1 episodes)
2026-06-01 22:35:30,057 - INFO - === amazon_is_meta start ===
2026-06-01 22:35:30,058 - INFO - input_file: H:/streamfab/outputTemp/amazonIsMetaPageTempIn.tmp
2026-06-01 22:35:30,059 - INFO - output_file: H:/streamfab/outputTemp/amazonIsMetaPageTempOut.tmp
2026-06-01 22:35:30,954 - INFO - read webpage, length: 1796903
2026-06-01 22:35:31,506 - INFO - parsed webpage with html5lib
2026-06-01 22:35:31,511 - INFO - main_element found: False
2026-06-01 22:35:31,512 - WARNING - main_element not found (id='main', data-testid='detailpage-main')
2026-06-01 22:35:31,528 - INFO - No block with pageTitleId+catalogId found
2026-06-01 22:35:31,528 - INFO - result: is_meta=False, media_type=movie, pageTitleId=None
2026-06-01 22:35:31,529 - INFO - wrote result to H:/streamfab/outputTemp/amazonIsMetaPageTempOut.tmp
2026-06-01 22:35:31,529 - INFO - === amazon_is_meta complete ===
2026-06-01 22:35:43,584 - INFO - === amazon_is_meta start ===
2026-06-01 22:35:43,585 - INFO - input_file: H:/streamfab/outputTemp/amazonIsMetaPageTempIn.tmp
2026-06-01 22:35:43,585 - INFO - output_file: H:/streamfab/outputTemp/amazonIsMetaPageTempOut.tmp
2026-06-01 22:35:44,453 - INFO - read webpage, length: 1799289
2026-06-01 22:35:44,957 - INFO - parsed webpage with html5lib
2026-06-01 22:35:44,963 - INFO - main_element found: False
2026-06-01 22:35:44,963 - WARNING - main_element not found (id='main', data-testid='detailpage-main')
2026-06-01 22:35:44,980 - INFO - No block with pageTitleId+catalogId found
2026-06-01 22:35:44,981 - INFO - result: is_meta=False, media_type=movie, pageTitleId=None
2026-06-01 22:35:44,981 - INFO - wrote result to H:/streamfab/outputTemp/amazonIsMetaPageTempOut.tmp
2026-06-01 22:35:44,981 - INFO - === amazon_is_meta complete ===
2026-06-05 23:39:54,907 - INFO - === amazon_is_meta start ===
2026-06-05 23:39:54,946 - INFO - input_file: H:/streamfab/outputTemp/amazonIsMetaPageTempIn.tmp
2026-06-05 23:39:54,947 - INFO - output_file: H:/streamfab/outputTemp/amazonIsMetaPageTempOut.tmp
2026-06-05 23:39:55,759 - INFO - read webpage, length: 1746043
2026-06-05 23:39:56,270 - INFO - parsed webpage with html5lib
2026-06-05 23:39:56,276 - INFO - main_element found: False
2026-06-05 23:39:56,276 - WARNING - main_element not found (id='main', data-testid='detailpage-main')
2026-06-05 23:39:56,293 - INFO - No block with pageTitleId+catalogId found
2026-06-05 23:39:56,293 - INFO - result: is_meta=False, media_type=movie, pageTitleId=None
2026-06-05 23:39:56,305 - INFO - wrote result to H:/streamfab/outputTemp/amazonIsMetaPageTempOut.tmp
2026-06-05 23:39:56,305 - INFO - === amazon_is_meta complete ===
2026-06-05 23:40:30,151 - INFO - === amazon_is_meta start ===
2026-06-05 23:40:30,178 - INFO - input_file: H:/streamfab/outputTemp/amazonIsMetaPageTempIn.tmp
2026-06-05 23:40:30,178 - INFO - output_file: H:/streamfab/outputTemp/amazonIsMetaPageTempOut.tmp
2026-06-05 23:40:30,974 - INFO - read webpage, length: 769866
2026-06-05 23:40:31,325 - INFO - parsed webpage with html5lib
2026-06-05 23:40:31,330 - INFO - main_element found: False
2026-06-05 23:40:31,330 - WARNING - main_element not found (id='main', data-testid='detailpage-main')
2026-06-05 23:40:31,345 - INFO - No block with pageTitleId+catalogId found
2026-06-05 23:40:31,345 - INFO - result: is_meta=False, media_type=movie, pageTitleId=None
2026-06-05 23:40:31,345 - INFO - wrote result to H:/streamfab/outputTemp/amazonIsMetaPageTempOut.tmp
2026-06-05 23:40:31,345 - INFO - === amazon_is_meta complete ===
2026-06-05 23:41:04,189 - INFO - === amazon_is_meta start ===
2026-06-05 23:41:04,190 - INFO - input_file: H:/streamfab/outputTemp/amazonIsMetaPageTempIn.tmp
2026-06-05 23:41:04,190 - INFO - output_file: H:/streamfab/outputTemp/amazonIsMetaPageTempOut.tmp
2026-06-05 23:41:05,457 - INFO - read webpage, length: 1130488
2026-06-05 23:41:06,324 - INFO - parsed webpage with html5lib
2026-06-05 23:41:06,338 - INFO - main_element found: False
2026-06-05 23:41:06,338 - WARNING - main_element not found (id='main', data-testid='detailpage-main')
2026-06-05 23:41:06,381 - INFO - No block with pageTitleId+catalogId found
2026-06-05 23:41:06,381 - INFO - result: is_meta=False, media_type=movie, pageTitleId=None
2026-06-05 23:41:06,381 - INFO - wrote result to H:/streamfab/outputTemp/amazonIsMetaPageTempOut.tmp
2026-06-05 23:41:06,381 - INFO - === amazon_is_meta complete ===
2026-06-05 23:41:08,245 - INFO - === amazon_is_meta start ===
2026-06-05 23:41:08,246 - INFO - input_file: H:/streamfab/outputTemp/amazonIsMetaPageTempIn.tmp
2026-06-05 23:41:08,246 - INFO - output_file: H:/streamfab/outputTemp/amazonIsMetaPageTempOut.tmp
2026-06-05 23:41:09,441 - INFO - read webpage, length: 1121458
2026-06-05 23:41:10,286 - INFO - parsed webpage with html5lib
2026-06-05 23:41:10,298 - INFO - main_element found: False
2026-06-05 23:41:10,298 - WARNING - main_element not found (id='main', data-testid='detailpage-main')
2026-06-05 23:41:10,337 - INFO - No block with pageTitleId+catalogId found
2026-06-05 23:41:10,337 - INFO - result: is_meta=False, media_type=movie, pageTitleId=None
2026-06-05 23:41:10,337 - INFO - wrote result to H:/streamfab/outputTemp/amazonIsMetaPageTempOut.tmp
2026-06-05 23:41:10,337 - INFO - === amazon_is_meta complete ===
2026-06-05 23:41:11,366 - INFO - === amazon_is_meta start ===
2026-06-05 23:41:11,367 - INFO - input_file: H:/streamfab/outputTemp/amazonIsMetaPageTempIn.tmp
2026-06-05 23:41:11,367 - INFO - output_file: H:/streamfab/outputTemp/amazonIsMetaPageTempOut.tmp
2026-06-05 23:41:12,281 - INFO - read webpage, length: 1784737
2026-06-05 23:41:12,778 - INFO - parsed webpage with html5lib
2026-06-05 23:41:12,784 - INFO - main_element found: False
2026-06-05 23:41:12,784 - WARNING - main_element not found (id='main', data-testid='detailpage-main')
2026-06-05 23:41:12,800 - INFO - No block with pageTitleId+catalogId found
2026-06-05 23:41:12,801 - INFO - result: is_meta=False, media_type=movie, pageTitleId=None
2026-06-05 23:41:12,801 - INFO - wrote result to H:/streamfab/outputTemp/amazonIsMetaPageTempOut.tmp
2026-06-05 23:41:12,801 - INFO - === amazon_is_meta complete ===
2026-06-05 23:41:41,930 - INFO - === amazon_is_meta start ===
2026-06-05 23:41:41,931 - INFO - input_file: H:/streamfab/outputTemp/amazonIsMetaPageTempIn.tmp
2026-06-05 23:41:41,931 - INFO - output_file: H:/streamfab/outputTemp/amazonIsMetaPageTempOut.tmp
2026-06-05 23:41:42,741 - INFO - read webpage, length: 499777
2026-06-05 23:41:43,007 - INFO - parsed webpage with html5lib
2026-06-05 23:41:43,010 - INFO - main_element found: True
2026-06-05 23:41:43,016 - INFO - e_synopsis (.dv-dp-node-synopsis): 1
2026-06-05 23:41:43,016 - INFO - is_meta=True (synopsis: 1)
2026-06-05 23:41:43,026 - INFO - e_live (live-state-badge): 0
2026-06-05 23:41:43,036 - INFO - e_episodes ({'data-testid': 'episode-list-item'}): 0
2026-06-05 23:41:43,049 - INFO - e_episodes ({'class_': 'XR0d6P'}): 0
2026-06-05 23:41:43,062 - INFO - e_episodes ({'class_': 'GG33WY'}): 0
2026-06-05 23:41:43,075 - INFO - e_episodes ({'class_': 'SIGk7D'}): 0
2026-06-05 23:41:43,085 - INFO - Found hydration-data block, pageTitleId=B0GY8N5XCJ
2026-06-05 23:41:43,085 - INFO - result: is_meta=True, media_type=movie, pageTitleId=B0GY8N5XCJ
2026-06-05 23:41:43,087 - INFO - wrote result to H:/streamfab/outputTemp/amazonIsMetaPageTempOut.tmp
2026-06-05 23:41:43,087 - INFO - === amazon_is_meta complete ===
2026-06-05 23:41:45,118 - WARNING - No season urls found - trying '.dv-node-dp-seasons a'...
2026-06-05 23:41:45,145 - WARNING - No season urls found - trying '.dv-node-dp-seasons-default a'...
2026-06-05 23:41:45,172 - INFO - amazon_get_season_urls complete...
2026-06-05 23:41:47,164 - INFO - get_real_url complete...
2026-06-05 23:41:48,849 - INFO - Parsed hydration-data script data
2026-06-05 23:41:48,852 - INFO - get_meta_info complete...
2026-06-05 23:41:50,532 - INFO - [get_seasons_info] ========== Starting to parse season info ==========
2026-06-05 23:41:50,532 - INFO - [get_seasons_info] Input webpages count: 1
2026-06-05 23:41:50,532 - INFO - 
2026-06-05 23:41:50,532 - INFO - [get_seasons_info] >>>>>> Processing webpage 1 <<<<<<
2026-06-05 23:41:50,532 - INFO - [get_seasons_info] Webpage length: 499777 characters
2026-06-05 23:41:50,533 - INFO - [get_seasons_info] Extracted ID from pageTitleId: B0GY8N5XCJ
2026-06-05 23:41:50,534 - INFO - Parsing hydration-data script data for seasons (normalized)
2026-06-05 23:41:50,534 - INFO - [get_seasons_info] JSON parsed successfully, top-level keys: ['props']
2026-06-05 23:41:50,534 - INFO - [get_seasons_info] Using Script JSON parsing method...
2026-06-05 23:41:50,534 - INFO - ============================================================
2026-06-05 23:41:50,534 - INFO - [get_season_detail_script] Starting to parse season details...
2026-06-05 23:41:50,534 - INFO - [get_season_detail_script] Found 'props' node
2026-06-05 23:41:50,534 - INFO - [get_season_detail_script] Found 'body' node, contains 1 items
2026-06-05 23:41:50,535 - INFO - [get_season_detail_script] body[0] found 'atf' node
2026-06-05 23:41:50,535 - INFO - [get_season_detail_script] Found 'headerDetail', contains 1 keys
2026-06-05 23:41:50,535 - INFO - [get_season_detail_script] title = UNA DI FAMIGLIA - THE HOUSEMAID
2026-06-05 23:41:50,535 - INFO - [get_season_detail_script] releaseYear = 2026
2026-06-05 23:41:50,535 - INFO - [get_season_detail_script] body[0] found 'btf' node
2026-06-05 23:41:50,536 - INFO - [get_season_detail_script] Parse complete, result: {"parentTitle": "", "title": "UNA DI FAMIGLIA - THE HOUSEMAID", "releaseYear": 2026, "seasonNumber": 0, "total_episodes": 0}
2026-06-05 23:41:50,536 - INFO - ============================================================
2026-06-05 23:41:50,536 - INFO - [get_seasons_info] Parsed season details:
2026-06-05 23:41:50,536 - INFO -   - parentTitle: 
2026-06-05 23:41:50,536 - INFO -   - season_name: UNA DI FAMIGLIA - THE HOUSEMAID
2026-06-05 23:41:50,536 - INFO -   - release_time: 2026
2026-06-05 23:41:50,536 - INFO -   - season_number: 0
2026-06-05 23:41:50,537 - INFO -   - total_episodes: 0
2026-06-05 23:41:50,537 - INFO - ============================================================
2026-06-05 23:41:50,537 - INFO - [get_all_episodes_script] Starting to parse all episodes...
2026-06-05 23:41:50,537 - INFO - [get_all_episodes_script] body[0] found 'btf' node
2026-06-05 23:41:50,537 - INFO - [get_all_episodes_script] Found 1 episode details
2026-06-05 23:41:50,537 - INFO - [get_all_episodes_script] Episode 0: UNA DI FAMIGLIA - THE HOUSEMAID (ID: B0GY8N5XCJ)
2026-06-05 23:41:50,537 - INFO - [get_all_episodes_script] Found 0 playable episode action_keys
2026-06-05 23:41:50,537 - INFO - [get_all_episodes_script] Total parsed 1 episode details
2026-06-05 23:41:50,537 - INFO - [get_all_episodes_script] Filtered playable episodes count: 0
2026-06-05 23:41:50,537 - INFO - ============================================================
2026-06-05 23:41:50,538 - INFO - [get_seasons_info] get_all_episodes_script returned 0 episodes
2026-06-05 23:41:50,538 - INFO - ============================================================
2026-06-05 23:41:50,538 - INFO - [get_episodes_script] Starting to filter episode list...
2026-06-05 23:41:50,538 - INFO - [get_episodes_script] Input episodes count: 0
2026-06-05 23:41:50,538 - INFO - [get_episodes_script] Found 'episodeList' node
2026-06-05 23:41:50,538 - INFO - [get_episodes_script] Final episodes count: 0
2026-06-05 23:41:50,538 - INFO - ============================================================
2026-06-05 23:41:50,538 - INFO - [get_seasons_info] get_episodes_script returned 0 episodes
2026-06-05 23:41:50,538 - INFO - [get_seasons_info] get_extras_script returned 0 extras categories
2026-06-05 23:41:50,539 - INFO - [get_seasons_info] atf_asins count: 1
2026-06-05 23:41:50,539 - INFO - [get_seasons_info] btf_asins count: 0
2026-06-05 23:41:50,540 - INFO - [get_seasons_info] promotion_urls count: 0
2026-06-05 23:41:50,540 - WARNING - [get_seasons_info] Season 'UNA DI FAMIGLIA - THE HOUSEMAID' has no episodes or promotions, skipped
2026-06-05 23:41:50,540 - INFO - 
2026-06-05 23:41:50,540 - INFO - [get_seasons_info] ========== Parse Complete ==========
2026-06-05 23:41:50,540 - INFO - [get_seasons_info] Total parsed 0 seasons
2026-06-05 23:42:08,567 - INFO - === amazon_is_meta start ===
2026-06-05 23:42:08,569 - INFO - input_file: H:/streamfab/outputTemp/amazonIsMetaPageTempIn.tmp
2026-06-05 23:42:08,569 - INFO - output_file: H:/streamfab/outputTemp/amazonIsMetaPageTempOut.tmp
2026-06-05 23:42:09,366 - INFO - read webpage, length: 774268
2026-06-05 23:42:09,712 - INFO - parsed webpage with html5lib
2026-06-05 23:42:09,717 - INFO - main_element found: False
2026-06-05 23:42:09,717 - WARNING - main_element not found (id='main', data-testid='detailpage-main')
2026-06-05 23:42:09,732 - INFO - No block with pageTitleId+catalogId found
2026-06-05 23:42:09,732 - INFO - result: is_meta=False, media_type=movie, pageTitleId=None
2026-06-05 23:42:09,732 - INFO - wrote result to H:/streamfab/outputTemp/amazonIsMetaPageTempOut.tmp
2026-06-05 23:42:09,732 - INFO - === amazon_is_meta complete ===
2026-06-06 02:27:26,901 - INFO - === amazon_is_meta start ===
2026-06-06 02:27:26,901 - INFO - input_file: H:/streamfab/outputTemp/amazonIsMetaPageTempIn.tmp
2026-06-06 02:27:26,901 - INFO - output_file: H:/streamfab/outputTemp/amazonIsMetaPageTempOut.tmp
2026-06-06 02:27:27,723 - INFO - read webpage, length: 1811245
2026-06-06 02:27:28,247 - INFO - parsed webpage with html5lib
2026-06-06 02:27:28,253 - INFO - main_element found: False
2026-06-06 02:27:28,253 - WARNING - main_element not found (id='main', data-testid='detailpage-main')
2026-06-06 02:27:28,271 - INFO - No block with pageTitleId+catalogId found
2026-06-06 02:27:28,271 - INFO - result: is_meta=False, media_type=movie, pageTitleId=None
2026-06-06 02:27:28,272 - INFO - wrote result to H:/streamfab/outputTemp/amazonIsMetaPageTempOut.tmp
2026-06-06 02:27:28,272 - INFO - === amazon_is_meta complete ===
2026-06-06 02:27:43,276 - INFO - === amazon_is_meta start ===
2026-06-06 02:27:43,277 - INFO - input_file: H:/streamfab/outputTemp/amazonIsMetaPageTempIn.tmp
2026-06-06 02:27:43,277 - INFO - output_file: H:/streamfab/outputTemp/amazonIsMetaPageTempOut.tmp
2026-06-06 02:27:44,124 - INFO - read webpage, length: 1776984
2026-06-06 02:27:44,610 - INFO - parsed webpage with html5lib
2026-06-06 02:27:44,616 - INFO - main_element found: False
2026-06-06 02:27:44,616 - WARNING - main_element not found (id='main', data-testid='detailpage-main')
2026-06-06 02:27:44,633 - INFO - No block with pageTitleId+catalogId found
2026-06-06 02:27:44,633 - INFO - result: is_meta=False, media_type=movie, pageTitleId=None
2026-06-06 02:27:44,633 - INFO - wrote result to H:/streamfab/outputTemp/amazonIsMetaPageTempOut.tmp
2026-06-06 02:27:44,633 - INFO - === amazon_is_meta complete ===
2026-06-06 11:43:38,074 - INFO - === amazon_is_meta start ===
2026-06-06 11:43:38,098 - INFO - input_file: H:/streamfab/outputTemp/amazonIsMetaPageTempIn.tmp
2026-06-06 11:43:38,098 - INFO - output_file: H:/streamfab/outputTemp/amazonIsMetaPageTempOut.tmp
2026-06-06 11:43:39,102 - INFO - read webpage, length: 732040
2026-06-06 11:43:39,503 - INFO - parsed webpage with html5lib
2026-06-06 11:43:39,505 - INFO - main_element found: True
2026-06-06 11:43:39,521 - INFO - e_synopsis (.dv-dp-node-synopsis): 1
2026-06-06 11:43:39,521 - INFO - is_meta=True (synopsis: 1)
2026-06-06 11:43:39,537 - INFO - e_live (live-state-badge): 0
2026-06-06 11:43:39,555 - INFO - e_episodes ({'data-testid': 'episode-list-item'}): 0
2026-06-06 11:43:39,575 - INFO - e_episodes ({'class_': 'XR0d6P'}): 0
2026-06-06 11:43:39,596 - INFO - e_episodes ({'class_': 'GG33WY'}): 0
2026-06-06 11:43:39,615 - INFO - e_episodes ({'class_': 'SIGk7D'}): 0
2026-06-06 11:43:39,628 - INFO - Found hydration-data block, pageTitleId=B00FYV5VGI
2026-06-06 11:43:39,629 - INFO - result: is_meta=True, media_type=movie, pageTitleId=B00FYV5VGI
2026-06-06 11:43:39,635 - INFO - wrote result to H:/streamfab/outputTemp/amazonIsMetaPageTempOut.tmp
2026-06-06 11:43:39,635 - INFO - === amazon_is_meta complete ===
2026-06-06 11:43:42,386 - WARNING - No season urls found - trying '.dv-node-dp-seasons a'...
2026-06-06 11:43:42,421 - WARNING - No season urls found - trying '.dv-node-dp-seasons-default a'...
2026-06-06 11:43:42,456 - INFO - amazon_get_season_urls complete...
2026-06-06 11:43:44,809 - INFO - get_real_url complete...
2026-06-06 11:43:46,943 - INFO - Parsed hydration-data script data
2026-06-06 11:43:46,964 - INFO - get_meta_info complete...
2026-06-06 11:43:48,947 - INFO - [get_seasons_info] ========== Starting to parse season info ==========
2026-06-06 11:43:48,948 - INFO - [get_seasons_info] Input webpages count: 1
2026-06-06 11:43:48,948 - INFO - 
2026-06-06 11:43:48,948 - INFO - [get_seasons_info] >>>>>> Processing webpage 1 <<<<<<
2026-06-06 11:43:48,948 - INFO - [get_seasons_info] Webpage length: 732040 characters
2026-06-06 11:43:48,950 - INFO - [get_seasons_info] Extracted ID from pageTitleId: B00FYV5VGI
2026-06-06 11:43:48,955 - INFO - Parsing hydration-data script data for seasons (normalized)
2026-06-06 11:43:48,955 - INFO - [get_seasons_info] JSON parsed successfully, top-level keys: ['props']
2026-06-06 11:43:48,955 - INFO - [get_seasons_info] Using Script JSON parsing method...
2026-06-06 11:43:48,956 - INFO - ============================================================
2026-06-06 11:43:48,956 - INFO - [get_season_detail_script] Starting to parse season details...
2026-06-06 11:43:48,956 - INFO - [get_season_detail_script] Found 'props' node
2026-06-06 11:43:48,956 - INFO - [get_season_detail_script] Found 'body' node, contains 1 items
2026-06-06 11:43:48,956 - INFO - [get_season_detail_script] body[0] found 'atf' node
2026-06-06 11:43:48,956 - INFO - [get_season_detail_script] Found 'headerDetail', contains 1 keys
2026-06-06 11:43:48,956 - INFO - [get_season_detail_script] title = Troja
2026-06-06 11:43:48,957 - INFO - [get_season_detail_script] releaseYear = 2004
2026-06-06 11:43:48,957 - INFO - [get_season_detail_script] body[0] found 'btf' node
2026-06-06 11:43:48,957 - INFO - [get_season_detail_script] Parse complete, result: {"parentTitle": "", "title": "Troja", "releaseYear": 2004, "seasonNumber": 0, "total_episodes": 0}
2026-06-06 11:43:48,957 - INFO - ============================================================
2026-06-06 11:43:48,957 - INFO - [get_seasons_info] Parsed season details:
2026-06-06 11:43:48,957 - INFO -   - parentTitle: 
2026-06-06 11:43:48,957 - INFO -   - season_name: Troja
2026-06-06 11:43:48,958 - INFO -   - release_time: 2004
2026-06-06 11:43:48,958 - INFO -   - season_number: 0
2026-06-06 11:43:48,958 - INFO -   - total_episodes: 0
2026-06-06 11:43:48,958 - INFO - ============================================================
2026-06-06 11:43:48,958 - INFO - [get_all_episodes_script] Starting to parse all episodes...
2026-06-06 11:43:48,958 - INFO - [get_all_episodes_script] body[0] found 'btf' node
2026-06-06 11:43:48,959 - INFO - [get_all_episodes_script] Found 1 episode details
2026-06-06 11:43:48,959 - INFO - [get_all_episodes_script] Episode 0: Troja (ID: B00FYV5VGI)
2026-06-06 11:43:48,959 - INFO - [get_all_episodes_script] Found 0 playable episode action_keys
2026-06-06 11:43:48,959 - INFO - [get_all_episodes_script] Total parsed 1 episode details
2026-06-06 11:43:48,959 - INFO - [get_all_episodes_script] Filtered playable episodes count: 0
2026-06-06 11:43:48,959 - INFO - ============================================================
2026-06-06 11:43:48,959 - INFO - [get_seasons_info] get_all_episodes_script returned 0 episodes
2026-06-06 11:43:48,959 - INFO - ============================================================
2026-06-06 11:43:48,960 - INFO - [get_episodes_script] Starting to filter episode list...
2026-06-06 11:43:48,960 - INFO - [get_episodes_script] Input episodes count: 0
2026-06-06 11:43:48,960 - INFO - [get_episodes_script] Found 'episodeList' node
2026-06-06 11:43:48,960 - INFO - [get_episodes_script] Final episodes count: 0
2026-06-06 11:43:48,960 - INFO - ============================================================
2026-06-06 11:43:48,960 - INFO - [get_seasons_info] get_episodes_script returned 0 episodes
2026-06-06 11:43:48,961 - INFO - [get_seasons_info] get_extras_script returned 1 extras categories
2026-06-06 11:43:48,967 - INFO - [get_seasons_info] atf_asins count: 1
2026-06-06 11:43:48,968 - INFO - [get_seasons_info] btf_asins count: 0
2026-06-06 11:43:48,968 - INFO - [get_seasons_info] promotion_urls count: 0
2026-06-06 11:43:48,968 - WARNING - [get_seasons_info] Season 'Troja' has no episodes or promotions, skipped
2026-06-06 11:43:48,968 - INFO - 
2026-06-06 11:43:48,968 - INFO - [get_seasons_info] ========== Parse Complete ==========
2026-06-06 11:43:48,968 - INFO - [get_seasons_info] Total parsed 0 seasons
2026-06-06 11:44:22,501 - INFO - === amazon_is_meta start ===
2026-06-06 11:44:22,517 - INFO - input_file: H:/streamfab/outputTemp/amazonIsMetaPageTempIn.tmp
2026-06-06 11:44:22,518 - INFO - output_file: H:/streamfab/outputTemp/amazonIsMetaPageTempOut.tmp
2026-06-06 11:44:23,409 - INFO - read webpage, length: 1792597
2026-06-06 11:44:23,924 - INFO - parsed webpage with html5lib
2026-06-06 11:44:23,930 - INFO - main_element found: False
2026-06-06 11:44:23,930 - WARNING - main_element not found (id='main', data-testid='detailpage-main')
2026-06-06 11:44:23,948 - INFO - No block with pageTitleId+catalogId found
2026-06-06 11:44:23,948 - INFO - result: is_meta=False, media_type=movie, pageTitleId=None
2026-06-06 11:44:23,948 - INFO - wrote result to H:/streamfab/outputTemp/amazonIsMetaPageTempOut.tmp
2026-06-06 11:44:23,948 - INFO - === amazon_is_meta complete ===
2026-06-06 11:45:42,167 - INFO - === amazon_is_meta start ===
2026-06-06 11:45:42,168 - INFO - input_file: H:/streamfab/outputTemp/amazonIsMetaPageTempIn.tmp
2026-06-06 11:45:42,168 - INFO - output_file: H:/streamfab/outputTemp/amazonIsMetaPageTempOut.tmp
2026-06-06 11:45:43,035 - INFO - read webpage, length: 741591
2026-06-06 11:45:43,383 - INFO - parsed webpage with html5lib
2026-06-06 11:45:43,385 - INFO - main_element found: True
2026-06-06 11:45:43,398 - INFO - e_synopsis (.dv-dp-node-synopsis): 1
2026-06-06 11:45:43,398 - INFO - is_meta=True (synopsis: 1)
2026-06-06 11:45:43,410 - INFO - e_live (live-state-badge): 0
2026-06-06 11:45:43,423 - INFO - e_episodes ({'data-testid': 'episode-list-item'}): 0
2026-06-06 11:45:43,440 - INFO - e_episodes ({'class_': 'XR0d6P'}): 0
2026-06-06 11:45:43,457 - INFO - e_episodes ({'class_': 'GG33WY'}): 0
2026-06-06 11:45:43,474 - INFO - e_episodes ({'class_': 'SIGk7D'}): 0
2026-06-06 11:45:43,486 - INFO - Found hydration-data block, pageTitleId=B00FYV5VGI
2026-06-06 11:45:43,486 - INFO - result: is_meta=True, media_type=movie, pageTitleId=B00FYV5VGI
2026-06-06 11:45:43,490 - INFO - wrote result to H:/streamfab/outputTemp/amazonIsMetaPageTempOut.tmp
2026-06-06 11:45:43,490 - INFO - === amazon_is_meta complete ===
2026-06-06 11:45:45,725 - WARNING - No season urls found - trying '.dv-node-dp-seasons a'...
2026-06-06 11:45:45,762 - WARNING - No season urls found - trying '.dv-node-dp-seasons-default a'...
2026-06-06 11:45:45,798 - INFO - amazon_get_season_urls complete...
2026-06-06 11:45:48,136 - INFO - get_real_url complete...
2026-06-06 11:45:49,971 - INFO - Parsed hydration-data script data
2026-06-06 11:45:49,973 - INFO - get_meta_info complete...
2026-06-06 11:45:51,764 - INFO - [get_seasons_info] ========== Starting to parse season info ==========
2026-06-06 11:45:51,765 - INFO - [get_seasons_info] Input webpages count: 1
2026-06-06 11:45:51,765 - INFO - 
2026-06-06 11:45:51,765 - INFO - [get_seasons_info] >>>>>> Processing webpage 1 <<<<<<
2026-06-06 11:45:51,765 - INFO - [get_seasons_info] Webpage length: 741591 characters
2026-06-06 11:45:51,768 - INFO - [get_seasons_info] Extracted ID from pageTitleId: B00FYV5VGI
2026-06-06 11:45:51,771 - INFO - Parsing hydration-data script data for seasons (normalized)
2026-06-06 11:45:51,771 - INFO - [get_seasons_info] JSON parsed successfully, top-level keys: ['props']
2026-06-06 11:45:51,771 - INFO - [get_seasons_info] Using Script JSON parsing method...
2026-06-06 11:45:51,771 - INFO - ============================================================
2026-06-06 11:45:51,771 - INFO - [get_season_detail_script] Starting to parse season details...
2026-06-06 11:45:51,771 - INFO - [get_season_detail_script] Found 'props' node
2026-06-06 11:45:51,771 - INFO - [get_season_detail_script] Found 'body' node, contains 1 items
2026-06-06 11:45:51,771 - INFO - [get_season_detail_script] body[0] found 'atf' node
2026-06-06 11:45:51,771 - INFO - [get_season_detail_script] Found 'headerDetail', contains 1 keys
2026-06-06 11:45:51,771 - INFO - [get_season_detail_script] title = Troja
2026-06-06 11:45:51,771 - INFO - [get_season_detail_script] releaseYear = 2004
2026-06-06 11:45:51,772 - INFO - [get_season_detail_script] body[0] found 'btf' node
2026-06-06 11:45:51,772 - INFO - [get_season_detail_script] Parse complete, result: {"parentTitle": "", "title": "Troja", "releaseYear": 2004, "seasonNumber": 0, "total_episodes": 0}
2026-06-06 11:45:51,772 - INFO - ============================================================
2026-06-06 11:45:51,772 - INFO - [get_seasons_info] Parsed season details:
2026-06-06 11:45:51,772 - INFO -   - parentTitle: 
2026-06-06 11:45:51,772 - INFO -   - season_name: Troja
2026-06-06 11:45:51,772 - INFO -   - release_time: 2004
2026-06-06 11:45:51,772 - INFO -   - season_number: 0
2026-06-06 11:45:51,772 - INFO -   - total_episodes: 0
2026-06-06 11:45:51,772 - INFO - ============================================================
2026-06-06 11:45:51,772 - INFO - [get_all_episodes_script] Starting to parse all episodes...
2026-06-06 11:45:51,772 - INFO - [get_all_episodes_script] body[0] found 'btf' node
2026-06-06 11:45:51,772 - INFO - [get_all_episodes_script] Found 1 episode details
2026-06-06 11:45:51,772 - INFO - [get_all_episodes_script] Episode 0: Troja (ID: B00FYV5VGI)
2026-06-06 11:45:51,772 - INFO - [get_all_episodes_script] Found 0 playable episode action_keys
2026-06-06 11:45:51,773 - INFO - [get_all_episodes_script] Total parsed 1 episode details
2026-06-06 11:45:51,773 - INFO - [get_all_episodes_script] Filtered playable episodes count: 0
2026-06-06 11:45:51,773 - INFO - ============================================================
2026-06-06 11:45:51,773 - INFO - [get_seasons_info] get_all_episodes_script returned 0 episodes
2026-06-06 11:45:51,773 - INFO - ============================================================
2026-06-06 11:45:51,773 - INFO - [get_episodes_script] Starting to filter episode list...
2026-06-06 11:45:51,773 - INFO - [get_episodes_script] Input episodes count: 0
2026-06-06 11:45:51,773 - INFO - [get_episodes_script] Found 'episodeList' node
2026-06-06 11:45:51,773 - INFO - [get_episodes_script] Final episodes count: 0
2026-06-06 11:45:51,773 - INFO - ============================================================
2026-06-06 11:45:51,773 - INFO - [get_seasons_info] get_episodes_script returned 0 episodes
2026-06-06 11:45:51,773 - INFO - [get_seasons_info] get_extras_script returned 1 extras categories
2026-06-06 11:45:51,776 - INFO - [get_seasons_info] atf_asins count: 1
2026-06-06 11:45:51,777 - INFO - [get_seasons_info] btf_asins count: 0
2026-06-06 11:45:51,777 - INFO - [get_seasons_info] promotion_urls count: 0
2026-06-06 11:45:51,777 - WARNING - [get_seasons_info] Season 'Troja' has no episodes or promotions, skipped
2026-06-06 11:45:51,777 - INFO - 
2026-06-06 11:45:51,777 - INFO - [get_seasons_info] ========== Parse Complete ==========
2026-06-06 11:45:51,777 - INFO - [get_seasons_info] Total parsed 0 seasons
2026-06-06 11:45:55,079 - INFO - === amazon_is_meta start ===
2026-06-06 11:45:55,080 - INFO - input_file: H:/streamfab/outputTemp/amazonIsMetaPageTempIn.tmp
2026-06-06 11:45:55,080 - INFO - output_file: H:/streamfab/outputTemp/amazonIsMetaPageTempOut.tmp
2026-06-06 11:45:55,979 - INFO - read webpage, length: 1800998
2026-06-06 11:45:56,524 - INFO - parsed webpage with html5lib
2026-06-06 11:45:56,531 - INFO - main_element found: False
2026-06-06 11:45:56,531 - WARNING - main_element not found (id='main', data-testid='detailpage-main')
2026-06-06 11:45:56,549 - INFO - No block with pageTitleId+catalogId found
2026-06-06 11:45:56,550 - INFO - result: is_meta=False, media_type=movie, pageTitleId=None
2026-06-06 11:45:56,550 - INFO - wrote result to H:/streamfab/outputTemp/amazonIsMetaPageTempOut.tmp
2026-06-06 11:45:56,550 - INFO - === amazon_is_meta complete ===
2026-06-06 11:46:28,684 - INFO - === amazon_is_meta start ===
2026-06-06 11:46:28,684 - INFO - input_file: H:/streamfab/outputTemp/amazonIsMetaPageTempIn.tmp
2026-06-06 11:46:28,685 - INFO - output_file: H:/streamfab/outputTemp/amazonIsMetaPageTempOut.tmp
2026-06-06 11:46:29,553 - INFO - read webpage, length: 771423
2026-06-06 11:46:29,932 - INFO - parsed webpage with html5lib
2026-06-06 11:46:29,935 - INFO - main_element found: True
2026-06-06 11:46:29,950 - INFO - e_synopsis (.dv-dp-node-synopsis): 1
2026-06-06 11:46:29,950 - INFO - is_meta=True (synopsis: 1)
2026-06-06 11:46:29,964 - INFO - e_live (live-state-badge): 0
2026-06-06 11:46:29,977 - INFO - e_episodes ({'data-testid': 'episode-list-item'}): 10
2026-06-06 11:46:29,990 - INFO - Found hydration-data block, pageTitleId=B0G7L4V5KY
2026-06-06 11:46:29,990 - INFO - result: is_meta=True, media_type=show, pageTitleId=B0G7L4V5KY
2026-06-06 11:46:29,993 - INFO - wrote result to H:/streamfab/outputTemp/amazonIsMetaPageTempOut.tmp
2026-06-06 11:46:29,993 - INFO - === amazon_is_meta complete ===
2026-06-06 11:46:32,212 - WARNING - No season urls found - trying '.dv-node-dp-seasons a'...
2026-06-06 11:46:32,247 - WARNING - No season urls found - trying '.dv-node-dp-seasons-default a'...
2026-06-06 11:46:32,282 - INFO - amazon_get_season_urls complete...
2026-06-06 11:46:34,428 - INFO - get_real_url complete...
2026-06-06 11:46:36,197 - INFO - Parsed hydration-data script data
2026-06-06 11:46:36,199 - INFO - get_meta_info complete...
2026-06-06 11:46:37,933 - INFO - [get_seasons_info] ========== Starting to parse season info ==========
2026-06-06 11:46:37,933 - INFO - [get_seasons_info] Input webpages count: 1
2026-06-06 11:46:37,933 - INFO - 
2026-06-06 11:46:37,933 - INFO - [get_seasons_info] >>>>>> Processing webpage 1 <<<<<<
2026-06-06 11:46:37,933 - INFO - [get_seasons_info] Webpage length: 771423 characters
2026-06-06 11:46:37,934 - INFO - [get_seasons_info] Extracted ID from pageTitleId: B0G7L4V5KY
2026-06-06 11:46:37,937 - INFO - Parsing hydration-data script data for seasons (normalized)
2026-06-06 11:46:37,937 - INFO - [get_seasons_info] JSON parsed successfully, top-level keys: ['props']
2026-06-06 11:46:37,937 - INFO - [get_seasons_info] Using Script JSON parsing method...
2026-06-06 11:46:37,937 - INFO - ============================================================
2026-06-06 11:46:37,937 - INFO - [get_season_detail_script] Starting to parse season details...
2026-06-06 11:46:37,937 - INFO - [get_season_detail_script] Found 'props' node
2026-06-06 11:46:37,937 - INFO - [get_season_detail_script] Found 'body' node, contains 1 items
2026-06-06 11:46:37,937 - INFO - [get_season_detail_script] body[0] found 'atf' node
2026-06-06 11:46:37,938 - INFO - [get_season_detail_script] Found 'headerDetail', contains 1 keys
2026-06-06 11:46:37,938 - INFO - [get_season_detail_script] parentTitle = Robin Hood
2026-06-06 11:46:37,938 - INFO - [get_season_detail_script] title = Robin Hood: Staffel 1
2026-06-06 11:46:37,938 - INFO - [get_season_detail_script] releaseYear = 2025
2026-06-06 11:46:37,938 - INFO - [get_season_detail_script] seasonNumber = 1
2026-06-06 11:46:37,938 - INFO - [get_season_detail_script] body[0] found 'btf' node
2026-06-06 11:46:37,938 - INFO - [get_season_detail_script] total_episodes = 10
2026-06-06 11:46:37,938 - INFO - [get_season_detail_script] Parse complete, result: {"parentTitle": "Robin Hood", "title": "Robin Hood: Staffel 1", "releaseYear": 2025, "seasonNumber": 1, "total_episodes": 10}
2026-06-06 11:46:37,938 - INFO - ============================================================
2026-06-06 11:46:37,938 - INFO - [get_seasons_info] Parsed season details:
2026-06-06 11:46:37,938 - INFO -   - parentTitle: Robin Hood
2026-06-06 11:46:37,938 - INFO -   - season_name: Robin Hood: Staffel 1
2026-06-06 11:46:37,938 - INFO -   - release_time: 2025
2026-06-06 11:46:37,938 - INFO -   - season_number: 1
2026-06-06 11:46:37,939 - INFO -   - total_episodes: 10
2026-06-06 11:46:37,939 - INFO - ============================================================
2026-06-06 11:46:37,939 - INFO - [get_all_episodes_script] Starting to parse all episodes...
2026-06-06 11:46:37,939 - INFO - [get_all_episodes_script] body[0] found 'btf' node
2026-06-06 11:46:37,939 - INFO - [get_all_episodes_script] Found 11 episode details
2026-06-06 11:46:37,939 - INFO - [get_all_episodes_script] Episode 1: Ich sehe ihn (ID: B0GCPGVTDG)
2026-06-06 11:46:37,939 - INFO - [get_all_episodes_script] Episode 2: Ein abscheulicher Teufel (ID: B0G4SZH2TG)
2026-06-06 11:46:37,939 - INFO - [get_all_episodes_script] Episode 3: Niemand kann sich ewig verstecken (ID: B0FVGHBXKW)
2026-06-06 11:46:37,939 - INFO - [get_all_episodes_script] Episode 4: Der Grund für diese Unruhen (ID: B0FZYT84YM)
2026-06-06 11:46:37,939 - INFO - [get_all_episodes_script] Episode 5: Geh zurück zu ihnen (ID: B0GC78CN3X)
2026-06-06 11:46:37,939 - INFO - [get_all_episodes_script] Episode 6: Verbunden durch Liebe, getrennt durch Lügen (ID: B0GCKHL48Z)
2026-06-06 11:46:37,939 - INFO - [get_all_episodes_script] Episode 7: Diebe mit einem Ziel (ID: B0GCKF8PSZ)
2026-06-06 11:46:37,939 - INFO - [get_all_episodes_script] Episode 8: Der wahre Preis des Widerstands (ID: B0G374N8KN)
2026-06-06 11:46:37,939 - INFO - [get_all_episodes_script] Episode 9: Ich wähle dich (ID: B0FX3HBZ5Q)
2026-06-06 11:46:37,939 - INFO - [get_all_episodes_script] Episode 10: Ein Feind fällt, ein anderer erhebt sich (ID: B0GFBZHLRG)
2026-06-06 11:46:37,940 - INFO - [get_all_episodes_script] Episode 0: Robin Hood: Staffel 1 (ID: B0G7L4V5KY)
2026-06-06 11:46:37,940 - INFO - [get_all_episodes_script] Found 0 playable episode action_keys
2026-06-06 11:46:37,940 - INFO - [get_all_episodes_script] Total parsed 11 episode details
2026-06-06 11:46:37,940 - INFO - [get_all_episodes_script] Filtered playable episodes count: 0
2026-06-06 11:46:37,940 - INFO - ============================================================
2026-06-06 11:46:37,940 - INFO - [get_seasons_info] get_all_episodes_script returned 0 episodes
2026-06-06 11:46:37,940 - INFO - ============================================================
2026-06-06 11:46:37,940 - INFO - [get_episodes_script] Starting to filter episode list...
2026-06-06 11:46:37,940 - INFO - [get_episodes_script] Input episodes count: 0
2026-06-06 11:46:37,940 - INFO - [get_episodes_script] Found 'episodeList' node
2026-06-06 11:46:37,940 - INFO - [get_episodes_script] totalCardSize = 10
2026-06-06 11:46:37,940 - INFO - [get_episodes_script] cardTitleIds count: 10
2026-06-06 11:46:37,940 - INFO - [get_episodes_script] cardTitleIds: ['B0GCPGVTDG', 'B0G4SZH2TG', 'B0FVGHBXKW', 'B0FZYT84YM', 'B0GC78CN3X', 'B0GCKHL48Z', 'B0GCKF8PSZ', 'B0G374N8KN', 'B0FX3HBZ5Q', 'B0GFBZHLRG']
2026-06-06 11:46:37,941 - INFO - [get_episodes_script] Final episodes count: 0
2026-06-06 11:46:37,941 - INFO - ============================================================
2026-06-06 11:46:37,941 - INFO - [get_seasons_info] get_episodes_script returned 0 episodes
2026-06-06 11:46:37,941 - INFO - [get_seasons_info] get_extras_script returned 0 extras categories
2026-06-06 11:46:37,943 - INFO - [get_seasons_info] More episodes need to be loaded (current: 0, total: 10)
2026-06-06 11:46:37,943 - INFO - [get_widget_token] no token found (single-page season or unexpected HTML shape)
2026-06-06 11:46:37,943 - INFO - [get_seasons_info] widget_token: 
2026-06-06 11:46:37,946 - INFO - [get_seasons_info] atf_asins count: 2
2026-06-06 11:46:37,946 - INFO - [get_seasons_info] btf_asins count: 20
2026-06-06 11:46:37,946 - INFO - [get_seasons_info] promotion_urls count: 0
2026-06-06 11:46:37,946 - WARNING - [get_seasons_info] Season 'Robin Hood: Staffel 1' has no episodes or promotions, skipped
2026-06-06 11:46:37,946 - INFO - 
2026-06-06 11:46:37,946 - INFO - [get_seasons_info] ========== Parse Complete ==========
2026-06-06 11:46:37,946 - INFO - [get_seasons_info] Total parsed 0 seasons
2026-06-06 11:47:12,429 - INFO - === amazon_is_meta start ===
2026-06-06 11:47:12,430 - INFO - input_file: H:/streamfab/outputTemp/amazonIsMetaPageTempIn.tmp
2026-06-06 11:47:12,430 - INFO - output_file: H:/streamfab/outputTemp/amazonIsMetaPageTempOut.tmp
2026-06-06 11:47:13,331 - INFO - read webpage, length: 381005
2026-06-06 11:47:13,527 - INFO - parsed webpage with html5lib
2026-06-06 11:47:13,531 - INFO - main_element found: False
2026-06-06 11:47:13,531 - WARNING - main_element not found (id='main', data-testid='detailpage-main')
2026-06-06 11:47:13,540 - INFO - No block with pageTitleId+catalogId found
2026-06-06 11:47:13,540 - INFO - result: is_meta=False, media_type=movie, pageTitleId=None
2026-06-06 11:47:13,545 - INFO - wrote result to H:/streamfab/outputTemp/amazonIsMetaPageTempOut.tmp
2026-06-06 11:47:13,545 - INFO - === amazon_is_meta complete ===
2026-06-06 11:47:30,037 - INFO - === amazon_is_meta start ===
2026-06-06 11:47:30,038 - INFO - input_file: H:/streamfab/outputTemp/amazonIsMetaPageTempIn.tmp
2026-06-06 11:47:30,038 - INFO - output_file: H:/streamfab/outputTemp/amazonIsMetaPageTempOut.tmp
2026-06-06 11:47:30,879 - INFO - read webpage, length: 409787
2026-06-06 11:47:31,113 - INFO - parsed webpage with html5lib
2026-06-06 11:47:31,117 - INFO - main_element found: False
2026-06-06 11:47:31,117 - WARNING - main_element not found (id='main', data-testid='detailpage-main')
2026-06-06 11:47:31,128 - INFO - No block with pageTitleId+catalogId found
2026-06-06 11:47:31,129 - INFO - result: is_meta=False, media_type=movie, pageTitleId=None
2026-06-06 11:47:31,129 - INFO - wrote result to H:/streamfab/outputTemp/amazonIsMetaPageTempOut.tmp
2026-06-06 11:47:31,129 - INFO - === amazon_is_meta complete ===
2026-06-06 11:50:41,394 - INFO - === amazon_is_meta start ===
2026-06-06 11:50:41,419 - INFO - input_file: H:/streamfab/outputTemp/amazonIsMetaPageTempIn.tmp
2026-06-06 11:50:41,419 - INFO - output_file: H:/streamfab/outputTemp/amazonIsMetaPageTempOut.tmp
2026-06-06 11:50:42,435 - INFO - read webpage, length: 392715
2026-06-06 11:50:42,655 - INFO - parsed webpage with html5lib
2026-06-06 11:50:42,658 - INFO - main_element found: False
2026-06-06 11:50:42,658 - WARNING - main_element not found (id='main', data-testid='detailpage-main')
2026-06-06 11:50:42,668 - INFO - No block with pageTitleId+catalogId found
2026-06-06 11:50:42,669 - INFO - result: is_meta=False, media_type=movie, pageTitleId=None
2026-06-06 11:50:42,669 - INFO - wrote result to H:/streamfab/outputTemp/amazonIsMetaPageTempOut.tmp
2026-06-06 11:50:42,669 - INFO - === amazon_is_meta complete ===
2026-06-06 11:50:57,680 - INFO - === amazon_is_meta start ===
2026-06-06 11:50:57,681 - INFO - input_file: H:/streamfab/outputTemp/amazonIsMetaPageTempIn.tmp
2026-06-06 11:50:57,681 - INFO - output_file: H:/streamfab/outputTemp/amazonIsMetaPageTempOut.tmp
2026-06-06 11:50:58,615 - INFO - read webpage, length: 384587
2026-06-06 11:50:58,829 - INFO - parsed webpage with html5lib
2026-06-06 11:50:58,833 - INFO - main_element found: False
2026-06-06 11:50:58,833 - WARNING - main_element not found (id='main', data-testid='detailpage-main')
2026-06-06 11:50:58,843 - INFO - No block with pageTitleId+catalogId found
2026-06-06 11:50:58,844 - INFO - result: is_meta=False, media_type=movie, pageTitleId=None
2026-06-06 11:50:58,844 - INFO - wrote result to H:/streamfab/outputTemp/amazonIsMetaPageTempOut.tmp
2026-06-06 11:50:58,844 - INFO - === amazon_is_meta complete ===
2026-06-06 11:51:00,425 - INFO - === amazon_is_meta start ===
2026-06-06 11:51:00,427 - INFO - input_file: H:/streamfab/outputTemp/amazonIsMetaPageTempIn.tmp
2026-06-06 11:51:00,427 - INFO - output_file: H:/streamfab/outputTemp/amazonIsMetaPageTempOut.tmp
2026-06-06 11:51:01,349 - INFO - read webpage, length: 383047
2026-06-06 11:51:01,570 - INFO - parsed webpage with html5lib
2026-06-06 11:51:01,573 - INFO - main_element found: False
2026-06-06 11:51:01,573 - WARNING - main_element not found (id='main', data-testid='detailpage-main')
2026-06-06 11:51:01,584 - INFO - No block with pageTitleId+catalogId found
2026-06-06 11:51:01,584 - INFO - result: is_meta=False, media_type=movie, pageTitleId=None
2026-06-06 11:51:01,585 - INFO - wrote result to H:/streamfab/outputTemp/amazonIsMetaPageTempOut.tmp
2026-06-06 11:51:01,585 - INFO - === amazon_is_meta complete ===
2026-06-06 11:51:35,510 - INFO - === amazon_is_meta start ===
2026-06-06 11:51:35,511 - INFO - input_file: H:/streamfab/outputTemp/amazonIsMetaPageTempIn.tmp
2026-06-06 11:51:35,512 - INFO - output_file: H:/streamfab/outputTemp/amazonIsMetaPageTempOut.tmp
2026-06-06 11:51:36,365 - INFO - read webpage, length: 1794415
2026-06-06 11:51:36,867 - INFO - parsed webpage with html5lib
2026-06-06 11:51:36,872 - INFO - main_element found: False
2026-06-06 11:51:36,873 - WARNING - main_element not found (id='main', data-testid='detailpage-main')
2026-06-06 11:51:36,890 - INFO - No block with pageTitleId+catalogId found
2026-06-06 11:51:36,890 - INFO - result: is_meta=False, media_type=movie, pageTitleId=None
2026-06-06 11:51:36,890 - INFO - wrote result to H:/streamfab/outputTemp/amazonIsMetaPageTempOut.tmp
2026-06-06 11:51:36,890 - INFO - === amazon_is_meta complete ===
2026-06-06 11:52:44,412 - INFO - === amazon_is_meta start ===
2026-06-06 11:52:44,413 - INFO - input_file: H:/streamfab/outputTemp/amazonIsMetaPageTempIn.tmp
2026-06-06 11:52:44,413 - INFO - output_file: H:/streamfab/outputTemp/amazonIsMetaPageTempOut.tmp
2026-06-06 11:52:45,226 - INFO - read webpage, length: 766252
2026-06-06 11:52:45,602 - INFO - parsed webpage with html5lib
2026-06-06 11:52:45,605 - INFO - main_element found: True
2026-06-06 11:52:45,621 - INFO - e_synopsis (.dv-dp-node-synopsis): 1
2026-06-06 11:52:45,621 - INFO - is_meta=True (synopsis: 1)
2026-06-06 11:52:45,634 - INFO - e_live (live-state-badge): 0
2026-06-06 11:52:45,648 - INFO - e_episodes ({'data-testid': 'episode-list-item'}): 10
2026-06-06 11:52:45,661 - INFO - Found hydration-data block, pageTitleId=B0G7L4V5KY
2026-06-06 11:52:45,661 - INFO - result: is_meta=True, media_type=show, pageTitleId=B0G7L4V5KY
2026-06-06 11:52:45,665 - INFO - wrote result to H:/streamfab/outputTemp/amazonIsMetaPageTempOut.tmp
2026-06-06 11:52:45,665 - INFO - === amazon_is_meta complete ===
2026-06-06 11:52:48,025 - WARNING - No season urls found - trying '.dv-node-dp-seasons a'...
2026-06-06 11:52:48,061 - WARNING - No season urls found - trying '.dv-node-dp-seasons-default a'...
2026-06-06 11:52:48,097 - INFO - amazon_get_season_urls complete...
2026-06-06 11:52:50,297 - INFO - get_real_url complete...
2026-06-06 11:52:52,091 - INFO - Parsed hydration-data script data
2026-06-06 11:52:52,093 - INFO - get_meta_info complete...
2026-06-06 11:52:53,871 - INFO - [get_seasons_info] ========== Starting to parse season info ==========
2026-06-06 11:52:53,871 - INFO - [get_seasons_info] Input webpages count: 1
2026-06-06 11:52:53,871 - INFO - 
2026-06-06 11:52:53,871 - INFO - [get_seasons_info] >>>>>> Processing webpage 1 <<<<<<
2026-06-06 11:52:53,871 - INFO - [get_seasons_info] Webpage length: 766252 characters
2026-06-06 11:52:53,872 - INFO - [get_seasons_info] Extracted ID from pageTitleId: B0G7L4V5KY
2026-06-06 11:52:53,875 - INFO - Parsing hydration-data script data for seasons (normalized)
2026-06-06 11:52:53,876 - INFO - [get_seasons_info] JSON parsed successfully, top-level keys: ['props']
2026-06-06 11:52:53,876 - INFO - [get_seasons_info] Using Script JSON parsing method...
2026-06-06 11:52:53,876 - INFO - ============================================================
2026-06-06 11:52:53,876 - INFO - [get_season_detail_script] Starting to parse season details...
2026-06-06 11:52:53,876 - INFO - [get_season_detail_script] Found 'props' node
2026-06-06 11:52:53,876 - INFO - [get_season_detail_script] Found 'body' node, contains 1 items
2026-06-06 11:52:53,876 - INFO - [get_season_detail_script] body[0] found 'atf' node
2026-06-06 11:52:53,876 - INFO - [get_season_detail_script] Found 'headerDetail', contains 1 keys
2026-06-06 11:52:53,876 - INFO - [get_season_detail_script] parentTitle = Robin Hood
2026-06-06 11:52:53,876 - INFO - [get_season_detail_script] title = Robin Hood: Staffel 1
2026-06-06 11:52:53,876 - INFO - [get_season_detail_script] releaseYear = 2025
2026-06-06 11:52:53,877 - INFO - [get_season_detail_script] seasonNumber = 1
2026-06-06 11:52:53,877 - INFO - [get_season_detail_script] body[0] found 'btf' node
2026-06-06 11:52:53,877 - INFO - [get_season_detail_script] total_episodes = 10
2026-06-06 11:52:53,877 - INFO - [get_season_detail_script] Parse complete, result: {"parentTitle": "Robin Hood", "title": "Robin Hood: Staffel 1", "releaseYear": 2025, "seasonNumber": 1, "total_episodes": 10}
2026-06-06 11:52:53,877 - INFO - ============================================================
2026-06-06 11:52:53,877 - INFO - [get_seasons_info] Parsed season details:
2026-06-06 11:52:53,877 - INFO -   - parentTitle: Robin Hood
2026-06-06 11:52:53,877 - INFO -   - season_name: Robin Hood: Staffel 1
2026-06-06 11:52:53,877 - INFO -   - release_time: 2025
2026-06-06 11:52:53,877 - INFO -   - season_number: 1
2026-06-06 11:52:53,877 - INFO -   - total_episodes: 10
2026-06-06 11:52:53,878 - INFO - ============================================================
2026-06-06 11:52:53,878 - INFO - [get_all_episodes_script] Starting to parse all episodes...
2026-06-06 11:52:53,878 - INFO - [get_all_episodes_script] body[0] found 'btf' node
2026-06-06 11:52:53,878 - INFO - [get_all_episodes_script] Found 11 episode details
2026-06-06 11:52:53,878 - INFO - [get_all_episodes_script] Episode 1: Ich sehe ihn (ID: B0GCPGVTDG)
2026-06-06 11:52:53,878 - INFO - [get_all_episodes_script] Episode 2: Ein abscheulicher Teufel (ID: B0G4SZH2TG)
2026-06-06 11:52:53,878 - INFO - [get_all_episodes_script] Episode 3: Niemand kann sich ewig verstecken (ID: B0FVGHBXKW)
2026-06-06 11:52:53,878 - INFO - [get_all_episodes_script] Episode 4: Der Grund für diese Unruhen (ID: B0FZYT84YM)
2026-06-06 11:52:53,878 - INFO - [get_all_episodes_script] Episode 5: Geh zurück zu ihnen (ID: B0GC78CN3X)
2026-06-06 11:52:53,879 - INFO - [get_all_episodes_script] Episode 6: Verbunden durch Liebe, getrennt durch Lügen (ID: B0GCKHL48Z)
2026-06-06 11:52:53,879 - INFO - [get_all_episodes_script] Episode 7: Diebe mit einem Ziel (ID: B0GCKF8PSZ)
2026-06-06 11:52:53,879 - INFO - [get_all_episodes_script] Episode 8: Der wahre Preis des Widerstands (ID: B0G374N8KN)
2026-06-06 11:52:53,879 - INFO - [get_all_episodes_script] Episode 9: Ich wähle dich (ID: B0FX3HBZ5Q)
2026-06-06 11:52:53,879 - INFO - [get_all_episodes_script] Episode 10: Ein Feind fällt, ein anderer erhebt sich (ID: B0GFBZHLRG)
2026-06-06 11:52:53,879 - INFO - [get_all_episodes_script] Episode 0: Robin Hood: Staffel 1 (ID: B0G7L4V5KY)
2026-06-06 11:52:53,880 - INFO - [get_all_episodes_script] Found 0 playable episode action_keys
2026-06-06 11:52:53,880 - INFO - [get_all_episodes_script] Total parsed 11 episode details
2026-06-06 11:52:53,880 - INFO - [get_all_episodes_script] Filtered playable episodes count: 0
2026-06-06 11:52:53,880 - INFO - ============================================================
2026-06-06 11:52:53,880 - INFO - [get_seasons_info] get_all_episodes_script returned 0 episodes
2026-06-06 11:52:53,880 - INFO - ============================================================
2026-06-06 11:52:53,880 - INFO - [get_episodes_script] Starting to filter episode list...
2026-06-06 11:52:53,880 - INFO - [get_episodes_script] Input episodes count: 0
2026-06-06 11:52:53,880 - INFO - [get_episodes_script] Found 'episodeList' node
2026-06-06 11:52:53,880 - INFO - [get_episodes_script] totalCardSize = 10
2026-06-06 11:52:53,880 - INFO - [get_episodes_script] cardTitleIds count: 10
2026-06-06 11:52:53,881 - INFO - [get_episodes_script] cardTitleIds: ['B0GCPGVTDG', 'B0G4SZH2TG', 'B0FVGHBXKW', 'B0FZYT84YM', 'B0GC78CN3X', 'B0GCKHL48Z', 'B0GCKF8PSZ', 'B0G374N8KN', 'B0FX3HBZ5Q', 'B0GFBZHLRG']
2026-06-06 11:52:53,881 - INFO - [get_episodes_script] Final episodes count: 0
2026-06-06 11:52:53,881 - INFO - ============================================================
2026-06-06 11:52:53,881 - INFO - [get_seasons_info] get_episodes_script returned 0 episodes
2026-06-06 11:52:53,881 - INFO - [get_seasons_info] get_extras_script returned 0 extras categories
2026-06-06 11:52:53,883 - INFO - [get_seasons_info] More episodes need to be loaded (current: 0, total: 10)
2026-06-06 11:52:53,883 - INFO - [get_widget_token] no token found (single-page season or unexpected HTML shape)
2026-06-06 11:52:53,883 - INFO - [get_seasons_info] widget_token: 
2026-06-06 11:52:53,885 - INFO - [get_seasons_info] atf_asins count: 2
2026-06-06 11:52:53,885 - INFO - [get_seasons_info] btf_asins count: 20
2026-06-06 11:52:53,885 - INFO - [get_seasons_info] promotion_urls count: 0
2026-06-06 11:52:53,886 - WARNING - [get_seasons_info] Season 'Robin Hood: Staffel 1' has no episodes or promotions, skipped
2026-06-06 11:52:53,886 - INFO - 
2026-06-06 11:52:53,886 - INFO - [get_seasons_info] ========== Parse Complete ==========
2026-06-06 11:52:53,886 - INFO - [get_seasons_info] Total parsed 0 seasons
2026-06-06 11:53:08,054 - INFO - === amazon_is_meta start ===
2026-06-06 11:53:08,055 - INFO - input_file: H:/streamfab/outputTemp/amazonIsMetaPageTempIn.tmp
2026-06-06 11:53:08,055 - INFO - output_file: H:/streamfab/outputTemp/amazonIsMetaPageTempOut.tmp
2026-06-06 11:53:09,090 - INFO - read webpage, length: 1799126
2026-06-06 11:53:09,629 - INFO - parsed webpage with html5lib
2026-06-06 11:53:09,637 - INFO - main_element found: False
2026-06-06 11:53:09,638 - WARNING - main_element not found (id='main', data-testid='detailpage-main')
2026-06-06 11:53:09,659 - INFO - No block with pageTitleId+catalogId found
2026-06-06 11:53:09,659 - INFO - result: is_meta=False, media_type=movie, pageTitleId=None
2026-06-06 11:53:09,667 - INFO - wrote result to H:/streamfab/outputTemp/amazonIsMetaPageTempOut.tmp
2026-06-06 11:53:09,668 - INFO - === amazon_is_meta complete ===
2026-06-06 11:53:14,334 - INFO - === amazon_is_meta start ===
2026-06-06 11:53:14,335 - INFO - input_file: H:/streamfab/outputTemp/amazonIsMetaPageTempIn.tmp
2026-06-06 11:53:14,335 - INFO - output_file: H:/streamfab/outputTemp/amazonIsMetaPageTempOut.tmp
2026-06-06 11:53:15,418 - INFO - read webpage, length: 2011582
2026-06-06 11:53:16,201 - INFO - parsed webpage with html5lib
2026-06-06 11:53:16,204 - INFO - main_element found: True
2026-06-06 11:53:16,253 - INFO - e_synopsis (.dv-dp-node-synopsis): 1
2026-06-06 11:53:16,254 - INFO - is_meta=True (synopsis: 1)
2026-06-06 11:53:16,283 - INFO - e_live (live-state-badge): 0
2026-06-06 11:53:16,311 - INFO - e_episodes ({'data-testid': 'episode-list-item'}): 20
2026-06-06 11:53:16,341 - INFO - Found hydration-data block, pageTitleId=B0C59JQN6F
2026-06-06 11:53:16,342 - INFO - result: is_meta=True, media_type=show, pageTitleId=B0C59JQN6F
2026-06-06 11:53:16,354 - INFO - wrote result to H:/streamfab/outputTemp/amazonIsMetaPageTempOut.tmp
2026-06-06 11:53:16,355 - INFO - === amazon_is_meta complete ===
2026-06-06 11:53:19,502 - INFO - amazon_get_season_urls complete...
2026-06-06 11:53:22,477 - INFO - get_real_url complete...
2026-06-06 11:53:26,811 - INFO - get_real_url complete...
2026-06-06 11:53:31,568 - INFO - get_real_url complete...
2026-06-06 11:53:36,440 - INFO - get_real_url complete...
2026-06-06 11:53:41,226 - INFO - get_real_url complete...
2026-06-06 11:53:45,802 - INFO - get_real_url complete...
2026-06-06 11:53:47,956 - INFO - Parsed hydration-data script data
2026-06-06 11:53:47,960 - INFO - get_meta_info complete...
2026-06-06 11:53:50,592 - INFO - [get_seasons_info] ========== Starting to parse season info ==========
2026-06-06 11:53:50,592 - INFO - [get_seasons_info] Input webpages count: 5
2026-06-06 11:53:50,592 - INFO - 
2026-06-06 11:53:50,592 - INFO - [get_seasons_info] >>>>>> Processing webpage 1 <<<<<<
2026-06-06 11:53:50,592 - INFO - [get_seasons_info] Webpage length: 2025747 characters
2026-06-06 11:53:50,595 - INFO - [get_seasons_info] Extracted ID from pageTitleId: B0C59JQN6F
2026-06-06 11:53:50,606 - INFO - Parsing hydration-data script data for seasons (normalized)
2026-06-06 11:53:50,606 - INFO - [get_seasons_info] JSON parsed successfully, top-level keys: ['props']
2026-06-06 11:53:50,606 - INFO - [get_seasons_info] Using Script JSON parsing method...
2026-06-06 11:53:50,606 - INFO - ============================================================
2026-06-06 11:53:50,606 - INFO - [get_season_detail_script] Starting to parse season details...
2026-06-06 11:53:50,606 - INFO - [get_season_detail_script] Found 'props' node
2026-06-06 11:53:50,606 - INFO - [get_season_detail_script] Found 'body' node, contains 1 items
2026-06-06 11:53:50,606 - INFO - [get_season_detail_script] body[0] found 'atf' node
2026-06-06 11:53:50,606 - INFO - [get_season_detail_script] Found 'headerDetail', contains 1 keys
2026-06-06 11:53:50,606 - INFO - [get_season_detail_script] parentTitle = Stargate Atlantis [dt./OV]
2026-06-06 11:53:50,606 - INFO - [get_season_detail_script] title = Stargate Atlantis - Staffel 1 [dt./OV]
2026-06-06 11:53:50,607 - INFO - [get_season_detail_script] releaseYear = 2005
2026-06-06 11:53:50,607 - INFO - [get_season_detail_script] seasonNumber = 1
2026-06-06 11:53:50,607 - INFO - [get_season_detail_script] body[0] found 'btf' node
2026-06-06 11:53:50,607 - INFO - [get_season_detail_script] total_episodes = 20
2026-06-06 11:53:50,607 - INFO - [get_season_detail_script] Parse complete, result: {"parentTitle": "Stargate Atlantis [dt./OV]", "title": "Stargate Atlantis - Staffel 1 [dt./OV]", "releaseYear": 2005, "seasonNumber": 1, "total_episodes": 20}
2026-06-06 11:53:50,607 - INFO - ============================================================
2026-06-06 11:53:50,607 - INFO - [get_seasons_info] Parsed season details:
2026-06-06 11:53:50,607 - INFO -   - parentTitle: Stargate Atlantis [dt./OV]
2026-06-06 11:53:50,607 - INFO -   - season_name: Stargate Atlantis - Staffel 1 [dt./OV]
2026-06-06 11:53:50,607 - INFO -   - release_time: 2005
2026-06-06 11:53:50,607 - INFO -   - season_number: 1
2026-06-06 11:53:50,607 - INFO -   - total_episodes: 20
2026-06-06 11:53:50,607 - INFO - ============================================================
2026-06-06 11:53:50,607 - INFO - [get_all_episodes_script] Starting to parse all episodes...
2026-06-06 11:53:50,608 - INFO - [get_all_episodes_script] body[0] found 'btf' node
2026-06-06 11:53:50,608 - INFO - [get_all_episodes_script] Found 21 episode details
2026-06-06 11:53:50,608 - INFO - [get_all_episodes_script] Episode 1: Aufbruch in eine neue Welt Teil 1 (ID: B0FXZ6TGCM)
2026-06-06 11:53:50,608 - INFO - [get_all_episodes_script] Episode 2: Aufbruch in eine neue Welt Teil 2 (ID: B0FWYLNV24)
2026-06-06 11:53:50,608 - INFO - [get_all_episodes_script] Episode 3: Dunkle Schatten (ID: B0C59LVFDZ)
2026-06-06 11:53:50,608 - INFO - [get_all_episodes_script] Episode 4: 38 Minuten (ID: B0C59KN8TK)
2026-06-06 11:53:50,608 - INFO - [get_all_episodes_script] Episode 5: Unter Verdacht (ID: B0FWY5WSKY)
2026-06-06 11:53:50,608 - INFO - [get_all_episodes_script] Episode 6: Selbstopfer (ID: B0C59KQX19)
2026-06-06 11:53:50,608 - INFO - [get_all_episodes_script] Episode 7: Tödliche Verteidigung (ID: B0FVLF3RNK)
2026-06-06 11:53:50,608 - INFO - [get_all_episodes_script] Episode 8: Im Untergrund (ID: B0FVFCKBDG)
2026-06-06 11:53:50,608 - INFO - [get_all_episodes_script] Episode 9: Zurück auf die Erde (ID: B0C59L624P)
2026-06-06 11:53:50,608 - INFO - [get_all_episodes_script] Episode 10: Der Sturm (ID: B0FVGMBLDZ)
2026-06-06 11:53:50,608 - INFO - [get_all_episodes_script] Episode 11: Das Auge (ID: B0C59K7WRK)
2026-06-06 11:53:50,609 - INFO - [get_all_episodes_script] Episode 12: Der Überlebende (ID: B0C59LJJDY)
2026-06-06 11:53:50,609 - INFO - [get_all_episodes_script] Episode 13: Hot Zone (ID: B0C59LLCNF)
2026-06-06 11:53:50,609 - INFO - [get_all_episodes_script] Episode 14: Chaya (ID: B09R9SQHDH)
2026-06-06 11:53:50,609 - INFO - [get_all_episodes_script] Episode 15: 10.000 Jahre (ID: B0C59LLCNS)
2026-06-06 11:53:50,609 - INFO - [get_all_episodes_script] Episode 16: Bruderschaft (ID: B0FVLKYVCG)
2026-06-06 11:53:50,609 - INFO - [get_all_episodes_script] Episode 17: Letters From Pegasus (ID: B0FWYKZW4T)
2026-06-06 11:53:50,609 - INFO - [get_all_episodes_script] Episode 18: Die Gabe (ID: B0FWK1D7YP)
2026-06-06 11:53:50,609 - INFO - [get_all_episodes_script] Episode 19: Die Belagerung Teil 1 (ID: B0FWYPPTGN)
2026-06-06 11:53:50,609 - INFO - [get_all_episodes_script] Episode 20: Die Belagerung Teil 2 (ID: B0FWXJQCWL)
2026-06-06 11:53:50,609 - INFO - [get_all_episodes_script] Episode 0: Stargate Atlantis - Staffel 1 [dt./OV] (ID: B0C59JQN6F)
2026-06-06 11:53:50,609 - INFO - [get_all_episodes_script] Found playable episode (new structure, actionType=PLAY): B0FXZ6TGCM
2026-06-06 11:53:50,609 - INFO - [get_all_episodes_script] Found 1 playable episode action_keys
2026-06-06 11:53:50,609 - INFO - [get_all_episodes_script] Total parsed 21 episode details
2026-06-06 11:53:50,609 - INFO - [get_all_episodes_script] Filtered playable episodes count: 1
2026-06-06 11:53:50,610 - INFO - ============================================================
2026-06-06 11:53:50,610 - INFO - [get_seasons_info] get_all_episodes_script returned 1 episodes
2026-06-06 11:53:50,610 - INFO - ============================================================
2026-06-06 11:53:50,610 - INFO - [get_episodes_script] Starting to filter episode list...
2026-06-06 11:53:50,610 - INFO - [get_episodes_script] Input episodes count: 1
2026-06-06 11:53:50,610 - INFO - [get_episodes_script] Found 'episodeList' node
2026-06-06 11:53:50,610 - INFO - [get_episodes_script] totalCardSize = 20
2026-06-06 11:53:50,610 - INFO - [get_episodes_script] cardTitleIds count: 20
2026-06-06 11:53:50,610 - INFO - [get_episodes_script] cardTitleIds: ['B0FXZ6TGCM', 'B0FWYLNV24', 'B0C59LVFDZ', 'B0C59KN8TK', 'B0FWY5WSKY', 'B0C59KQX19', 'B0FVLF3RNK', 'B0FVFCKBDG', 'B0C59L624P', 'B0FVGMBLDZ', 'B0C59K7WRK', 'B0C59LJJDY', 'B0C59LLCNF', 'B09R9SQHDH', 'B0C59LLCNS', 'B0FVLKYVCG', 'B0FWYKZW4T', 'B0FWK1D7YP', 'B0FWYPPTGN', 'B0FWXJQCWL']
2026-06-06 11:53:50,610 - INFO - [get_episodes_script] Matched episode (episodeId): Aufbruch in eine neue Welt Teil 1
2026-06-06 11:53:50,610 - INFO - [get_episodes_script] Final episodes count: 1
2026-06-06 11:53:50,610 - INFO - ============================================================
2026-06-06 11:53:50,610 - INFO - [get_seasons_info] get_episodes_script returned 1 episodes
2026-06-06 11:53:50,611 - INFO - [get_seasons_info] get_extras_script returned 0 extras categories
2026-06-06 11:53:50,619 - INFO - [get_seasons_info] More episodes need to be loaded (current: 1, total: 20)
2026-06-06 11:53:50,619 - INFO - [get_widget_token] no token found (single-page season or unexpected HTML shape)
2026-06-06 11:53:50,620 - INFO - [get_seasons_info] widget_token: 
2026-06-06 11:53:50,628 - INFO - [get_seasons_info] atf_asins count: 2
2026-06-06 11:53:50,628 - INFO - [get_seasons_info] btf_asins count: 40
2026-06-06 11:53:50,629 - INFO - [get_seasons_info] promotion_urls count: 0
2026-06-06 11:53:50,629 - INFO - [get_seasons_info] Season 'Stargate Atlantis - Staffel 1 [dt./OV]' added successfully, episodes: 1, promotions: 0
2026-06-06 11:53:50,629 - INFO - 
2026-06-06 11:53:50,629 - INFO - [get_seasons_info] >>>>>> Processing webpage 2 <<<<<<
2026-06-06 11:53:50,629 - INFO - [get_seasons_info] Webpage length: 2017236 characters
2026-06-06 11:53:50,630 - INFO - [get_seasons_info] Extracted ID from pageTitleId: B0C59KBDRM
2026-06-06 11:53:50,641 - INFO - Parsing hydration-data script data for seasons (normalized)
2026-06-06 11:53:50,643 - INFO - [get_seasons_info] JSON parsed successfully, top-level keys: ['props']
2026-06-06 11:53:50,643 - INFO - [get_seasons_info] Using Script JSON parsing method...
2026-06-06 11:53:50,643 - INFO - ============================================================
2026-06-06 11:53:50,643 - INFO - [get_season_detail_script] Starting to parse season details...
2026-06-06 11:53:50,643 - INFO - [get_season_detail_script] Found 'props' node
2026-06-06 11:53:50,643 - INFO - [get_season_detail_script] Found 'body' node, contains 1 items
2026-06-06 11:53:50,643 - INFO - [get_season_detail_script] body[0] found 'atf' node
2026-06-06 11:53:50,643 - INFO - [get_season_detail_script] Found 'headerDetail', contains 1 keys
2026-06-06 11:53:50,643 - INFO - [get_season_detail_script] parentTitle = Stargate Atlantis [dt./OV]
2026-06-06 11:53:50,643 - INFO - [get_season_detail_script] title = Stargate Atlantis - Staffel 2 [dt./OV]
2026-06-06 11:53:50,643 - INFO - [get_season_detail_script] releaseYear = 2005
2026-06-06 11:53:50,644 - INFO - [get_season_detail_script] seasonNumber = 2
2026-06-06 11:53:50,644 - INFO - [get_season_detail_script] body[0] found 'btf' node
2026-06-06 11:53:50,644 - INFO - [get_season_detail_script] total_episodes = 20
2026-06-06 11:53:50,644 - INFO - [get_season_detail_script] Parse complete, result: {"parentTitle": "Stargate Atlantis [dt./OV]", "title": "Stargate Atlantis - Staffel 2 [dt./OV]", "releaseYear": 2005, "seasonNumber": 2, "total_episodes": 20}
2026-06-06 11:53:50,644 - INFO - ============================================================
2026-06-06 11:53:50,644 - INFO - [get_seasons_info] Parsed season details:
2026-06-06 11:53:50,644 - INFO -   - parentTitle: Stargate Atlantis [dt./OV]
2026-06-06 11:53:50,644 - INFO -   - season_name: Stargate Atlantis - Staffel 2 [dt./OV]
2026-06-06 11:53:50,644 - INFO -   - release_time: 2005
2026-06-06 11:53:50,644 - INFO -   - season_number: 2
2026-06-06 11:53:50,644 - INFO -   - total_episodes: 20
2026-06-06 11:53:50,644 - INFO - ============================================================
2026-06-06 11:53:50,644 - INFO - [get_all_episodes_script] Starting to parse all episodes...
2026-06-06 11:53:50,645 - INFO - [get_all_episodes_script] body[0] found 'btf' node
2026-06-06 11:53:50,645 - INFO - [get_all_episodes_script] Found 21 episode details
2026-06-06 11:53:50,645 - INFO - [get_all_episodes_script] Episode 1: Die Belagerung, Teil 3 (ID: B0C59MSZDZ)
2026-06-06 11:53:50,645 - INFO - [get_all_episodes_script] Episode 2: Der Eindringling (ID: B0FVDG7LMN)
2026-06-06 11:53:50,645 - INFO - [get_all_episodes_script] Episode 3: Der Läufer (ID: B0GFX9NZVH)
2026-06-06 11:53:50,645 - INFO - [get_all_episodes_script] Episode 4: Duett (ID: B0C59LPZDT)
2026-06-06 11:53:50,645 - INFO - [get_all_episodes_script] Episode 5: Verurteilt (ID: B0FWJS7JK1)
2026-06-06 11:53:50,645 - INFO - [get_all_episodes_script] Episode 6: Dreifaltigkeit (ID: B0FQRZSLQ5)
2026-06-06 11:53:50,645 - INFO - [get_all_episodes_script] Episode 7: Instinkt (ID: B0FWYWSRYX)
2026-06-06 11:53:50,645 - INFO - [get_all_episodes_script] Episode 8: Die Verwandlung (ID: B0C59LBZ1X)
2026-06-06 11:53:50,645 - INFO - [get_all_episodes_script] Episode 9: Aurora (ID: B0FVKYJ1ZF)
2026-06-06 11:53:50,645 - INFO - [get_all_episodes_script] Episode 10: Die Verlorenen Männer (ID: B0FV8DQP7C)
2026-06-06 11:53:50,645 - INFO - [get_all_episodes_script] Episode 11: Bienenstock (ID: B0C59MQYGP)
2026-06-06 11:53:50,646 - INFO - [get_all_episodes_script] Episode 12: Offenbarung (ID: B0GCKHP323)
2026-06-06 11:53:50,646 - INFO - [get_all_episodes_script] Episode 13: Kritische Masse (ID: B0FR526L6P)
2026-06-06 11:53:50,646 - INFO - [get_all_episodes_script] Episode 14: Unter Druck (ID: B0GCF1163X)
2026-06-06 11:53:50,646 - INFO - [get_all_episodes_script] Episode 15: Der Turm (ID: B0GFVWJH3C)
2026-06-06 11:53:50,646 - INFO - [get_all_episodes_script] Episode 16: Der lange Abschied (ID: B0FWJN6H4N)
2026-06-06 11:53:50,646 - INFO - [get_all_episodes_script] Episode 17: Coup D'Etat (ID: B09X1DL1BH)
2026-06-06 11:53:50,646 - INFO - [get_all_episodes_script] Episode 18: Michael (ID: B0FVLH5D9J)
2026-06-06 11:53:50,646 - INFO - [get_all_episodes_script] Episode 19: Inferno (ID: B0FV8CRPH7)
2026-06-06 11:53:50,646 - INFO - [get_all_episodes_script] Episode 20: Die Verbündeten (ID: B0G4T2LY82)
2026-06-06 11:53:50,646 - INFO - [get_all_episodes_script] Episode 0: Stargate Atlantis - Staffel 2 [dt./OV] (ID: B0C59KBDRM)
2026-06-06 11:53:50,646 - INFO - [get_all_episodes_script] Found 0 playable episode action_keys
2026-06-06 11:53:50,646 - INFO - [get_all_episodes_script] Total parsed 21 episode details
2026-06-06 11:53:50,646 - INFO - [get_all_episodes_script] Filtered playable episodes count: 0
2026-06-06 11:53:50,646 - INFO - ============================================================
2026-06-06 11:53:50,647 - INFO - [get_seasons_info] get_all_episodes_script returned 0 episodes
2026-06-06 11:53:50,647 - INFO - ============================================================
2026-06-06 11:53:50,647 - INFO - [get_episodes_script] Starting to filter episode list...
2026-06-06 11:53:50,647 - INFO - [get_episodes_script] Input episodes count: 0
2026-06-06 11:53:50,647 - INFO - [get_episodes_script] Found 'episodeList' node
2026-06-06 11:53:50,647 - INFO - [get_episodes_script] totalCardSize = 20
2026-06-06 11:53:50,647 - INFO - [get_episodes_script] cardTitleIds count: 20
2026-06-06 11:53:50,647 - INFO - [get_episodes_script] cardTitleIds: ['B0C59MSZDZ', 'B0FVDG7LMN', 'B0GFX9NZVH', 'B0C59LPZDT', 'B0FWJS7JK1', 'B0FQRZSLQ5', 'B0FWYWSRYX', 'B0C59LBZ1X', 'B0FVKYJ1ZF', 'B0FV8DQP7C', 'B0C59MQYGP', 'B0GCKHP323', 'B0FR526L6P', 'B0GCF1163X', 'B0GFVWJH3C', 'B0FWJN6H4N', 'B09X1DL1BH', 'B0FVLH5D9J', 'B0FV8CRPH7', 'B0G4T2LY82']
2026-06-06 11:53:50,647 - INFO - [get_episodes_script] Final episodes count: 0
2026-06-06 11:53:50,647 - INFO - ============================================================
2026-06-06 11:53:50,647 - INFO - [get_seasons_info] get_episodes_script returned 0 episodes
2026-06-06 11:53:50,647 - INFO - [get_seasons_info] get_extras_script returned 0 extras categories
2026-06-06 11:53:50,655 - INFO - [get_seasons_info] More episodes need to be loaded (current: 0, total: 20)
2026-06-06 11:53:50,656 - INFO - [get_widget_token] no token found (single-page season or unexpected HTML shape)
2026-06-06 11:53:50,656 - INFO - [get_seasons_info] widget_token: 
2026-06-06 11:53:50,664 - INFO - [get_seasons_info] atf_asins count: 2
2026-06-06 11:53:50,664 - INFO - [get_seasons_info] btf_asins count: 40
2026-06-06 11:53:50,664 - INFO - [get_seasons_info] promotion_urls count: 0
2026-06-06 11:53:50,664 - WARNING - [get_seasons_info] Season 'Stargate Atlantis - Staffel 2 [dt./OV]' has no episodes or promotions, skipped
2026-06-06 11:53:50,664 - INFO - 
2026-06-06 11:53:50,664 - INFO - [get_seasons_info] >>>>>> Processing webpage 3 <<<<<<
2026-06-06 11:53:50,665 - INFO - [get_seasons_info] Webpage length: 2003379 characters
2026-06-06 11:53:50,666 - INFO - [get_seasons_info] Extracted ID from pageTitleId: B0B1MGJXK5
2026-06-06 11:53:50,679 - INFO - Parsing hydration-data script data for seasons (normalized)
2026-06-06 11:53:50,681 - INFO - [get_seasons_info] JSON parsed successfully, top-level keys: ['props']
2026-06-06 11:53:50,681 - INFO - [get_seasons_info] Using Script JSON parsing method...
2026-06-06 11:53:50,681 - INFO - ============================================================
2026-06-06 11:53:50,681 - INFO - [get_season_detail_script] Starting to parse season details...
2026-06-06 11:53:50,681 - INFO - [get_season_detail_script] Found 'props' node
2026-06-06 11:53:50,681 - INFO - [get_season_detail_script] Found 'body' node, contains 1 items
2026-06-06 11:53:50,681 - INFO - [get_season_detail_script] body[0] found 'atf' node
2026-06-06 11:53:50,681 - INFO - [get_season_detail_script] Found 'headerDetail', contains 1 keys
2026-06-06 11:53:50,681 - INFO - [get_season_detail_script] parentTitle = Stargate Atlantis [dt./OV]
2026-06-06 11:53:50,681 - INFO - [get_season_detail_script] title = Stargate Atlantis - Staffel 3 [dt./OV]
2026-06-06 11:53:50,681 - INFO - [get_season_detail_script] releaseYear = 2005
2026-06-06 11:53:50,682 - INFO - [get_season_detail_script] seasonNumber = 3
2026-06-06 11:53:50,682 - INFO - [get_season_detail_script] body[0] found 'btf' node
2026-06-06 11:53:50,682 - INFO - [get_season_detail_script] total_episodes = 20
2026-06-06 11:53:50,682 - INFO - [get_season_detail_script] Parse complete, result: {"parentTitle": "Stargate Atlantis [dt./OV]", "title": "Stargate Atlantis - Staffel 3 [dt./OV]", "releaseYear": 2005, "seasonNumber": 3, "total_episodes": 20}
2026-06-06 11:53:50,682 - INFO - ============================================================
2026-06-06 11:53:50,682 - INFO - [get_seasons_info] Parsed season details:
2026-06-06 11:53:50,682 - INFO -   - parentTitle: Stargate Atlantis [dt./OV]
2026-06-06 11:53:50,682 - INFO -   - season_name: Stargate Atlantis - Staffel 3 [dt./OV]
2026-06-06 11:53:50,682 - INFO -   - release_time: 2005
2026-06-06 11:53:50,682 - INFO -   - season_number: 3
2026-06-06 11:53:50,682 - INFO -   - total_episodes: 20
2026-06-06 11:53:50,682 - INFO - ============================================================
2026-06-06 11:53:50,682 - INFO - [get_all_episodes_script] Starting to parse all episodes...
2026-06-06 11:53:50,682 - INFO - [get_all_episodes_script] body[0] found 'btf' node
2026-06-06 11:53:50,683 - INFO - [get_all_episodes_script] Found 21 episode details
2026-06-06 11:53:50,683 - INFO - [get_all_episodes_script] Episode 1: Niemandsland (ID: B0FV7WR1G2)
2026-06-06 11:53:50,683 - INFO - [get_all_episodes_script] Episode 2: Ein schlechter Plan (ID: B09ZD8WD8B)
2026-06-06 11:53:50,683 - INFO - [get_all_episodes_script] Episode 3: Der Zaubertrank (ID: B0FXKYY8SB)
2026-06-06 11:53:50,683 - INFO - [get_all_episodes_script] Episode 4: Sateda (ID: B0FV8JTFF8)
2026-06-06 11:53:50,683 - INFO - [get_all_episodes_script] Episode 5: Der Bruderstreit (ID: B0FVKNPPWH)
2026-06-06 11:53:50,683 - INFO - [get_all_episodes_script] Episode 6: Atlantis Ruft (ID: B0FVFMY63D)
2026-06-06 11:53:50,683 - INFO - [get_all_episodes_script] Episode 7: Ein ungewöhnlicher Verbündeter (ID: B0GMQ6PCZF)
2026-06-06 11:53:50,683 - INFO - [get_all_episodes_script] Episode 8: Der doppelte Rodney (ID: B0FVHHZ993)
2026-06-06 11:53:50,683 - INFO - [get_all_episodes_script] Episode 9: Phantome (ID: B0B8M3KL52)
2026-06-06 11:53:50,683 - INFO - [get_all_episodes_script] Episode 10: Die Rückkehr Teil 1 (ID: B0GJMLVNHK)
2026-06-06 11:53:50,683 - INFO - [get_all_episodes_script] Episode 11: Die Rückkehr Teil 2 (ID: B0BYTCLLM6)
2026-06-06 11:53:50,683 - INFO - [get_all_episodes_script] Episode 12: Die Warnung (ID: B0GM2WVGJJ)
2026-06-06 11:53:50,683 - INFO - [get_all_episodes_script] Episode 13: Kolyas Ende (ID: B0FVG7PD22)
2026-06-06 11:53:50,684 - INFO - [get_all_episodes_script] Episode 14: Rodneys Tao (ID: B0BX2YKYZM)
2026-06-06 11:53:50,684 - INFO - [get_all_episodes_script] Episode 15: Das Spiel (ID: B0FV7Z5C5D)
2026-06-06 11:53:50,684 - INFO - [get_all_episodes_script] Episode 16: Die Arche (ID: B0FV9WPLVT)
2026-06-06 11:53:50,684 - INFO - [get_all_episodes_script] Episode 17: Ein freier Tag (ID: B0FPMV1SV5)
2026-06-06 11:53:50,684 - INFO - [get_all_episodes_script] Episode 18: Untergetaucht (ID: B0GF9Z7Y5N)
2026-06-06 11:53:50,684 - INFO - [get_all_episodes_script] Episode 19: Rache (ID: B0G4VWSQ7B)
2026-06-06 11:53:50,684 - INFO - [get_all_episodes_script] Episode 20: Der Angriff (ID: B09KG6JL8V)
2026-06-06 11:53:50,684 - INFO - [get_all_episodes_script] Episode 0: Stargate Atlantis - Staffel 3 [dt./OV] (ID: B0B1MGJXK5)
2026-06-06 11:53:50,684 - INFO - [get_all_episodes_script] Found 0 playable episode action_keys
2026-06-06 11:53:50,684 - INFO - [get_all_episodes_script] Total parsed 21 episode details
2026-06-06 11:53:50,684 - INFO - [get_all_episodes_script] Filtered playable episodes count: 0
2026-06-06 11:53:50,684 - INFO - ============================================================
2026-06-06 11:53:50,685 - INFO - [get_seasons_info] get_all_episodes_script returned 0 episodes
2026-06-06 11:53:50,685 - INFO - ============================================================
2026-06-06 11:53:50,685 - INFO - [get_episodes_script] Starting to filter episode list...
2026-06-06 11:53:50,685 - INFO - [get_episodes_script] Input episodes count: 0
2026-06-06 11:53:50,685 - INFO - [get_episodes_script] Found 'episodeList' node
2026-06-06 11:53:50,685 - INFO - [get_episodes_script] totalCardSize = 20
2026-06-06 11:53:50,685 - INFO - [get_episodes_script] cardTitleIds count: 20
2026-06-06 11:53:50,685 - INFO - [get_episodes_script] cardTitleIds: ['B0FV7WR1G2', 'B09ZD8WD8B', 'B0FXKYY8SB', 'B0FV8JTFF8', 'B0FVKNPPWH', 'B0FVFMY63D', 'B0GMQ6PCZF', 'B0FVHHZ993', 'B0B8M3KL52', 'B0GJMLVNHK', 'B0BYTCLLM6', 'B0GM2WVGJJ', 'B0FVG7PD22', 'B0BX2YKYZM', 'B0FV7Z5C5D', 'B0FV9WPLVT', 'B0FPMV1SV5', 'B0GF9Z7Y5N', 'B0G4VWSQ7B', 'B09KG6JL8V']
2026-06-06 11:53:50,685 - INFO - [get_episodes_script] Final episodes count: 0
2026-06-06 11:53:50,685 - INFO - ============================================================
2026-06-06 11:53:50,685 - INFO - [get_seasons_info] get_episodes_script returned 0 episodes
2026-06-06 11:53:50,685 - INFO - [get_seasons_info] get_extras_script returned 0 extras categories
2026-06-06 11:53:50,694 - INFO - [get_seasons_info] More episodes need to be loaded (current: 0, total: 20)
2026-06-06 11:53:50,694 - INFO - [get_widget_token] no token found (single-page season or unexpected HTML shape)
2026-06-06 11:53:50,694 - INFO - [get_seasons_info] widget_token: 
2026-06-06 11:53:50,703 - INFO - [get_seasons_info] atf_asins count: 2
2026-06-06 11:53:50,703 - INFO - [get_seasons_info] btf_asins count: 40
2026-06-06 11:53:50,703 - INFO - [get_seasons_info] promotion_urls count: 0
2026-06-06 11:53:50,703 - WARNING - [get_seasons_info] Season 'Stargate Atlantis - Staffel 3 [dt./OV]' has no episodes or promotions, skipped
2026-06-06 11:53:50,703 - INFO - 
2026-06-06 11:53:50,703 - INFO - [get_seasons_info] >>>>>> Processing webpage 4 <<<<<<
2026-06-06 11:53:50,703 - INFO - [get_seasons_info] Webpage length: 1959770 characters
2026-06-06 11:53:50,705 - INFO - [get_seasons_info] Extracted ID from pageTitleId: B0B6HJFWMK
2026-06-06 11:53:50,722 - INFO - Parsing hydration-data script data for seasons (normalized)
2026-06-06 11:53:50,723 - INFO - [get_seasons_info] JSON parsed successfully, top-level keys: ['props']
2026-06-06 11:53:50,724 - INFO - [get_seasons_info] Using Script JSON parsing method...
2026-06-06 11:53:50,724 - INFO - ============================================================
2026-06-06 11:53:50,724 - INFO - [get_season_detail_script] Starting to parse season details...
2026-06-06 11:53:50,724 - INFO - [get_season_detail_script] Found 'props' node
2026-06-06 11:53:50,724 - INFO - [get_season_detail_script] Found 'body' node, contains 1 items
2026-06-06 11:53:50,724 - INFO - [get_season_detail_script] body[0] found 'atf' node
2026-06-06 11:53:50,724 - INFO - [get_season_detail_script] Found 'headerDetail', contains 1 keys
2026-06-06 11:53:50,724 - INFO - [get_season_detail_script] parentTitle = Stargate Atlantis [dt./OV]
2026-06-06 11:53:50,724 - INFO - [get_season_detail_script] title = Stargate Atlantis - Staffel 4 [dt./OV]
2026-06-06 11:53:50,725 - INFO - [get_season_detail_script] releaseYear = 2005
2026-06-06 11:53:50,725 - INFO - [get_season_detail_script] seasonNumber = 4
2026-06-06 11:53:50,725 - INFO - [get_season_detail_script] body[0] found 'btf' node
2026-06-06 11:53:50,725 - INFO - [get_season_detail_script] total_episodes = 20
2026-06-06 11:53:50,725 - INFO - [get_season_detail_script] Parse complete, result: {"parentTitle": "Stargate Atlantis [dt./OV]", "title": "Stargate Atlantis - Staffel 4 [dt./OV]", "releaseYear": 2005, "seasonNumber": 4, "total_episodes": 20}
2026-06-06 11:53:50,725 - INFO - ============================================================
2026-06-06 11:53:50,725 - INFO - [get_seasons_info] Parsed season details:
2026-06-06 11:53:50,725 - INFO -   - parentTitle: Stargate Atlantis [dt./OV]
2026-06-06 11:53:50,725 - INFO -   - season_name: Stargate Atlantis - Staffel 4 [dt./OV]
2026-06-06 11:53:50,725 - INFO -   - release_time: 2005
2026-06-06 11:53:50,726 - INFO -   - season_number: 4
2026-06-06 11:53:50,726 - INFO -   - total_episodes: 20
2026-06-06 11:53:50,726 - INFO - ============================================================
2026-06-06 11:53:50,726 - INFO - [get_all_episodes_script] Starting to parse all episodes...
2026-06-06 11:53:50,726 - INFO - [get_all_episodes_script] body[0] found 'btf' node
2026-06-06 11:53:50,726 - INFO - [get_all_episodes_script] Found 21 episode details
2026-06-06 11:53:50,726 - INFO - [get_all_episodes_script] Episode 1: Verloren im All (ID: B0FV8GS6MY)
2026-06-06 11:53:50,726 - INFO - [get_all_episodes_script] Episode 2: Rettungsleine (ID: B0BYRCZY2C)
2026-06-06 11:53:50,726 - INFO - [get_all_episodes_script] Episode 3: Das Wiedersehen (ID: B0GMWL61FV)
2026-06-06 11:53:50,726 - INFO - [get_all_episodes_script] Episode 4: Doppelgänger (ID: B0BYRKD3YJ)
2026-06-06 11:53:50,727 - INFO - [get_all_episodes_script] Episode 5: Reisende (ID: B0BX48RGQV)
2026-06-06 11:53:50,727 - INFO - [get_all_episodes_script] Episode 6: Tabula Rasa (ID: B0FVLDNPZP)
2026-06-06 11:53:50,727 - INFO - [get_all_episodes_script] Episode 7: Verschollen (ID: B0FWWWL4KR)
2026-06-06 11:53:50,727 - INFO - [get_all_episodes_script] Episode 8: Der Seher (ID: B0C59N895J)
2026-06-06 11:53:50,727 - INFO - [get_all_episodes_script] Episode 9: Fehlentscheidung (ID: B0C59LBZ1Q)
2026-06-06 11:53:50,727 - INFO - [get_all_episodes_script] Episode 10: Die Mühsal der Sterbenden (ID: B0C59K34M6)
2026-06-06 11:53:50,727 - INFO - [get_all_episodes_script] Episode 11: Grosse und kleine Sünden (ID: B0C59M7SKC)
2026-06-06 11:53:50,727 - INFO - [get_all_episodes_script] Episode 12: Kriegsbeute (ID: B0C59LRCFR)
2026-06-06 11:53:50,727 - INFO - [get_all_episodes_script] Episode 13: Quarantäne (ID: B0B6RRVRTS)
2026-06-06 11:53:50,728 - INFO - [get_all_episodes_script] Episode 14: Prinzessin Harmony (ID: B0B8JYRLRX)
2026-06-06 11:53:50,728 - INFO - [get_all_episodes_script] Episode 15: Die Ausgestossene (ID: B0B75WTRKX)
2026-06-06 11:53:50,728 - INFO - [get_all_episodes_script] Episode 16: Trio (ID: B0FV8DGMR5)
2026-06-06 11:53:50,728 - INFO - [get_all_episodes_script] Episode 17: Auf der Mittelstation (ID: B0B8QFKJ83)
2026-06-06 11:53:50,728 - INFO - [get_all_episodes_script] Episode 18: Verwandte Teil 1 1 (ID: B0B6J4WM2H)
2026-06-06 11:53:50,728 - INFO - [get_all_episodes_script] Episode 19: Verwandte Teil 2 (ID: B0FWYSDPGV)
2026-06-06 11:53:50,728 - INFO - [get_all_episodes_script] Episode 20: Der letzte Mann (ID: B0B8JZNW4Q)
2026-06-06 11:53:50,728 - INFO - [get_all_episodes_script] Episode 0: Stargate Atlantis - Staffel 4 [dt./OV] (ID: B0B6HJFWMK)
2026-06-06 11:53:50,728 - INFO - [get_all_episodes_script] Found 0 playable episode action_keys
2026-06-06 11:53:50,728 - INFO - [get_all_episodes_script] Total parsed 21 episode details
2026-06-06 11:53:50,729 - INFO - [get_all_episodes_script] Filtered playable episodes count: 0
2026-06-06 11:53:50,729 - INFO - ============================================================
2026-06-06 11:53:50,729 - INFO - [get_seasons_info] get_all_episodes_script returned 0 episodes
2026-06-06 11:53:50,729 - INFO - ============================================================
2026-06-06 11:53:50,729 - INFO - [get_episodes_script] Starting to filter episode list...
2026-06-06 11:53:50,729 - INFO - [get_episodes_script] Input episodes count: 0
2026-06-06 11:53:50,729 - INFO - [get_episodes_script] Found 'episodeList' node
2026-06-06 11:53:50,729 - INFO - [get_episodes_script] totalCardSize = 20
2026-06-06 11:53:50,729 - INFO - [get_episodes_script] cardTitleIds count: 20
2026-06-06 11:53:50,729 - INFO - [get_episodes_script] cardTitleIds: ['B0FV8GS6MY', 'B0BYRCZY2C', 'B0GMWL61FV', 'B0BYRKD3YJ', 'B0BX48RGQV', 'B0FVLDNPZP', 'B0FWWWL4KR', 'B0C59N895J', 'B0C59LBZ1Q', 'B0C59K34M6', 'B0C59M7SKC', 'B0C59LRCFR', 'B0B6RRVRTS', 'B0B8JYRLRX', 'B0B75WTRKX', 'B0FV8DGMR5', 'B0B8QFKJ83', 'B0B6J4WM2H', 'B0FWYSDPGV', 'B0B8JZNW4Q']
2026-06-06 11:53:50,729 - INFO - [get_episodes_script] Final episodes count: 0
2026-06-06 11:53:50,729 - INFO - ============================================================
2026-06-06 11:53:50,729 - INFO - [get_seasons_info] get_episodes_script returned 0 episodes
2026-06-06 11:53:50,730 - INFO - [get_seasons_info] get_extras_script returned 0 extras categories
2026-06-06 11:53:50,738 - INFO - [get_seasons_info] More episodes need to be loaded (current: 0, total: 20)
2026-06-06 11:53:50,738 - INFO - [get_widget_token] no token found (single-page season or unexpected HTML shape)
2026-06-06 11:53:50,738 - INFO - [get_seasons_info] widget_token: 
2026-06-06 11:53:50,748 - INFO - [get_seasons_info] atf_asins count: 2
2026-06-06 11:53:50,748 - INFO - [get_seasons_info] btf_asins count: 40
2026-06-06 11:53:50,748 - INFO - [get_seasons_info] promotion_urls count: 0
2026-06-06 11:53:50,748 - WARNING - [get_seasons_info] Season 'Stargate Atlantis - Staffel 4 [dt./OV]' has no episodes or promotions, skipped
2026-06-06 11:53:50,748 - INFO - 
2026-06-06 11:53:50,748 - INFO - [get_seasons_info] >>>>>> Processing webpage 5 <<<<<<
2026-06-06 11:53:50,748 - INFO - [get_seasons_info] Webpage length: 1955865 characters
2026-06-06 11:53:50,750 - INFO - [get_seasons_info] Extracted ID from pageTitleId: B0B8M3LWHF
2026-06-06 11:53:50,761 - INFO - Parsing hydration-data script data for seasons (normalized)
2026-06-06 11:53:50,763 - INFO - [get_seasons_info] JSON parsed successfully, top-level keys: ['props']
2026-06-06 11:53:50,763 - INFO - [get_seasons_info] Using Script JSON parsing method...
2026-06-06 11:53:50,763 - INFO - ============================================================
2026-06-06 11:53:50,763 - INFO - [get_season_detail_script] Starting to parse season details...
2026-06-06 11:53:50,764 - INFO - [get_season_detail_script] Found 'props' node
2026-06-06 11:53:50,764 - INFO - [get_season_detail_script] Found 'body' node, contains 1 items
2026-06-06 11:53:50,764 - INFO - [get_season_detail_script] body[0] found 'atf' node
2026-06-06 11:53:50,764 - INFO - [get_season_detail_script] Found 'headerDetail', contains 1 keys
2026-06-06 11:53:50,764 - INFO - [get_season_detail_script] parentTitle = Stargate Atlantis [dt./OV]
2026-06-06 11:53:50,764 - INFO - [get_season_detail_script] title = Stargate Atlantis - Staffel 5 [dt./OV]
2026-06-06 11:53:50,764 - INFO - [get_season_detail_script] releaseYear = 2005
2026-06-06 11:53:50,764 - INFO - [get_season_detail_script] seasonNumber = 5
2026-06-06 11:53:50,764 - INFO - [get_season_detail_script] body[0] found 'btf' node
2026-06-06 11:53:50,764 - INFO - [get_season_detail_script] total_episodes = 20
2026-06-06 11:53:50,764 - INFO - [get_season_detail_script] Parse complete, result: {"parentTitle": "Stargate Atlantis [dt./OV]", "title": "Stargate Atlantis - Staffel 5 [dt./OV]", "releaseYear": 2005, "seasonNumber": 5, "total_episodes": 20}
2026-06-06 11:53:50,764 - INFO - ============================================================
2026-06-06 11:53:50,764 - INFO - [get_seasons_info] Parsed season details:
2026-06-06 11:53:50,764 - INFO -   - parentTitle: Stargate Atlantis [dt./OV]
2026-06-06 11:53:50,765 - INFO -   - season_name: Stargate Atlantis - Staffel 5 [dt./OV]
2026-06-06 11:53:50,765 - INFO -   - release_time: 2005
2026-06-06 11:53:50,765 - INFO -   - season_number: 5
2026-06-06 11:53:50,765 - INFO -   - total_episodes: 20
2026-06-06 11:53:50,765 - INFO - ============================================================
2026-06-06 11:53:50,765 - INFO - [get_all_episodes_script] Starting to parse all episodes...
2026-06-06 11:53:50,765 - INFO - [get_all_episodes_script] body[0] found 'btf' node
2026-06-06 11:53:50,765 - INFO - [get_all_episodes_script] Found 21 episode details
2026-06-06 11:53:50,765 - INFO - [get_all_episodes_script] Episode 1: Such- und Rettungsaktion (ID: B0B6V3YGYS)
2026-06-06 11:53:50,765 - INFO - [get_all_episodes_script] Episode 2: Der Keim (ID: B0B7DJFXNK)
2026-06-06 11:53:50,765 - INFO - [get_all_episodes_script] Episode 3: Gelöste Fesseln (ID: B0B8SXPTQF)
2026-06-06 11:53:50,765 - INFO - [get_all_episodes_script] Episode 4: Die Daedalus-Variationen (ID: B0B8TDWLVM)
2026-06-06 11:53:50,765 - INFO - [get_all_episodes_script] Episode 5: Geist in der Maschine (ID: B0B8LZYP69)
2026-06-06 11:53:50,765 - INFO - [get_all_episodes_script] Episode 6: Der Schrein (ID: B0B8QB1HMJ)
2026-06-06 11:53:50,766 - INFO - [get_all_episodes_script] Episode 7: Geflüster (ID: B0B8JL33LH)
2026-06-06 11:53:50,766 - INFO - [get_all_episodes_script] Episode 8: Die Königin (ID: B0B6CFMRL8)
2026-06-06 11:53:50,766 - INFO - [get_all_episodes_script] Episode 9: Fährtensucher (ID: B0B79Q5VXF)
2026-06-06 11:53:50,766 - INFO - [get_all_episodes_script] Episode 10: Erster Kontakt (ID: B0FPZSGLSH)
2026-06-06 11:53:50,766 - INFO - [get_all_episodes_script] Episode 11: Der verlorene Stamm (ID: B0B8TSWYMY)
2026-06-06 11:53:50,766 - INFO - [get_all_episodes_script] Episode 12: Aussenseiter (ID: B0B8PBW547)
2026-06-06 11:53:50,766 - INFO - [get_all_episodes_script] Episode 13: Inquisition (ID: B0B8RMZ8WG)
2026-06-06 11:53:50,766 - INFO - [get_all_episodes_script] Episode 14: Mutterliebe (ID: B0B8QN1MMS)
2026-06-06 11:53:50,766 - INFO - [get_all_episodes_script] Episode 15: Überreste (ID: B0FWXTC43M)
2026-06-06 11:53:50,766 - INFO - [get_all_episodes_script] Episode 16: Eiszeit (ID: B0B71MP8YL)
2026-06-06 11:53:50,766 - INFO - [get_all_episodes_script] Episode 17: Infektion (ID: B0B8P89HBQ)
2026-06-06 11:53:50,766 - INFO - [get_all_episodes_script] Episode 18: Identität (ID: B0FVJBF5PR)
2026-06-06 11:53:50,766 - INFO - [get_all_episodes_script] Episode 19: Vegas (ID: B0B8HZ41XK)
2026-06-06 11:53:50,766 - INFO - [get_all_episodes_script] Episode 20: Feind in Sicht (ID: B0CVQ7HX9R)
2026-06-06 11:53:50,766 - INFO - [get_all_episodes_script] Episode 0: Stargate Atlantis - Staffel 5 [dt./OV] (ID: B0B8M3LWHF)
2026-06-06 11:53:50,767 - INFO - [get_all_episodes_script] Found 0 playable episode action_keys
2026-06-06 11:53:50,767 - INFO - [get_all_episodes_script] Total parsed 21 episode details
2026-06-06 11:53:50,767 - INFO - [get_all_episodes_script] Filtered playable episodes count: 0
2026-06-06 11:53:50,767 - INFO - ============================================================
2026-06-06 11:53:50,767 - INFO - [get_seasons_info] get_all_episodes_script returned 0 episodes
2026-06-06 11:53:50,767 - INFO - ============================================================
2026-06-06 11:53:50,767 - INFO - [get_episodes_script] Starting to filter episode list...
2026-06-06 11:53:50,767 - INFO - [get_episodes_script] Input episodes count: 0
2026-06-06 11:53:50,767 - INFO - [get_episodes_script] Found 'episodeList' node
2026-06-06 11:53:50,767 - INFO - [get_episodes_script] totalCardSize = 20
2026-06-06 11:53:50,767 - INFO - [get_episodes_script] cardTitleIds count: 20
2026-06-06 11:53:50,767 - INFO - [get_episodes_script] cardTitleIds: ['B0B6V3YGYS', 'B0B7DJFXNK', 'B0B8SXPTQF', 'B0B8TDWLVM', 'B0B8LZYP69', 'B0B8QB1HMJ', 'B0B8JL33LH', 'B0B6CFMRL8', 'B0B79Q5VXF', 'B0FPZSGLSH', 'B0B8TSWYMY', 'B0B8PBW547', 'B0B8RMZ8WG', 'B0B8QN1MMS', 'B0FWXTC43M', 'B0B71MP8YL', 'B0B8P89HBQ', 'B0FVJBF5PR', 'B0B8HZ41XK', 'B0CVQ7HX9R']
2026-06-06 11:53:50,767 - INFO - [get_episodes_script] Final episodes count: 0
2026-06-06 11:53:50,768 - INFO - ============================================================
2026-06-06 11:53:50,768 - INFO - [get_seasons_info] get_episodes_script returned 0 episodes
2026-06-06 11:53:50,768 - INFO - [get_seasons_info] get_extras_script returned 0 extras categories
2026-06-06 11:53:50,776 - INFO - [get_seasons_info] More episodes need to be loaded (current: 0, total: 20)
2026-06-06 11:53:50,776 - INFO - [get_widget_token] no token found (single-page season or unexpected HTML shape)
2026-06-06 11:53:50,776 - INFO - [get_seasons_info] widget_token: 
2026-06-06 11:53:50,785 - INFO - [get_seasons_info] atf_asins count: 2
2026-06-06 11:53:50,785 - INFO - [get_seasons_info] btf_asins count: 40
2026-06-06 11:53:50,785 - INFO - [get_seasons_info] promotion_urls count: 0
2026-06-06 11:53:50,785 - WARNING - [get_seasons_info] Season 'Stargate Atlantis - Staffel 5 [dt./OV]' has no episodes or promotions, skipped
2026-06-06 11:53:50,785 - INFO - 
2026-06-06 11:53:50,785 - INFO - [get_seasons_info] ========== Parse Complete ==========
2026-06-06 11:53:50,785 - INFO - [get_seasons_info] Total parsed 1 seasons
2026-06-06 11:53:50,785 - INFO -   Season 1: Stargate Atlantis [dt./OV] - Stargate Atlantis - Staffel 1 [dt./OV] (1 episodes)
2026-06-06 11:54:06,350 - INFO - === amazon_is_meta start ===
2026-06-06 11:54:06,351 - INFO - input_file: H:/streamfab/outputTemp/amazonIsMetaPageTempIn.tmp
2026-06-06 11:54:06,351 - INFO - output_file: H:/streamfab/outputTemp/amazonIsMetaPageTempOut.tmp
2026-06-06 11:54:07,277 - INFO - read webpage, length: 1789190
2026-06-06 11:54:07,797 - INFO - parsed webpage with html5lib
2026-06-06 11:54:07,802 - INFO - main_element found: False
2026-06-06 11:54:07,803 - WARNING - main_element not found (id='main', data-testid='detailpage-main')
2026-06-06 11:54:07,820 - INFO - No block with pageTitleId+catalogId found
2026-06-06 11:54:07,820 - INFO - result: is_meta=False, media_type=movie, pageTitleId=None
2026-06-06 11:54:07,820 - INFO - wrote result to H:/streamfab/outputTemp/amazonIsMetaPageTempOut.tmp
2026-06-06 11:54:07,820 - INFO - === amazon_is_meta complete ===
2026-06-06 12:01:34,982 - INFO - === amazon_is_meta start ===
2026-06-06 12:01:35,014 - INFO - input_file: H:/streamfab/outputTemp/amazonIsMetaPageTempIn.tmp
2026-06-06 12:01:35,015 - INFO - output_file: H:/streamfab/outputTemp/amazonIsMetaPageTempOut.tmp
2026-06-06 12:01:35,783 - INFO - read webpage, length: 501957
2026-06-06 12:01:36,061 - INFO - parsed webpage with html5lib
2026-06-06 12:01:36,064 - INFO - main_element found: True
2026-06-06 12:01:36,070 - INFO - e_synopsis (.dv-dp-node-synopsis): 1
2026-06-06 12:01:36,070 - INFO - is_meta=True (synopsis: 1)
2026-06-06 12:01:36,079 - INFO - e_live (live-state-badge): 0
2026-06-06 12:01:36,088 - INFO - e_episodes ({'data-testid': 'episode-list-item'}): 0
2026-06-06 12:01:36,101 - INFO - e_episodes ({'class_': 'XR0d6P'}): 0
2026-06-06 12:01:36,114 - INFO - e_episodes ({'class_': 'GG33WY'}): 0
2026-06-06 12:01:36,127 - INFO - e_episodes ({'class_': 'SIGk7D'}): 0
2026-06-06 12:01:36,136 - INFO - Found hydration-data block, pageTitleId=B0FSKNNGWM
2026-06-06 12:01:36,136 - INFO - result: is_meta=True, media_type=movie, pageTitleId=B0FSKNNGWM
2026-06-06 12:01:36,138 - INFO - wrote result to H:/streamfab/outputTemp/amazonIsMetaPageTempOut.tmp
2026-06-06 12:01:36,138 - INFO - === amazon_is_meta complete ===
2026-06-06 12:01:41,123 - WARNING - No season urls found - trying '.dv-node-dp-seasons a'...
2026-06-06 12:01:41,153 - WARNING - No season urls found - trying '.dv-node-dp-seasons-default a'...
2026-06-06 12:01:41,184 - INFO - amazon_get_season_urls complete...
2026-06-06 12:01:43,155 - INFO - get_real_url complete...
2026-06-06 12:01:44,855 - INFO - Parsed hydration-data script data
2026-06-06 12:01:44,856 - INFO - get_meta_info complete...
2026-06-06 12:01:46,533 - INFO - [get_seasons_info] ========== Starting to parse season info ==========
2026-06-06 12:01:46,533 - INFO - [get_seasons_info] Input webpages count: 1
2026-06-06 12:01:46,533 - INFO - 
2026-06-06 12:01:46,533 - INFO - [get_seasons_info] >>>>>> Processing webpage 1 <<<<<<
2026-06-06 12:01:46,533 - INFO - [get_seasons_info] Webpage length: 501957 characters
2026-06-06 12:01:46,534 - INFO - [get_seasons_info] Extracted ID from pageTitleId: B0FSKNNGWM
2026-06-06 12:01:46,535 - INFO - Parsing hydration-data script data for seasons (normalized)
2026-06-06 12:01:46,535 - INFO - [get_seasons_info] JSON parsed successfully, top-level keys: ['props']
2026-06-06 12:01:46,535 - INFO - [get_seasons_info] Using Script JSON parsing method...
2026-06-06 12:01:46,535 - INFO - ============================================================
2026-06-06 12:01:46,535 - INFO - [get_season_detail_script] Starting to parse season details...
2026-06-06 12:01:46,535 - INFO - [get_season_detail_script] Found 'props' node
2026-06-06 12:01:46,536 - INFO - [get_season_detail_script] Found 'body' node, contains 1 items
2026-06-06 12:01:46,536 - INFO - [get_season_detail_script] body[0] found 'atf' node
2026-06-06 12:01:46,536 - INFO - [get_season_detail_script] Found 'headerDetail', contains 1 keys
2026-06-06 12:01:46,536 - INFO - [get_season_detail_script] title = The accursed
2026-06-06 12:01:46,536 - INFO - [get_season_detail_script] releaseYear = 2022
2026-06-06 12:01:46,536 - INFO - [get_season_detail_script] body[0] found 'btf' node
2026-06-06 12:01:46,536 - INFO - [get_season_detail_script] Parse complete, result: {"parentTitle": "", "title": "The accursed", "releaseYear": 2022, "seasonNumber": 0, "total_episodes": 0}
2026-06-06 12:01:46,536 - INFO - ============================================================
2026-06-06 12:01:46,536 - INFO - [get_seasons_info] Parsed season details:
2026-06-06 12:01:46,536 - INFO -   - parentTitle: 
2026-06-06 12:01:46,536 - INFO -   - season_name: The accursed
2026-06-06 12:01:46,536 - INFO -   - release_time: 2022
2026-06-06 12:01:46,536 - INFO -   - season_number: 0
2026-06-06 12:01:46,536 - INFO -   - total_episodes: 0
2026-06-06 12:01:46,536 - INFO - ============================================================
2026-06-06 12:01:46,537 - INFO - [get_all_episodes_script] Starting to parse all episodes...
2026-06-06 12:01:46,537 - INFO - [get_all_episodes_script] body[0] found 'btf' node
2026-06-06 12:01:46,537 - INFO - [get_all_episodes_script] Found 1 episode details
2026-06-06 12:01:46,537 - INFO - [get_all_episodes_script] Episode 0: The accursed (ID: B0FSKNNGWM)
2026-06-06 12:01:46,537 - INFO - [get_all_episodes_script] Found 0 playable episode action_keys
2026-06-06 12:01:46,537 - INFO - [get_all_episodes_script] Total parsed 1 episode details
2026-06-06 12:01:46,537 - INFO - [get_all_episodes_script] Filtered playable episodes count: 0
2026-06-06 12:01:46,537 - INFO - ============================================================
2026-06-06 12:01:46,537 - INFO - [get_seasons_info] get_all_episodes_script returned 0 episodes
2026-06-06 12:01:46,537 - INFO - ============================================================
2026-06-06 12:01:46,537 - INFO - [get_episodes_script] Starting to filter episode list...
2026-06-06 12:01:46,537 - INFO - [get_episodes_script] Input episodes count: 0
2026-06-06 12:01:46,537 - INFO - [get_episodes_script] Found 'episodeList' node
2026-06-06 12:01:46,537 - INFO - [get_episodes_script] Final episodes count: 0
2026-06-06 12:01:46,537 - INFO - ============================================================
2026-06-06 12:01:46,538 - INFO - [get_seasons_info] get_episodes_script returned 0 episodes
2026-06-06 12:01:46,538 - INFO - [get_seasons_info] get_extras_script returned 0 extras categories
2026-06-06 12:01:46,539 - INFO - [get_seasons_info] atf_asins count: 1
2026-06-06 12:01:46,539 - INFO - [get_seasons_info] btf_asins count: 0
2026-06-06 12:01:46,539 - INFO - [get_seasons_info] promotion_urls count: 0
2026-06-06 12:01:46,539 - WARNING - [get_seasons_info] Season 'The accursed' has no episodes or promotions, skipped
2026-06-06 12:01:46,539 - INFO - 
2026-06-06 12:01:46,539 - INFO - [get_seasons_info] ========== Parse Complete ==========
2026-06-06 12:01:46,539 - INFO - [get_seasons_info] Total parsed 0 seasons
2026-06-06 12:01:57,453 - INFO - === amazon_is_meta start ===
2026-06-06 12:01:57,454 - INFO - input_file: H:/streamfab/outputTemp/amazonIsMetaPageTempIn.tmp
2026-06-06 12:01:57,454 - INFO - output_file: H:/streamfab/outputTemp/amazonIsMetaPageTempOut.tmp
2026-06-06 12:01:58,312 - INFO - read webpage, length: 1802486
2026-06-06 12:01:58,820 - INFO - parsed webpage with html5lib
2026-06-06 12:01:58,825 - INFO - main_element found: False
2026-06-06 12:01:58,825 - WARNING - main_element not found (id='main', data-testid='detailpage-main')
2026-06-06 12:01:58,857 - INFO - No block with pageTitleId+catalogId found
2026-06-06 12:01:58,857 - INFO - result: is_meta=False, media_type=movie, pageTitleId=None
2026-06-06 12:01:58,858 - INFO - wrote result to H:/streamfab/outputTemp/amazonIsMetaPageTempOut.tmp
2026-06-06 12:01:58,858 - INFO - === amazon_is_meta complete ===
2026-06-06 12:02:58,690 - INFO - === amazon_is_meta start ===
2026-06-06 12:02:58,691 - INFO - input_file: H:/streamfab/outputTemp/amazonIsMetaPageTempIn.tmp
2026-06-06 12:02:58,691 - INFO - output_file: H:/streamfab/outputTemp/amazonIsMetaPageTempOut.tmp
2026-06-06 12:02:59,565 - INFO - read webpage, length: 1795769
2026-06-06 12:03:00,079 - INFO - parsed webpage with html5lib
2026-06-06 12:03:00,087 - INFO - main_element found: False
2026-06-06 12:03:00,087 - WARNING - main_element not found (id='main', data-testid='detailpage-main')
2026-06-06 12:03:00,117 - INFO - No block with pageTitleId+catalogId found
2026-06-06 12:03:00,117 - INFO - result: is_meta=False, media_type=movie, pageTitleId=None
2026-06-06 12:03:00,118 - INFO - wrote result to H:/streamfab/outputTemp/amazonIsMetaPageTempOut.tmp
2026-06-06 12:03:00,118 - INFO - === amazon_is_meta complete ===
2026-06-06 12:03:45,935 - INFO - === amazon_is_meta start ===
2026-06-06 12:03:45,936 - INFO - input_file: H:/streamfab/outputTemp/amazonIsMetaPageTempIn.tmp
2026-06-06 12:03:45,936 - INFO - output_file: H:/streamfab/outputTemp/amazonIsMetaPageTempOut.tmp
2026-06-06 12:03:46,847 - INFO - read webpage, length: 731806
2026-06-06 12:03:47,198 - INFO - parsed webpage with html5lib
2026-06-06 12:03:47,201 - INFO - main_element found: True
2026-06-06 12:03:47,214 - INFO - e_synopsis (.dv-dp-node-synopsis): 1
2026-06-06 12:03:47,214 - INFO - is_meta=True (synopsis: 1)
2026-06-06 12:03:47,226 - INFO - e_live (live-state-badge): 0
2026-06-06 12:03:47,239 - INFO - e_episodes ({'data-testid': 'episode-list-item'}): 0
2026-06-06 12:03:47,260 - INFO - e_episodes ({'class_': 'XR0d6P'}): 0
2026-06-06 12:03:47,277 - INFO - e_episodes ({'class_': 'GG33WY'}): 0
2026-06-06 12:03:47,296 - INFO - e_episodes ({'class_': 'SIGk7D'}): 0
2026-06-06 12:03:47,308 - INFO - Found hydration-data block, pageTitleId=B00FYV5VGI
2026-06-06 12:03:47,308 - INFO - result: is_meta=True, media_type=movie, pageTitleId=B00FYV5VGI
2026-06-06 12:03:47,321 - INFO - wrote result to H:/streamfab/outputTemp/amazonIsMetaPageTempOut.tmp
2026-06-06 12:03:47,321 - INFO - === amazon_is_meta complete ===
2026-06-06 12:03:49,798 - WARNING - No season urls found - trying '.dv-node-dp-seasons a'...
2026-06-06 12:03:49,833 - WARNING - No season urls found - trying '.dv-node-dp-seasons-default a'...
2026-06-06 12:03:49,868 - INFO - amazon_get_season_urls complete...
2026-06-06 12:03:52,241 - INFO - get_real_url complete...
2026-06-06 12:03:54,105 - INFO - Parsed hydration-data script data
2026-06-06 12:03:54,107 - INFO - get_meta_info complete...
2026-06-06 12:03:56,219 - INFO - [get_seasons_info] ========== Starting to parse season info ==========
2026-06-06 12:03:56,219 - INFO - [get_seasons_info] Input webpages count: 1
2026-06-06 12:03:56,219 - INFO - 
2026-06-06 12:03:56,219 - INFO - [get_seasons_info] >>>>>> Processing webpage 1 <<<<<<
2026-06-06 12:03:56,220 - INFO - [get_seasons_info] Webpage length: 731806 characters
2026-06-06 12:03:56,220 - INFO - [get_seasons_info] Extracted ID from pageTitleId: B00FYV5VGI
2026-06-06 12:03:56,223 - INFO - Parsing hydration-data script data for seasons (normalized)
2026-06-06 12:03:56,223 - INFO - [get_seasons_info] JSON parsed successfully, top-level keys: ['props']
2026-06-06 12:03:56,223 - INFO - [get_seasons_info] Using Script JSON parsing method...
2026-06-06 12:03:56,223 - INFO - ============================================================
2026-06-06 12:03:56,223 - INFO - [get_season_detail_script] Starting to parse season details...
2026-06-06 12:03:56,223 - INFO - [get_season_detail_script] Found 'props' node
2026-06-06 12:03:56,223 - INFO - [get_season_detail_script] Found 'body' node, contains 1 items
2026-06-06 12:03:56,223 - INFO - [get_season_detail_script] body[0] found 'atf' node
2026-06-06 12:03:56,223 - INFO - [get_season_detail_script] Found 'headerDetail', contains 1 keys
2026-06-06 12:03:56,224 - INFO - [get_season_detail_script] title = Troja
2026-06-06 12:03:56,224 - INFO - [get_season_detail_script] releaseYear = 2004
2026-06-06 12:03:56,224 - INFO - [get_season_detail_script] body[0] found 'btf' node
2026-06-06 12:03:56,224 - INFO - [get_season_detail_script] Parse complete, result: {"parentTitle": "", "title": "Troja", "releaseYear": 2004, "seasonNumber": 0, "total_episodes": 0}
2026-06-06 12:03:56,224 - INFO - ============================================================
2026-06-06 12:03:56,224 - INFO - [get_seasons_info] Parsed season details:
2026-06-06 12:03:56,224 - INFO -   - parentTitle: 
2026-06-06 12:03:56,224 - INFO -   - season_name: Troja
2026-06-06 12:03:56,224 - INFO -   - release_time: 2004
2026-06-06 12:03:56,224 - INFO -   - season_number: 0
2026-06-06 12:03:56,224 - INFO -   - total_episodes: 0
2026-06-06 12:03:56,224 - INFO - ============================================================
2026-06-06 12:03:56,224 - INFO - [get_all_episodes_script] Starting to parse all episodes...
2026-06-06 12:03:56,224 - INFO - [get_all_episodes_script] body[0] found 'btf' node
2026-06-06 12:03:56,225 - INFO - [get_all_episodes_script] Found 1 episode details
2026-06-06 12:03:56,225 - INFO - [get_all_episodes_script] Episode 0: Troja (ID: B00FYV5VGI)
2026-06-06 12:03:56,225 - INFO - [get_all_episodes_script] Found 0 playable episode action_keys
2026-06-06 12:03:56,225 - INFO - [get_all_episodes_script] Total parsed 1 episode details
2026-06-06 12:03:56,225 - INFO - [get_all_episodes_script] Filtered playable episodes count: 0
2026-06-06 12:03:56,225 - INFO - ============================================================
2026-06-06 12:03:56,225 - INFO - [get_seasons_info] get_all_episodes_script returned 0 episodes
2026-06-06 12:03:56,225 - INFO - ============================================================
2026-06-06 12:03:56,225 - INFO - [get_episodes_script] Starting to filter episode list...
2026-06-06 12:03:56,225 - INFO - [get_episodes_script] Input episodes count: 0
2026-06-06 12:03:56,225 - INFO - [get_episodes_script] Found 'episodeList' node
2026-06-06 12:03:56,225 - INFO - [get_episodes_script] Final episodes count: 0
2026-06-06 12:03:56,225 - INFO - ============================================================
2026-06-06 12:03:56,225 - INFO - [get_seasons_info] get_episodes_script returned 0 episodes
2026-06-06 12:03:56,225 - INFO - [get_seasons_info] get_extras_script returned 1 extras categories
2026-06-06 12:03:56,230 - INFO - [get_seasons_info] atf_asins count: 1
2026-06-06 12:03:56,230 - INFO - [get_seasons_info] btf_asins count: 0
2026-06-06 12:03:56,230 - INFO - [get_seasons_info] promotion_urls count: 0
2026-06-06 12:03:56,230 - WARNING - [get_seasons_info] Season 'Troja' has no episodes or promotions, skipped
2026-06-06 12:03:56,231 - INFO - 
2026-06-06 12:03:56,231 - INFO - [get_seasons_info] ========== Parse Complete ==========
2026-06-06 12:03:56,231 - INFO - [get_seasons_info] Total parsed 0 seasons
2026-06-06 12:04:29,651 - INFO - === amazon_is_meta start ===
2026-06-06 12:04:29,652 - INFO - input_file: H:/streamfab/outputTemp/amazonIsMetaPageTempIn.tmp
2026-06-06 12:04:29,653 - INFO - output_file: H:/streamfab/outputTemp/amazonIsMetaPageTempOut.tmp
2026-06-06 12:04:30,647 - INFO - read webpage, length: 2225410
2026-06-06 12:04:31,199 - INFO - parsed webpage with html5lib
2026-06-06 12:04:31,205 - INFO - main_element found: False
2026-06-06 12:04:31,205 - WARNING - main_element not found (id='main', data-testid='detailpage-main')
2026-06-06 12:04:31,228 - INFO - No block with pageTitleId+catalogId found
2026-06-06 12:04:31,229 - INFO - result: is_meta=False, media_type=movie, pageTitleId=None
2026-06-06 12:04:31,230 - INFO - wrote result to H:/streamfab/outputTemp/amazonIsMetaPageTempOut.tmp
2026-06-06 12:04:31,230 - INFO - === amazon_is_meta complete ===
2026-06-06 12:05:26,578 - INFO - === amazon_is_meta start ===
2026-06-06 12:05:26,579 - INFO - input_file: H:/streamfab/outputTemp/amazonIsMetaPageTempIn.tmp
2026-06-06 12:05:26,580 - INFO - output_file: H:/streamfab/outputTemp/amazonIsMetaPageTempOut.tmp
2026-06-06 12:05:27,450 - INFO - read webpage, length: 1252893
2026-06-06 12:05:27,919 - INFO - parsed webpage with html5lib
2026-06-06 12:05:27,925 - INFO - main_element found: False
2026-06-06 12:05:27,926 - WARNING - main_element not found (id='main', data-testid='detailpage-main')
2026-06-06 12:05:27,944 - INFO - No block with pageTitleId+catalogId found
2026-06-06 12:05:27,944 - INFO - result: is_meta=False, media_type=movie, pageTitleId=None
2026-06-06 12:05:27,945 - INFO - wrote result to H:/streamfab/outputTemp/amazonIsMetaPageTempOut.tmp
2026-06-06 12:05:27,945 - INFO - === amazon_is_meta complete ===
2026-06-06 12:05:48,603 - INFO - === amazon_is_meta start ===
2026-06-06 12:05:48,604 - INFO - input_file: H:/streamfab/outputTemp/amazonIsMetaPageTempIn.tmp
2026-06-06 12:05:48,604 - INFO - output_file: H:/streamfab/outputTemp/amazonIsMetaPageTempOut.tmp
2026-06-06 12:05:49,656 - INFO - read webpage, length: 947743
2026-06-06 12:05:50,089 - INFO - parsed webpage with html5lib
2026-06-06 12:05:50,091 - INFO - main_element found: True
2026-06-06 12:05:50,107 - INFO - e_synopsis (.dv-dp-node-synopsis): 1
2026-06-06 12:05:50,107 - INFO - is_meta=True (synopsis: 1)
2026-06-06 12:05:50,124 - INFO - e_live (live-state-badge): 0
2026-06-06 12:05:50,138 - INFO - e_episodes ({'data-testid': 'episode-list-item'}): 0
2026-06-06 12:05:50,162 - INFO - e_episodes ({'class_': 'XR0d6P'}): 0
2026-06-06 12:05:50,186 - INFO - e_episodes ({'class_': 'GG33WY'}): 0
2026-06-06 12:05:50,207 - INFO - e_episodes ({'class_': 'SIGk7D'}): 0
2026-06-06 12:05:50,222 - INFO - Found hydration-data block, pageTitleId=B0GVZ9W9CM
2026-06-06 12:05:50,222 - INFO - result: is_meta=True, media_type=movie, pageTitleId=B0GVZ9W9CM
2026-06-06 12:05:50,255 - INFO - wrote result to H:/streamfab/outputTemp/amazonIsMetaPageTempOut.tmp
2026-06-06 12:05:50,256 - INFO - === amazon_is_meta complete ===
2026-06-06 12:05:52,796 - WARNING - No season urls found - trying '.dv-node-dp-seasons a'...
2026-06-06 12:05:52,837 - WARNING - No season urls found - trying '.dv-node-dp-seasons-default a'...
2026-06-06 12:05:52,879 - INFO - amazon_get_season_urls complete...
2026-06-06 12:05:55,308 - INFO - get_real_url complete...
2026-06-06 12:05:57,133 - INFO - Parsed hydration-data script data
2026-06-06 12:05:57,136 - INFO - get_meta_info complete...
2026-06-06 12:05:58,932 - INFO - [get_seasons_info] ========== Starting to parse season info ==========
2026-06-06 12:05:58,932 - INFO - [get_seasons_info] Input webpages count: 1
2026-06-06 12:05:58,932 - INFO - 
2026-06-06 12:05:58,932 - INFO - [get_seasons_info] >>>>>> Processing webpage 1 <<<<<<
2026-06-06 12:05:58,932 - INFO - [get_seasons_info] Webpage length: 947743 characters
2026-06-06 12:05:58,933 - INFO - [get_seasons_info] Extracted ID from pageTitleId: B0GVZ9W9CM
2026-06-06 12:05:58,937 - INFO - Parsing hydration-data script data for seasons (normalized)
2026-06-06 12:05:58,937 - INFO - [get_seasons_info] JSON parsed successfully, top-level keys: ['props']
2026-06-06 12:05:58,937 - INFO - [get_seasons_info] Using Script JSON parsing method...
2026-06-06 12:05:58,937 - INFO - ============================================================
2026-06-06 12:05:58,937 - INFO - [get_season_detail_script] Starting to parse season details...
2026-06-06 12:05:58,937 - INFO - [get_season_detail_script] Found 'props' node
2026-06-06 12:05:58,937 - INFO - [get_season_detail_script] Found 'body' node, contains 1 items
2026-06-06 12:05:58,937 - INFO - [get_season_detail_script] body[0] found 'atf' node
2026-06-06 12:05:58,937 - INFO - [get_season_detail_script] Found 'headerDetail', contains 1 keys
2026-06-06 12:05:58,937 - INFO - [get_season_detail_script] title = Stargate Origins: Catherine [OV]
2026-06-06 12:05:58,938 - INFO - [get_season_detail_script] releaseYear = 2018
2026-06-06 12:05:58,938 - INFO - [get_season_detail_script] body[0] found 'btf' node
2026-06-06 12:05:58,938 - INFO - [get_season_detail_script] Parse complete, result: {"parentTitle": "", "title": "Stargate Origins: Catherine [OV]", "releaseYear": 2018, "seasonNumber": 0, "total_episodes": 0}
2026-06-06 12:05:58,938 - INFO - ============================================================
2026-06-06 12:05:58,938 - INFO - [get_seasons_info] Parsed season details:
2026-06-06 12:05:58,938 - INFO -   - parentTitle: 
2026-06-06 12:05:58,938 - INFO -   - season_name: Stargate Origins: Catherine [OV]
2026-06-06 12:05:58,938 - INFO -   - release_time: 2018
2026-06-06 12:05:58,938 - INFO -   - season_number: 0
2026-06-06 12:05:58,938 - INFO -   - total_episodes: 0
2026-06-06 12:05:58,938 - INFO - ============================================================
2026-06-06 12:05:58,938 - INFO - [get_all_episodes_script] Starting to parse all episodes...
2026-06-06 12:05:58,938 - INFO - [get_all_episodes_script] body[0] found 'btf' node
2026-06-06 12:05:58,938 - INFO - [get_all_episodes_script] Found 1 episode details
2026-06-06 12:05:58,938 - INFO - [get_all_episodes_script] Episode 0: Stargate Origins: Catherine [OV] (ID: B0GVZ9W9CM)
2026-06-06 12:05:58,939 - INFO - [get_all_episodes_script] Found 0 playable episode action_keys
2026-06-06 12:05:58,939 - INFO - [get_all_episodes_script] Total parsed 1 episode details
2026-06-06 12:05:58,939 - INFO - [get_all_episodes_script] Filtered playable episodes count: 0
2026-06-06 12:05:58,939 - INFO - ============================================================
2026-06-06 12:05:58,939 - INFO - [get_seasons_info] get_all_episodes_script returned 0 episodes
2026-06-06 12:05:58,939 - INFO - ============================================================
2026-06-06 12:05:58,939 - INFO - [get_episodes_script] Starting to filter episode list...
2026-06-06 12:05:58,939 - INFO - [get_episodes_script] Input episodes count: 0
2026-06-06 12:05:58,939 - INFO - [get_episodes_script] Found 'episodeList' node
2026-06-06 12:05:58,939 - INFO - [get_episodes_script] Final episodes count: 0
2026-06-06 12:05:58,939 - INFO - ============================================================
2026-06-06 12:05:58,939 - INFO - [get_seasons_info] get_episodes_script returned 0 episodes
2026-06-06 12:05:58,939 - INFO - [get_seasons_info] get_extras_script returned 0 extras categories
2026-06-06 12:05:58,946 - INFO - [get_seasons_info] atf_asins count: 1
2026-06-06 12:05:58,946 - INFO - [get_seasons_info] btf_asins count: 0
2026-06-06 12:05:58,946 - INFO - [get_seasons_info] promotion_urls count: 0
2026-06-06 12:05:58,946 - WARNING - [get_seasons_info] Season 'Stargate Origins: Catherine [OV]' has no episodes or promotions, skipped
2026-06-06 12:05:58,946 - INFO - 
2026-06-06 12:05:58,946 - INFO - [get_seasons_info] ========== Parse Complete ==========
2026-06-06 12:05:58,946 - INFO - [get_seasons_info] Total parsed 0 seasons
2026-06-06 12:06:16,869 - INFO - === amazon_is_meta start ===
2026-06-06 12:06:16,869 - INFO - input_file: H:/streamfab/outputTemp/amazonIsMetaPageTempIn.tmp
2026-06-06 12:06:16,870 - INFO - output_file: H:/streamfab/outputTemp/amazonIsMetaPageTempOut.tmp
2026-06-06 12:06:17,719 - INFO - read webpage, length: 1768208
2026-06-06 12:06:18,227 - INFO - parsed webpage with html5lib
2026-06-06 12:06:18,233 - INFO - main_element found: False
2026-06-06 12:06:18,233 - WARNING - main_element not found (id='main', data-testid='detailpage-main')
2026-06-06 12:06:18,252 - INFO - No block with pageTitleId+catalogId found
2026-06-06 12:06:18,252 - INFO - result: is_meta=False, media_type=movie, pageTitleId=None
2026-06-06 12:06:18,252 - INFO - wrote result to H:/streamfab/outputTemp/amazonIsMetaPageTempOut.tmp
2026-06-06 12:06:18,253 - INFO - === amazon_is_meta complete ===
2026-06-06 12:19:39,342 - INFO - === amazon_is_meta start ===
2026-06-06 12:19:39,369 - INFO - input_file: H:/streamfab/outputTemp/amazonIsMetaPageTempIn.tmp
2026-06-06 12:19:39,369 - INFO - output_file: H:/streamfab/outputTemp/amazonIsMetaPageTempOut.tmp
2026-06-06 12:19:40,427 - INFO - read webpage, length: 1526050
2026-06-06 12:19:41,025 - INFO - parsed webpage with html5lib
2026-06-06 12:19:41,027 - INFO - main_element found: True
2026-06-06 12:19:41,057 - INFO - e_synopsis (.dv-dp-node-synopsis): 1
2026-06-06 12:19:41,057 - INFO - is_meta=True (synopsis: 1)
2026-06-06 12:19:41,077 - INFO - e_live (live-state-badge): 0
2026-06-06 12:19:41,098 - INFO - e_episodes ({'data-testid': 'episode-list-item'}): 0
2026-06-06 12:19:41,132 - INFO - e_episodes ({'class_': 'XR0d6P'}): 0
2026-06-06 12:19:41,163 - INFO - e_episodes ({'class_': 'GG33WY'}): 0
2026-06-06 12:19:41,192 - INFO - e_episodes ({'class_': 'SIGk7D'}): 0
2026-06-06 12:19:41,213 - INFO - Found hydration-data block, pageTitleId=B0B8TG2N63
2026-06-06 12:19:41,214 - INFO - result: is_meta=True, media_type=movie, pageTitleId=B0B8TG2N63
2026-06-06 12:19:41,222 - INFO - wrote result to H:/streamfab/outputTemp/amazonIsMetaPageTempOut.tmp
2026-06-06 12:19:41,222 - INFO - === amazon_is_meta complete ===
2026-06-06 12:19:43,805 - WARNING - No season urls found - trying '.dv-node-dp-seasons a'...
2026-06-06 12:19:43,867 - WARNING - No season urls found - trying '.dv-node-dp-seasons-default a'...
2026-06-06 12:19:43,924 - INFO - amazon_get_season_urls complete...
2026-06-06 12:19:46,394 - INFO - get_real_url complete...
2026-06-06 12:19:48,173 - INFO - Parsed hydration-data script data
2026-06-06 12:19:48,176 - INFO - get_meta_info complete...
2026-06-06 12:19:50,012 - INFO - [get_seasons_info] ========== Starting to parse season info ==========
2026-06-06 12:19:50,012 - INFO - [get_seasons_info] Input webpages count: 1
2026-06-06 12:19:50,012 - INFO - 
2026-06-06 12:19:50,012 - INFO - [get_seasons_info] >>>>>> Processing webpage 1 <<<<<<
2026-06-06 12:19:50,012 - INFO - [get_seasons_info] Webpage length: 1526050 characters
2026-06-06 12:19:50,014 - INFO - [get_seasons_info] Extracted ID from pageTitleId: B0B8TG2N63
2026-06-06 12:19:50,022 - INFO - Parsing hydration-data script data for seasons (normalized)
2026-06-06 12:19:50,023 - INFO - [get_seasons_info] JSON parsed successfully, top-level keys: ['props']
2026-06-06 12:19:50,023 - INFO - [get_seasons_info] Using Script JSON parsing method...
2026-06-06 12:19:50,023 - INFO - ============================================================
2026-06-06 12:19:50,023 - INFO - [get_season_detail_script] Starting to parse season details...
2026-06-06 12:19:50,023 - INFO - [get_season_detail_script] Found 'props' node
2026-06-06 12:19:50,023 - INFO - [get_season_detail_script] Found 'body' node, contains 1 items
2026-06-06 12:19:50,023 - INFO - [get_season_detail_script] body[0] found 'atf' node
2026-06-06 12:19:50,023 - INFO - [get_season_detail_script] Found 'headerDetail', contains 1 keys
2026-06-06 12:19:50,023 - INFO - [get_season_detail_script] title = Stargate [dt./OV]
2026-06-06 12:19:50,023 - INFO - [get_season_detail_script] releaseYear = 1994
2026-06-06 12:19:50,023 - INFO - [get_season_detail_script] body[0] found 'btf' node
2026-06-06 12:19:50,023 - INFO - [get_season_detail_script] Parse complete, result: {"parentTitle": "", "title": "Stargate [dt./OV]", "releaseYear": 1994, "seasonNumber": 0, "total_episodes": 0}
2026-06-06 12:19:50,024 - INFO - ============================================================
2026-06-06 12:19:50,024 - INFO - [get_seasons_info] Parsed season details:
2026-06-06 12:19:50,024 - INFO -   - parentTitle: 
2026-06-06 12:19:50,024 - INFO -   - season_name: Stargate [dt./OV]
2026-06-06 12:19:50,024 - INFO -   - release_time: 1994
2026-06-06 12:19:50,024 - INFO -   - season_number: 0
2026-06-06 12:19:50,024 - INFO -   - total_episodes: 0
2026-06-06 12:19:50,024 - INFO - ============================================================
2026-06-06 12:19:50,024 - INFO - [get_all_episodes_script] Starting to parse all episodes...
2026-06-06 12:19:50,024 - INFO - [get_all_episodes_script] body[0] found 'btf' node
2026-06-06 12:19:50,024 - INFO - [get_all_episodes_script] Found 1 episode details
2026-06-06 12:19:50,024 - INFO - [get_all_episodes_script] Episode 0: Stargate [dt./OV] (ID: B0B8TG2N63)
2026-06-06 12:19:50,024 - INFO - [get_all_episodes_script] Found 0 playable episode action_keys
2026-06-06 12:19:50,024 - INFO - [get_all_episodes_script] Total parsed 1 episode details
2026-06-06 12:19:50,025 - INFO - [get_all_episodes_script] Filtered playable episodes count: 0
2026-06-06 12:19:50,025 - INFO - ============================================================
2026-06-06 12:19:50,025 - INFO - [get_seasons_info] get_all_episodes_script returned 0 episodes
2026-06-06 12:19:50,025 - INFO - ============================================================
2026-06-06 12:19:50,025 - INFO - [get_episodes_script] Starting to filter episode list...
2026-06-06 12:19:50,025 - INFO - [get_episodes_script] Input episodes count: 0
2026-06-06 12:19:50,025 - INFO - [get_episodes_script] Found 'episodeList' node
2026-06-06 12:19:50,025 - INFO - [get_episodes_script] Final episodes count: 0
2026-06-06 12:19:50,025 - INFO - ============================================================
2026-06-06 12:19:50,025 - INFO - [get_seasons_info] get_episodes_script returned 0 episodes
2026-06-06 12:19:50,025 - INFO - [get_seasons_info] get_extras_script returned 0 extras categories
2026-06-06 12:19:50,038 - INFO - [get_seasons_info] atf_asins count: 1
2026-06-06 12:19:50,038 - INFO - [get_seasons_info] btf_asins count: 0
2026-06-06 12:19:50,038 - INFO - [get_seasons_info] promotion_urls count: 0
2026-06-06 12:19:50,038 - WARNING - [get_seasons_info] Season 'Stargate [dt./OV]' has no episodes or promotions, skipped
2026-06-06 12:19:50,038 - INFO - 
2026-06-06 12:19:50,038 - INFO - [get_seasons_info] ========== Parse Complete ==========
2026-06-06 12:19:50,039 - INFO - [get_seasons_info] Total parsed 0 seasons
2026-06-06 12:20:12,828 - INFO - === amazon_is_meta start ===
2026-06-06 12:20:12,829 - INFO - input_file: H:/streamfab/outputTemp/amazonIsMetaPageTempIn.tmp
2026-06-06 12:20:12,829 - INFO - output_file: H:/streamfab/outputTemp/amazonIsMetaPageTempOut.tmp
2026-06-06 12:20:13,738 - INFO - read webpage, length: 2209074
2026-06-06 12:20:14,279 - INFO - parsed webpage with html5lib
2026-06-06 12:20:14,285 - INFO - main_element found: False
2026-06-06 12:20:14,285 - WARNING - main_element not found (id='main', data-testid='detailpage-main')
2026-06-06 12:20:14,302 - INFO - No block with pageTitleId+catalogId found
2026-06-06 12:20:14,302 - INFO - result: is_meta=False, media_type=movie, pageTitleId=None
2026-06-06 12:20:14,303 - INFO - wrote result to H:/streamfab/outputTemp/amazonIsMetaPageTempOut.tmp
2026-06-06 12:20:14,303 - INFO - === amazon_is_meta complete ===
2026-06-06 12:40:34,046 - INFO - === amazon_is_meta start ===
2026-06-06 12:40:34,069 - INFO - input_file: H:/streamfab/outputTemp/amazonIsMetaPageTempIn.tmp
2026-06-06 12:40:34,069 - INFO - output_file: H:/streamfab/outputTemp/amazonIsMetaPageTempOut.tmp
2026-06-06 12:40:35,677 - INFO - read webpage, length: 1542234
2026-06-06 12:40:36,493 - INFO - parsed webpage with html5lib
2026-06-06 12:40:36,498 - INFO - main_element found: True
2026-06-06 12:40:36,534 - INFO - e_synopsis (.dv-dp-node-synopsis): 1
2026-06-06 12:40:36,534 - INFO - is_meta=True (synopsis: 1)
2026-06-06 12:40:36,556 - INFO - e_live (live-state-badge): 0
2026-06-06 12:40:36,577 - INFO - e_episodes ({'data-testid': 'episode-list-item'}): 0
2026-06-06 12:40:36,610 - INFO - e_episodes ({'class_': 'XR0d6P'}): 0
2026-06-06 12:40:36,647 - INFO - e_episodes ({'class_': 'GG33WY'}): 0
2026-06-06 12:40:36,682 - INFO - e_episodes ({'class_': 'SIGk7D'}): 0
2026-06-06 12:40:36,709 - INFO - Found hydration-data block, pageTitleId=B0B8TG2N63
2026-06-06 12:40:36,710 - INFO - result: is_meta=True, media_type=movie, pageTitleId=B0B8TG2N63
2026-06-06 12:40:36,720 - INFO - wrote result to H:/streamfab/outputTemp/amazonIsMetaPageTempOut.tmp
2026-06-06 12:40:36,720 - INFO - === amazon_is_meta complete ===
2026-06-06 12:40:40,528 - WARNING - No season urls found - trying '.dv-node-dp-seasons a'...
2026-06-06 12:40:40,607 - WARNING - No season urls found - trying '.dv-node-dp-seasons-default a'...
2026-06-06 12:40:40,684 - INFO - amazon_get_season_urls complete...
2026-06-06 12:40:43,855 - INFO - get_real_url complete...
2026-06-06 12:40:46,065 - INFO - Parsed hydration-data script data
2026-06-06 12:40:46,069 - INFO - get_meta_info complete...
2026-06-06 12:40:48,227 - INFO - [get_seasons_info] ========== Starting to parse season info ==========
2026-06-06 12:40:48,227 - INFO - [get_seasons_info] Input webpages count: 1
2026-06-06 12:40:48,227 - INFO - 
2026-06-06 12:40:48,227 - INFO - [get_seasons_info] >>>>>> Processing webpage 1 <<<<<<
2026-06-06 12:40:48,227 - INFO - [get_seasons_info] Webpage length: 1542234 characters
2026-06-06 12:40:48,230 - INFO - [get_seasons_info] Extracted ID from pageTitleId: B0B8TG2N63
2026-06-06 12:40:48,239 - INFO - Parsing hydration-data script data for seasons (normalized)
2026-06-06 12:40:48,239 - INFO - [get_seasons_info] JSON parsed successfully, top-level keys: ['props']
2026-06-06 12:40:48,239 - INFO - [get_seasons_info] Using Script JSON parsing method...
2026-06-06 12:40:48,239 - INFO - ============================================================
2026-06-06 12:40:48,240 - INFO - [get_season_detail_script] Starting to parse season details...
2026-06-06 12:40:48,240 - INFO - [get_season_detail_script] Found 'props' node
2026-06-06 12:40:48,240 - INFO - [get_season_detail_script] Found 'body' node, contains 1 items
2026-06-06 12:40:48,240 - INFO - [get_season_detail_script] body[0] found 'atf' node
2026-06-06 12:40:48,240 - INFO - [get_season_detail_script] Found 'headerDetail', contains 1 keys
2026-06-06 12:40:48,240 - INFO - [get_season_detail_script] title = Stargate [dt./OV]
2026-06-06 12:40:48,240 - INFO - [get_season_detail_script] releaseYear = 1994
2026-06-06 12:40:48,240 - INFO - [get_season_detail_script] body[0] found 'btf' node
2026-06-06 12:40:48,240 - INFO - [get_season_detail_script] Parse complete, result: {"parentTitle": "", "title": "Stargate [dt./OV]", "releaseYear": 1994, "seasonNumber": 0, "total_episodes": 0}
2026-06-06 12:40:48,240 - INFO - ============================================================
2026-06-06 12:40:48,240 - INFO - [get_seasons_info] Parsed season details:
2026-06-06 12:40:48,240 - INFO -   - parentTitle: 
2026-06-06 12:40:48,240 - INFO -   - season_name: Stargate [dt./OV]
2026-06-06 12:40:48,240 - INFO -   - release_time: 1994
2026-06-06 12:40:48,241 - INFO -   - season_number: 0
2026-06-06 12:40:48,241 - INFO -   - total_episodes: 0
2026-06-06 12:40:48,241 - INFO - ============================================================
2026-06-06 12:40:48,241 - INFO - [get_all_episodes_script] Starting to parse all episodes...
2026-06-06 12:40:48,241 - INFO - [get_all_episodes_script] body[0] found 'btf' node
2026-06-06 12:40:48,241 - INFO - [get_all_episodes_script] Found 1 episode details
2026-06-06 12:40:48,241 - INFO - [get_all_episodes_script] Episode 0: Stargate [dt./OV] (ID: B0B8TG2N63)
2026-06-06 12:40:48,241 - INFO - [get_all_episodes_script] Found 0 playable episode action_keys
2026-06-06 12:40:48,241 - INFO - [get_all_episodes_script] Total parsed 1 episode details
2026-06-06 12:40:48,241 - INFO - [get_all_episodes_script] Filtered playable episodes count: 0
2026-06-06 12:40:48,241 - INFO - ============================================================
2026-06-06 12:40:48,241 - INFO - [get_seasons_info] get_all_episodes_script returned 0 episodes
2026-06-06 12:40:48,241 - INFO - ============================================================
2026-06-06 12:40:48,242 - INFO - [get_episodes_script] Starting to filter episode list...
2026-06-06 12:40:48,242 - INFO - [get_episodes_script] Input episodes count: 0
2026-06-06 12:40:48,242 - INFO - [get_episodes_script] Found 'episodeList' node
2026-06-06 12:40:48,242 - INFO - [get_episodes_script] Final episodes count: 0
2026-06-06 12:40:48,242 - INFO - ============================================================
2026-06-06 12:40:48,242 - INFO - [get_seasons_info] get_episodes_script returned 0 episodes
2026-06-06 12:40:48,242 - INFO - [get_seasons_info] get_extras_script returned 0 extras categories
2026-06-06 12:40:48,256 - INFO - [get_seasons_info] atf_asins count: 1
2026-06-06 12:40:48,257 - INFO - [get_seasons_info] btf_asins count: 0
2026-06-06 12:40:48,257 - INFO - [get_seasons_info] promotion_urls count: 0
2026-06-06 12:40:48,257 - WARNING - [get_seasons_info] Season 'Stargate [dt./OV]' has no episodes or promotions, skipped
2026-06-06 12:40:48,257 - INFO - 
2026-06-06 12:40:48,257 - INFO - [get_seasons_info] ========== Parse Complete ==========
2026-06-06 12:40:48,257 - INFO - [get_seasons_info] Total parsed 0 seasons
2026-06-06 12:40:53,018 - INFO - === amazon_is_meta start ===
2026-06-06 12:40:53,020 - INFO - input_file: H:/streamfab/outputTemp/amazonIsMetaPageTempIn.tmp
2026-06-06 12:40:53,020 - INFO - output_file: H:/streamfab/outputTemp/amazonIsMetaPageTempOut.tmp
2026-06-06 12:40:54,171 - INFO - read webpage, length: 936948
2026-06-06 12:40:54,693 - INFO - parsed webpage with html5lib
2026-06-06 12:40:54,698 - INFO - main_element found: True
2026-06-06 12:40:54,717 - INFO - e_synopsis (.dv-dp-node-synopsis): 1
2026-06-06 12:40:54,717 - INFO - is_meta=True (synopsis: 1)
2026-06-06 12:40:54,733 - INFO - e_live (live-state-badge): 0
2026-06-06 12:40:54,750 - INFO - e_episodes ({'data-testid': 'episode-list-item'}): 0
2026-06-06 12:40:54,774 - INFO - e_episodes ({'class_': 'XR0d6P'}): 0
2026-06-06 12:40:54,796 - INFO - e_episodes ({'class_': 'GG33WY'}): 0
2026-06-06 12:40:54,818 - INFO - e_episodes ({'class_': 'SIGk7D'}): 0
2026-06-06 12:40:54,835 - INFO - Found hydration-data block, pageTitleId=B0GVZ9W9CM
2026-06-06 12:40:54,835 - INFO - result: is_meta=True, media_type=movie, pageTitleId=B0GVZ9W9CM
2026-06-06 12:40:54,850 - INFO - wrote result to H:/streamfab/outputTemp/amazonIsMetaPageTempOut.tmp
2026-06-06 12:40:54,850 - INFO - === amazon_is_meta complete ===
2026-06-06 12:40:57,835 - WARNING - No season urls found - trying '.dv-node-dp-seasons a'...
2026-06-06 12:40:57,875 - WARNING - No season urls found - trying '.dv-node-dp-seasons-default a'...
2026-06-06 12:40:57,922 - INFO - amazon_get_season_urls complete...
2026-06-06 12:41:00,940 - INFO - get_real_url complete...
2026-06-06 12:41:03,724 - INFO - Parsed hydration-data script data
2026-06-06 12:41:03,727 - INFO - get_meta_info complete...
2026-06-06 12:41:05,904 - INFO - [get_seasons_info] ========== Starting to parse season info ==========
2026-06-06 12:41:05,904 - INFO - [get_seasons_info] Input webpages count: 1
2026-06-06 12:41:05,904 - INFO - 
2026-06-06 12:41:05,904 - INFO - [get_seasons_info] >>>>>> Processing webpage 1 <<<<<<
2026-06-06 12:41:05,904 - INFO - [get_seasons_info] Webpage length: 936948 characters
2026-06-06 12:41:05,905 - INFO - [get_seasons_info] Extracted ID from pageTitleId: B0GVZ9W9CM
2026-06-06 12:41:05,910 - INFO - Parsing hydration-data script data for seasons (normalized)
2026-06-06 12:41:05,910 - INFO - [get_seasons_info] JSON parsed successfully, top-level keys: ['props']
2026-06-06 12:41:05,910 - INFO - [get_seasons_info] Using Script JSON parsing method...
2026-06-06 12:41:05,910 - INFO - ============================================================
2026-06-06 12:41:05,910 - INFO - [get_season_detail_script] Starting to parse season details...
2026-06-06 12:41:05,910 - INFO - [get_season_detail_script] Found 'props' node
2026-06-06 12:41:05,911 - INFO - [get_season_detail_script] Found 'body' node, contains 1 items
2026-06-06 12:41:05,911 - INFO - [get_season_detail_script] body[0] found 'atf' node
2026-06-06 12:41:05,911 - INFO - [get_season_detail_script] Found 'headerDetail', contains 1 keys
2026-06-06 12:41:05,911 - INFO - [get_season_detail_script] title = Stargate Origins: Catherine [OV]
2026-06-06 12:41:05,911 - INFO - [get_season_detail_script] releaseYear = 2018
2026-06-06 12:41:05,911 - INFO - [get_season_detail_script] body[0] found 'btf' node
2026-06-06 12:41:05,911 - INFO - [get_season_detail_script] Parse complete, result: {"parentTitle": "", "title": "Stargate Origins: Catherine [OV]", "releaseYear": 2018, "seasonNumber": 0, "total_episodes": 0}
2026-06-06 12:41:05,912 - INFO - ============================================================
2026-06-06 12:41:05,912 - INFO - [get_seasons_info] Parsed season details:
2026-06-06 12:41:05,912 - INFO -   - parentTitle: 
2026-06-06 12:41:05,912 - INFO -   - season_name: Stargate Origins: Catherine [OV]
2026-06-06 12:41:05,912 - INFO -   - release_time: 2018
2026-06-06 12:41:05,912 - INFO -   - season_number: 0
2026-06-06 12:41:05,912 - INFO -   - total_episodes: 0
2026-06-06 12:41:05,913 - INFO - ============================================================
2026-06-06 12:41:05,913 - INFO - [get_all_episodes_script] Starting to parse all episodes...
2026-06-06 12:41:05,913 - INFO - [get_all_episodes_script] body[0] found 'btf' node
2026-06-06 12:41:05,913 - INFO - [get_all_episodes_script] Found 1 episode details
2026-06-06 12:41:05,913 - INFO - [get_all_episodes_script] Episode 0: Stargate Origins: Catherine [OV] (ID: B0GVZ9W9CM)
2026-06-06 12:41:05,913 - INFO - [get_all_episodes_script] Found 0 playable episode action_keys
2026-06-06 12:41:05,913 - INFO - [get_all_episodes_script] Total parsed 1 episode details
2026-06-06 12:41:05,913 - INFO - [get_all_episodes_script] Filtered playable episodes count: 0
2026-06-06 12:41:05,913 - INFO - ============================================================
2026-06-06 12:41:05,914 - INFO - [get_seasons_info] get_all_episodes_script returned 0 episodes
2026-06-06 12:41:05,914 - INFO - ============================================================
2026-06-06 12:41:05,914 - INFO - [get_episodes_script] Starting to filter episode list...
2026-06-06 12:41:05,914 - INFO - [get_episodes_script] Input episodes count: 0
2026-06-06 12:41:05,914 - INFO - [get_episodes_script] Found 'episodeList' node
2026-06-06 12:41:05,914 - INFO - [get_episodes_script] Final episodes count: 0
2026-06-06 12:41:05,914 - INFO - ============================================================
2026-06-06 12:41:05,914 - INFO - [get_seasons_info] get_episodes_script returned 0 episodes
2026-06-06 12:41:05,914 - INFO - [get_seasons_info] get_extras_script returned 0 extras categories
2026-06-06 12:41:05,920 - INFO - [get_seasons_info] atf_asins count: 1
2026-06-06 12:41:05,920 - INFO - [get_seasons_info] btf_asins count: 0
2026-06-06 12:41:05,920 - INFO - [get_seasons_info] promotion_urls count: 0
2026-06-06 12:41:05,920 - WARNING - [get_seasons_info] Season 'Stargate Origins: Catherine [OV]' has no episodes or promotions, skipped
2026-06-06 12:41:05,920 - INFO - 
2026-06-06 12:41:05,920 - INFO - [get_seasons_info] ========== Parse Complete ==========
2026-06-06 12:41:05,920 - INFO - [get_seasons_info] Total parsed 0 seasons
2026-06-06 12:41:09,499 - INFO - === amazon_is_meta start ===
2026-06-06 12:41:09,500 - INFO - input_file: H:/streamfab/outputTemp/amazonIsMetaPageTempIn.tmp
2026-06-06 12:41:09,500 - INFO - output_file: H:/streamfab/outputTemp/amazonIsMetaPageTempOut.tmp
2026-06-06 12:41:10,554 - INFO - read webpage, length: 1240979
2026-06-06 12:41:11,154 - INFO - parsed webpage with html5lib
2026-06-06 12:41:11,162 - INFO - main_element found: False
2026-06-06 12:41:11,162 - WARNING - main_element not found (id='main', data-testid='detailpage-main')
2026-06-06 12:41:11,185 - INFO - No block with pageTitleId+catalogId found
2026-06-06 12:41:11,185 - INFO - result: is_meta=False, media_type=movie, pageTitleId=None
2026-06-06 12:41:11,186 - INFO - wrote result to H:/streamfab/outputTemp/amazonIsMetaPageTempOut.tmp
2026-06-06 12:41:11,186 - INFO - === amazon_is_meta complete ===
2026-06-06 12:41:12,523 - INFO - === amazon_is_meta start ===
2026-06-06 12:41:12,524 - INFO - input_file: H:/streamfab/outputTemp/amazonIsMetaPageTempIn.tmp
2026-06-06 12:41:12,524 - INFO - output_file: H:/streamfab/outputTemp/amazonIsMetaPageTempOut.tmp
2026-06-06 12:41:13,454 - INFO - read webpage, length: 1245100
2026-06-06 12:41:13,930 - INFO - parsed webpage with html5lib
2026-06-06 12:41:13,936 - INFO - main_element found: False
2026-06-06 12:41:13,937 - WARNING - main_element not found (id='main', data-testid='detailpage-main')
2026-06-06 12:41:13,956 - INFO - No block with pageTitleId+catalogId found
2026-06-06 12:41:13,956 - INFO - result: is_meta=False, media_type=movie, pageTitleId=None
2026-06-06 12:41:13,957 - INFO - wrote result to H:/streamfab/outputTemp/amazonIsMetaPageTempOut.tmp
2026-06-06 12:41:13,957 - INFO - === amazon_is_meta complete ===
2026-06-06 12:41:21,070 - INFO - === amazon_is_meta start ===
2026-06-06 12:41:21,071 - INFO - input_file: H:/streamfab/outputTemp/amazonIsMetaPageTempIn.tmp
2026-06-06 12:41:21,071 - INFO - output_file: H:/streamfab/outputTemp/amazonIsMetaPageTempOut.tmp
2026-06-06 12:41:21,979 - INFO - read webpage, length: 1392877
2026-06-06 12:41:22,502 - INFO - parsed webpage with html5lib
2026-06-06 12:41:22,504 - INFO - main_element found: True
2026-06-06 12:41:22,530 - INFO - e_synopsis (.dv-dp-node-synopsis): 1
2026-06-06 12:41:22,530 - INFO - is_meta=True (synopsis: 1)
2026-06-06 12:41:22,549 - INFO - e_live (live-state-badge): 0
2026-06-06 12:41:22,567 - INFO - e_episodes ({'data-testid': 'episode-list-item'}): 0
2026-06-06 12:41:22,594 - INFO - e_episodes ({'class_': 'XR0d6P'}): 0
2026-06-06 12:41:22,622 - INFO - e_episodes ({'class_': 'GG33WY'}): 0
2026-06-06 12:41:22,649 - INFO - e_episodes ({'class_': 'SIGk7D'}): 0
2026-06-06 12:41:22,668 - INFO - Found hydration-data block, pageTitleId=B0B8RNXQ1S
2026-06-06 12:41:22,669 - INFO - result: is_meta=True, media_type=movie, pageTitleId=B0B8RNXQ1S
2026-06-06 12:41:22,676 - INFO - wrote result to H:/streamfab/outputTemp/amazonIsMetaPageTempOut.tmp
2026-06-06 12:41:22,676 - INFO - === amazon_is_meta complete ===
2026-06-06 12:41:25,210 - WARNING - No season urls found - trying '.dv-node-dp-seasons a'...
2026-06-06 12:41:25,262 - WARNING - No season urls found - trying '.dv-node-dp-seasons-default a'...
2026-06-06 12:41:25,313 - INFO - amazon_get_season_urls complete...
2026-06-06 12:41:27,820 - INFO - get_real_url complete...
2026-06-06 12:41:29,764 - INFO - Parsed hydration-data script data
2026-06-06 12:41:29,767 - INFO - get_meta_info complete...
2026-06-06 12:41:31,685 - INFO - [get_seasons_info] ========== Starting to parse season info ==========
2026-06-06 12:41:31,685 - INFO - [get_seasons_info] Input webpages count: 1
2026-06-06 12:41:31,685 - INFO - 
2026-06-06 12:41:31,685 - INFO - [get_seasons_info] >>>>>> Processing webpage 1 <<<<<<
2026-06-06 12:41:31,685 - INFO - [get_seasons_info] Webpage length: 1392877 characters
2026-06-06 12:41:31,686 - INFO - [get_seasons_info] Extracted ID from pageTitleId: B0B8RNXQ1S
2026-06-06 12:41:31,693 - INFO - Parsing hydration-data script data for seasons (normalized)
2026-06-06 12:41:31,693 - INFO - [get_seasons_info] JSON parsed successfully, top-level keys: ['props']
2026-06-06 12:41:31,693 - INFO - [get_seasons_info] Using Script JSON parsing method...
2026-06-06 12:41:31,693 - INFO - ============================================================
2026-06-06 12:41:31,693 - INFO - [get_season_detail_script] Starting to parse season details...
2026-06-06 12:41:31,694 - INFO - [get_season_detail_script] Found 'props' node
2026-06-06 12:41:31,694 - INFO - [get_season_detail_script] Found 'body' node, contains 1 items
2026-06-06 12:41:31,694 - INFO - [get_season_detail_script] body[0] found 'atf' node
2026-06-06 12:41:31,694 - INFO - [get_season_detail_script] Found 'headerDetail', contains 1 keys
2026-06-06 12:41:31,694 - INFO - [get_season_detail_script] title = Stargate - The Ark of Truth - Quelle der Wahrheit [dt./OV]
2026-06-06 12:41:31,694 - INFO - [get_season_detail_script] releaseYear = 2008
2026-06-06 12:41:31,694 - INFO - [get_season_detail_script] body[0] found 'btf' node
2026-06-06 12:41:31,694 - INFO - [get_season_detail_script] Parse complete, result: {"parentTitle": "", "title": "Stargate - The Ark of Truth - Quelle der Wahrheit [dt./OV]", "releaseYear": 2008, "seasonNumber": 0, "total_episodes": 0}
2026-06-06 12:41:31,694 - INFO - ============================================================
2026-06-06 12:41:31,694 - INFO - [get_seasons_info] Parsed season details:
2026-06-06 12:41:31,694 - INFO -   - parentTitle: 
2026-06-06 12:41:31,694 - INFO -   - season_name: Stargate - The Ark of Truth - Quelle der Wahrheit [dt./OV]
2026-06-06 12:41:31,695 - INFO -   - release_time: 2008
2026-06-06 12:41:31,695 - INFO -   - season_number: 0
2026-06-06 12:41:31,695 - INFO -   - total_episodes: 0
2026-06-06 12:41:31,695 - INFO - ============================================================
2026-06-06 12:41:31,695 - INFO - [get_all_episodes_script] Starting to parse all episodes...
2026-06-06 12:41:31,695 - INFO - [get_all_episodes_script] body[0] found 'btf' node
2026-06-06 12:41:31,695 - INFO - [get_all_episodes_script] Found 1 episode details
2026-06-06 12:41:31,695 - INFO - [get_all_episodes_script] Episode 0: Stargate - The Ark of Truth - Quelle der Wahrheit [dt./OV] (ID: B0B8RNXQ1S)
2026-06-06 12:41:31,695 - INFO - [get_all_episodes_script] Found 0 playable episode action_keys
2026-06-06 12:41:31,695 - INFO - [get_all_episodes_script] Total parsed 1 episode details
2026-06-06 12:41:31,695 - INFO - [get_all_episodes_script] Filtered playable episodes count: 0
2026-06-06 12:41:31,695 - INFO - ============================================================
2026-06-06 12:41:31,696 - INFO - [get_seasons_info] get_all_episodes_script returned 0 episodes
2026-06-06 12:41:31,696 - INFO - ============================================================
2026-06-06 12:41:31,696 - INFO - [get_episodes_script] Starting to filter episode list...
2026-06-06 12:41:31,696 - INFO - [get_episodes_script] Input episodes count: 0
2026-06-06 12:41:31,696 - INFO - [get_episodes_script] Found 'episodeList' node
2026-06-06 12:41:31,696 - INFO - [get_episodes_script] Final episodes count: 0
2026-06-06 12:41:31,696 - INFO - ============================================================
2026-06-06 12:41:31,696 - INFO - [get_seasons_info] get_episodes_script returned 0 episodes
2026-06-06 12:41:31,696 - INFO - [get_seasons_info] get_extras_script returned 0 extras categories
2026-06-06 12:41:31,706 - INFO - [get_seasons_info] atf_asins count: 1
2026-06-06 12:41:31,706 - INFO - [get_seasons_info] btf_asins count: 0
2026-06-06 12:41:31,706 - INFO - [get_seasons_info] promotion_urls count: 0
2026-06-06 12:41:31,706 - WARNING - [get_seasons_info] Season 'Stargate - The Ark of Truth - Quelle der Wahrheit [dt./OV]' has no episodes or promotions, skipped
2026-06-06 12:41:31,706 - INFO - 
2026-06-06 12:41:31,706 - INFO - [get_seasons_info] ========== Parse Complete ==========
2026-06-06 12:41:31,706 - INFO - [get_seasons_info] Total parsed 0 seasons
2026-06-06 12:41:52,599 - INFO - === amazon_is_meta start ===
2026-06-06 12:41:52,600 - INFO - input_file: H:/streamfab/outputTemp/amazonIsMetaPageTempIn.tmp
2026-06-06 12:41:52,600 - INFO - output_file: H:/streamfab/outputTemp/amazonIsMetaPageTempOut.tmp
2026-06-06 12:41:53,483 - INFO - read webpage, length: 1753288
2026-06-06 12:41:53,973 - INFO - parsed webpage with html5lib
2026-06-06 12:41:53,980 - INFO - main_element found: False
2026-06-06 12:41:53,980 - WARNING - main_element not found (id='main', data-testid='detailpage-main')
2026-06-06 12:41:53,999 - INFO - No block with pageTitleId+catalogId found
2026-06-06 12:41:54,000 - INFO - result: is_meta=False, media_type=movie, pageTitleId=None
2026-06-06 12:41:54,000 - INFO - wrote result to H:/streamfab/outputTemp/amazonIsMetaPageTempOut.tmp
2026-06-06 12:41:54,000 - INFO - === amazon_is_meta complete ===
2026-06-06 13:03:47,425 - INFO - === amazon_is_meta start ===
2026-06-06 13:03:47,447 - INFO - input_file: H:/streamfab/outputTemp/amazonIsMetaPageTempIn.tmp
2026-06-06 13:03:47,447 - INFO - output_file: H:/streamfab/outputTemp/amazonIsMetaPageTempOut.tmp
2026-06-06 13:03:48,369 - INFO - read webpage, length: 1522243
2026-06-06 13:03:48,973 - INFO - parsed webpage with html5lib
2026-06-06 13:03:48,976 - INFO - main_element found: True
2026-06-06 13:03:49,010 - INFO - e_synopsis (.dv-dp-node-synopsis): 1
2026-06-06 13:03:49,010 - INFO - is_meta=True (synopsis: 1)
2026-06-06 13:03:49,032 - INFO - e_live (live-state-badge): 0
2026-06-06 13:03:49,053 - INFO - e_episodes ({'data-testid': 'episode-list-item'}): 0
2026-06-06 13:03:49,082 - INFO - e_episodes ({'class_': 'XR0d6P'}): 0
2026-06-06 13:03:49,112 - INFO - e_episodes ({'class_': 'GG33WY'}): 0
2026-06-06 13:03:49,148 - INFO - e_episodes ({'class_': 'SIGk7D'}): 0
2026-06-06 13:03:49,171 - INFO - Found hydration-data block, pageTitleId=B0DQ2T6DYW
2026-06-06 13:03:49,172 - INFO - result: is_meta=True, media_type=movie, pageTitleId=B0DQ2T6DYW
2026-06-06 13:03:49,181 - INFO - wrote result to H:/streamfab/outputTemp/amazonIsMetaPageTempOut.tmp
2026-06-06 13:03:49,181 - INFO - === amazon_is_meta complete ===
2026-06-06 13:03:51,891 - WARNING - No season urls found - trying '.dv-node-dp-seasons a'...
2026-06-06 13:03:51,947 - WARNING - No season urls found - trying '.dv-node-dp-seasons-default a'...
2026-06-06 13:03:52,005 - INFO - amazon_get_season_urls complete...
2026-06-06 13:03:54,625 - INFO - get_real_url complete...
2026-06-06 13:03:56,486 - INFO - Parsed hydration-data script data
2026-06-06 13:03:56,489 - INFO - get_meta_info complete...
2026-06-06 13:03:58,298 - INFO - [get_seasons_info] ========== Starting to parse season info ==========
2026-06-06 13:03:58,298 - INFO - [get_seasons_info] Input webpages count: 1
2026-06-06 13:03:58,298 - INFO - 
2026-06-06 13:03:58,298 - INFO - [get_seasons_info] >>>>>> Processing webpage 1 <<<<<<
2026-06-06 13:03:58,299 - INFO - [get_seasons_info] Webpage length: 1522243 characters
2026-06-06 13:03:58,300 - INFO - [get_seasons_info] Extracted ID from pageTitleId: B0DQ2T6DYW
2026-06-06 13:03:58,308 - INFO - Parsing hydration-data script data for seasons (normalized)
2026-06-06 13:03:58,308 - INFO - [get_seasons_info] JSON parsed successfully, top-level keys: ['props']
2026-06-06 13:03:58,308 - INFO - [get_seasons_info] Using Script JSON parsing method...
2026-06-06 13:03:58,309 - INFO - ============================================================
2026-06-06 13:03:58,309 - INFO - [get_season_detail_script] Starting to parse season details...
2026-06-06 13:03:58,309 - INFO - [get_season_detail_script] Found 'props' node
2026-06-06 13:03:58,309 - INFO - [get_season_detail_script] Found 'body' node, contains 1 items
2026-06-06 13:03:58,309 - INFO - [get_season_detail_script] body[0] found 'atf' node
2026-06-06 13:03:58,309 - INFO - [get_season_detail_script] Found 'headerDetail', contains 1 keys
2026-06-06 13:03:58,309 - INFO - [get_season_detail_script] title = Stargate Continuum
2026-06-06 13:03:58,309 - INFO - [get_season_detail_script] releaseYear = 2008
2026-06-06 13:03:58,309 - INFO - [get_season_detail_script] body[0] found 'btf' node
2026-06-06 13:03:58,309 - INFO - [get_season_detail_script] Parse complete, result: {"parentTitle": "", "title": "Stargate Continuum", "releaseYear": 2008, "seasonNumber": 0, "total_episodes": 0}
2026-06-06 13:03:58,309 - INFO - ============================================================
2026-06-06 13:03:58,309 - INFO - [get_seasons_info] Parsed season details:
2026-06-06 13:03:58,310 - INFO -   - parentTitle: 
2026-06-06 13:03:58,310 - INFO -   - season_name: Stargate Continuum
2026-06-06 13:03:58,310 - INFO -   - release_time: 2008
2026-06-06 13:03:58,310 - INFO -   - season_number: 0
2026-06-06 13:03:58,310 - INFO -   - total_episodes: 0
2026-06-06 13:03:58,310 - INFO - ============================================================
2026-06-06 13:03:58,310 - INFO - [get_all_episodes_script] Starting to parse all episodes...
2026-06-06 13:03:58,310 - INFO - [get_all_episodes_script] body[0] found 'btf' node
2026-06-06 13:03:58,310 - INFO - [get_all_episodes_script] Found 1 episode details
2026-06-06 13:03:58,310 - INFO - [get_all_episodes_script] Episode 0: Stargate Continuum (ID: B0DQ2T6DYW)
2026-06-06 13:03:58,310 - INFO - [get_all_episodes_script] Found 0 playable episode action_keys
2026-06-06 13:03:58,310 - INFO - [get_all_episodes_script] Total parsed 1 episode details
2026-06-06 13:03:58,310 - INFO - [get_all_episodes_script] Filtered playable episodes count: 0
2026-06-06 13:03:58,310 - INFO - ============================================================
2026-06-06 13:03:58,311 - INFO - [get_seasons_info] get_all_episodes_script returned 0 episodes
2026-06-06 13:03:58,311 - INFO - ============================================================
2026-06-06 13:03:58,311 - INFO - [get_episodes_script] Starting to filter episode list...
2026-06-06 13:03:58,311 - INFO - [get_episodes_script] Input episodes count: 0
2026-06-06 13:03:58,311 - INFO - [get_episodes_script] Found 'episodeList' node
2026-06-06 13:03:58,311 - INFO - [get_episodes_script] Final episodes count: 0
2026-06-06 13:03:58,311 - INFO - ============================================================
2026-06-06 13:03:58,311 - INFO - [get_seasons_info] get_episodes_script returned 0 episodes
2026-06-06 13:03:58,311 - INFO - [get_seasons_info] get_extras_script returned 0 extras categories
2026-06-06 13:03:58,324 - INFO - [get_seasons_info] atf_asins count: 1
2026-06-06 13:03:58,324 - INFO - [get_seasons_info] btf_asins count: 0
2026-06-06 13:03:58,324 - INFO - [get_seasons_info] promotion_urls count: 0
2026-06-06 13:03:58,324 - WARNING - [get_seasons_info] Season 'Stargate Continuum' has no episodes or promotions, skipped
2026-06-06 13:03:58,325 - INFO - 
2026-06-06 13:03:58,325 - INFO - [get_seasons_info] ========== Parse Complete ==========
2026-06-06 13:03:58,325 - INFO - [get_seasons_info] Total parsed 0 seasons
2026-06-06 13:04:21,954 - INFO - === amazon_is_meta start ===
2026-06-06 13:04:21,985 - INFO - input_file: H:/streamfab/outputTemp/amazonIsMetaPageTempIn.tmp
2026-06-06 13:04:21,986 - INFO - output_file: H:/streamfab/outputTemp/amazonIsMetaPageTempOut.tmp
2026-06-06 13:04:23,152 - INFO - read webpage, length: 1807816
2026-06-06 13:04:23,689 - INFO - parsed webpage with html5lib
2026-06-06 13:04:23,696 - INFO - main_element found: False
2026-06-06 13:04:23,696 - WARNING - main_element not found (id='main', data-testid='detailpage-main')
2026-06-06 13:04:23,715 - INFO - No block with pageTitleId+catalogId found
2026-06-06 13:04:23,715 - INFO - result: is_meta=False, media_type=movie, pageTitleId=None
2026-06-06 13:04:23,716 - INFO - wrote result to H:/streamfab/outputTemp/amazonIsMetaPageTempOut.tmp
2026-06-06 13:04:23,716 - INFO - === amazon_is_meta complete ===
2026-06-06 13:27:51,167 - INFO - === amazon_is_meta start ===
2026-06-06 13:27:51,195 - INFO - input_file: H:/streamfab/outputTemp/amazonIsMetaPageTempIn.tmp
2026-06-06 13:27:51,196 - INFO - output_file: H:/streamfab/outputTemp/amazonIsMetaPageTempOut.tmp
2026-06-06 13:27:52,205 - INFO - read webpage, length: 1547487
2026-06-06 13:27:52,781 - INFO - parsed webpage with html5lib
2026-06-06 13:27:52,784 - INFO - main_element found: True
2026-06-06 13:27:52,813 - INFO - e_synopsis (.dv-dp-node-synopsis): 1
2026-06-06 13:27:52,813 - INFO - is_meta=True (synopsis: 1)
2026-06-06 13:27:52,833 - INFO - e_live (live-state-badge): 0
2026-06-06 13:27:52,852 - INFO - e_episodes ({'data-testid': 'episode-list-item'}): 0
2026-06-06 13:27:52,880 - INFO - e_episodes ({'class_': 'XR0d6P'}): 0
2026-06-06 13:27:52,910 - INFO - e_episodes ({'class_': 'GG33WY'}): 0
2026-06-06 13:27:52,938 - INFO - e_episodes ({'class_': 'SIGk7D'}): 0
2026-06-06 13:27:52,960 - INFO - Found hydration-data block, pageTitleId=B0DQ2T6DYW
2026-06-06 13:27:52,960 - INFO - result: is_meta=True, media_type=movie, pageTitleId=B0DQ2T6DYW
2026-06-06 13:27:52,969 - INFO - wrote result to H:/streamfab/outputTemp/amazonIsMetaPageTempOut.tmp
2026-06-06 13:27:52,969 - INFO - === amazon_is_meta complete ===
2026-06-06 13:27:55,443 - WARNING - No season urls found - trying '.dv-node-dp-seasons a'...
2026-06-06 13:27:55,498 - WARNING - No season urls found - trying '.dv-node-dp-seasons-default a'...
2026-06-06 13:27:55,552 - INFO - amazon_get_season_urls complete...
2026-06-06 13:27:58,049 - INFO - get_real_url complete...
2026-06-06 13:28:00,001 - INFO - Parsed hydration-data script data
2026-06-06 13:28:00,004 - INFO - get_meta_info complete...
2026-06-06 13:28:01,899 - INFO - [get_seasons_info] ========== Starting to parse season info ==========
2026-06-06 13:28:01,899 - INFO - [get_seasons_info] Input webpages count: 1
2026-06-06 13:28:01,899 - INFO - 
2026-06-06 13:28:01,899 - INFO - [get_seasons_info] >>>>>> Processing webpage 1 <<<<<<
2026-06-06 13:28:01,899 - INFO - [get_seasons_info] Webpage length: 1547487 characters
2026-06-06 13:28:01,900 - INFO - [get_seasons_info] Extracted ID from pageTitleId: B0DQ2T6DYW
2026-06-06 13:28:01,908 - INFO - Parsing hydration-data script data for seasons (normalized)
2026-06-06 13:28:01,908 - INFO - [get_seasons_info] JSON parsed successfully, top-level keys: ['props']
2026-06-06 13:28:01,908 - INFO - [get_seasons_info] Using Script JSON parsing method...
2026-06-06 13:28:01,908 - INFO - ============================================================
2026-06-06 13:28:01,909 - INFO - [get_season_detail_script] Starting to parse season details...
2026-06-06 13:28:01,909 - INFO - [get_season_detail_script] Found 'props' node
2026-06-06 13:28:01,909 - INFO - [get_season_detail_script] Found 'body' node, contains 1 items
2026-06-06 13:28:01,909 - INFO - [get_season_detail_script] body[0] found 'atf' node
2026-06-06 13:28:01,909 - INFO - [get_season_detail_script] Found 'headerDetail', contains 1 keys
2026-06-06 13:28:01,909 - INFO - [get_season_detail_script] title = Stargate Continuum
2026-06-06 13:28:01,909 - INFO - [get_season_detail_script] releaseYear = 2008
2026-06-06 13:28:01,909 - INFO - [get_season_detail_script] body[0] found 'btf' node
2026-06-06 13:28:01,909 - INFO - [get_season_detail_script] Parse complete, result: {"parentTitle": "", "title": "Stargate Continuum", "releaseYear": 2008, "seasonNumber": 0, "total_episodes": 0}
2026-06-06 13:28:01,909 - INFO - ============================================================
2026-06-06 13:28:01,909 - INFO - [get_seasons_info] Parsed season details:
2026-06-06 13:28:01,909 - INFO -   - parentTitle: 
2026-06-06 13:28:01,909 - INFO -   - season_name: Stargate Continuum
2026-06-06 13:28:01,909 - INFO -   - release_time: 2008
2026-06-06 13:28:01,909 - INFO -   - season_number: 0
2026-06-06 13:28:01,910 - INFO -   - total_episodes: 0
2026-06-06 13:28:01,910 - INFO - ============================================================
2026-06-06 13:28:01,910 - INFO - [get_all_episodes_script] Starting to parse all episodes...
2026-06-06 13:28:01,910 - INFO - [get_all_episodes_script] body[0] found 'btf' node
2026-06-06 13:28:01,910 - INFO - [get_all_episodes_script] Found 1 episode details
2026-06-06 13:28:01,910 - INFO - [get_all_episodes_script] Episode 0: Stargate Continuum (ID: B0DQ2T6DYW)
2026-06-06 13:28:01,910 - INFO - [get_all_episodes_script] Found 0 playable episode action_keys
2026-06-06 13:28:01,910 - INFO - [get_all_episodes_script] Total parsed 1 episode details
2026-06-06 13:28:01,910 - INFO - [get_all_episodes_script] Filtered playable episodes count: 0
2026-06-06 13:28:01,910 - INFO - ============================================================
2026-06-06 13:28:01,910 - INFO - [get_seasons_info] get_all_episodes_script returned 0 episodes
2026-06-06 13:28:01,910 - INFO - ============================================================
2026-06-06 13:28:01,910 - INFO - [get_episodes_script] Starting to filter episode list...
2026-06-06 13:28:01,910 - INFO - [get_episodes_script] Input episodes count: 0
2026-06-06 13:28:01,911 - INFO - [get_episodes_script] Found 'episodeList' node
2026-06-06 13:28:01,911 - INFO - [get_episodes_script] Final episodes count: 0
2026-06-06 13:28:01,911 - INFO - ============================================================
2026-06-06 13:28:01,911 - INFO - [get_seasons_info] get_episodes_script returned 0 episodes
2026-06-06 13:28:01,911 - INFO - [get_seasons_info] get_extras_script returned 0 extras categories
2026-06-06 13:28:01,922 - INFO - [get_seasons_info] atf_asins count: 1
2026-06-06 13:28:01,922 - INFO - [get_seasons_info] btf_asins count: 0
2026-06-06 13:28:01,922 - INFO - [get_seasons_info] promotion_urls count: 0
2026-06-06 13:28:01,922 - WARNING - [get_seasons_info] Season 'Stargate Continuum' has no episodes or promotions, skipped
2026-06-06 13:28:01,923 - INFO - 
2026-06-06 13:28:01,923 - INFO - [get_seasons_info] ========== Parse Complete ==========
2026-06-06 13:28:01,923 - INFO - [get_seasons_info] Total parsed 0 seasons
2026-06-06 13:28:05,321 - INFO - === amazon_is_meta start ===
2026-06-06 13:28:05,322 - INFO - input_file: H:/streamfab/outputTemp/amazonIsMetaPageTempIn.tmp
2026-06-06 13:28:05,322 - INFO - output_file: H:/streamfab/outputTemp/amazonIsMetaPageTempOut.tmp
2026-06-06 13:28:06,135 - INFO - read webpage, length: 1243101
2026-06-06 13:28:06,626 - INFO - parsed webpage with html5lib
2026-06-06 13:28:06,636 - INFO - main_element found: False
2026-06-06 13:28:06,637 - WARNING - main_element not found (id='main', data-testid='detailpage-main')
2026-06-06 13:28:06,663 - INFO - No block with pageTitleId+catalogId found
2026-06-06 13:28:06,663 - INFO - result: is_meta=False, media_type=movie, pageTitleId=None
2026-06-06 13:28:06,664 - INFO - wrote result to H:/streamfab/outputTemp/amazonIsMetaPageTempOut.tmp
2026-06-06 13:28:06,665 - INFO - === amazon_is_meta complete ===
2026-06-06 13:28:07,789 - INFO - === amazon_is_meta start ===
2026-06-06 13:28:07,790 - INFO - input_file: H:/streamfab/outputTemp/amazonIsMetaPageTempIn.tmp
2026-06-06 13:28:07,790 - INFO - output_file: H:/streamfab/outputTemp/amazonIsMetaPageTempOut.tmp
2026-06-06 13:28:08,639 - INFO - read webpage, length: 1254325
2026-06-06 13:28:09,109 - INFO - parsed webpage with html5lib
2026-06-06 13:28:09,116 - INFO - main_element found: False
2026-06-06 13:28:09,116 - WARNING - main_element not found (id='main', data-testid='detailpage-main')
2026-06-06 13:28:09,136 - INFO - No block with pageTitleId+catalogId found
2026-06-06 13:28:09,137 - INFO - result: is_meta=False, media_type=movie, pageTitleId=None
2026-06-06 13:28:09,137 - INFO - wrote result to H:/streamfab/outputTemp/amazonIsMetaPageTempOut.tmp
2026-06-06 13:28:09,137 - INFO - === amazon_is_meta complete ===
2026-06-06 13:28:10,177 - INFO - === amazon_is_meta start ===
2026-06-06 13:28:10,178 - INFO - input_file: H:/streamfab/outputTemp/amazonIsMetaPageTempIn.tmp
2026-06-06 13:28:10,178 - INFO - output_file: H:/streamfab/outputTemp/amazonIsMetaPageTempOut.tmp
2026-06-06 13:28:11,206 - INFO - read webpage, length: 2223795
2026-06-06 13:28:11,757 - INFO - parsed webpage with html5lib
2026-06-06 13:28:11,763 - INFO - main_element found: False
2026-06-06 13:28:11,763 - WARNING - main_element not found (id='main', data-testid='detailpage-main')
2026-06-06 13:28:11,781 - INFO - No block with pageTitleId+catalogId found
2026-06-06 13:28:11,782 - INFO - result: is_meta=False, media_type=movie, pageTitleId=None
2026-06-06 13:28:11,782 - INFO - wrote result to H:/streamfab/outputTemp/amazonIsMetaPageTempOut.tmp
2026-06-06 13:28:11,782 - INFO - === amazon_is_meta complete ===
2026-06-06 14:31:39,057 - INFO - === amazon_is_meta start ===
2026-06-06 14:31:39,065 - INFO - input_file: H:/streamfab/outputTemp/amazonIsMetaPageTempIn.tmp
2026-06-06 14:31:39,065 - INFO - output_file: H:/streamfab/outputTemp/amazonIsMetaPageTempOut.tmp
2026-06-06 14:31:40,049 - INFO - read webpage, length: 1227073
2026-06-06 14:31:40,526 - INFO - parsed webpage with html5lib
2026-06-06 14:31:40,532 - INFO - main_element found: False
2026-06-06 14:31:40,532 - WARNING - main_element not found (id='main', data-testid='detailpage-main')
2026-06-06 14:31:40,550 - INFO - No block with pageTitleId+catalogId found
2026-06-06 14:31:40,550 - INFO - result: is_meta=False, media_type=movie, pageTitleId=None
2026-06-06 14:31:40,550 - INFO - wrote result to H:/streamfab/outputTemp/amazonIsMetaPageTempOut.tmp
2026-06-06 14:31:40,550 - INFO - === amazon_is_meta complete ===
2026-06-06 14:32:59,695 - INFO - === amazon_is_meta start ===
2026-06-06 14:32:59,696 - INFO - input_file: H:/streamfab/outputTemp/amazonIsMetaPageTempIn.tmp
2026-06-06 14:32:59,696 - INFO - output_file: H:/streamfab/outputTemp/amazonIsMetaPageTempOut.tmp
2026-06-06 14:33:00,696 - INFO - read webpage, length: 1859501
2026-06-06 14:33:01,443 - INFO - parsed webpage with html5lib
2026-06-06 14:33:01,446 - INFO - main_element found: True
2026-06-06 14:33:01,490 - INFO - e_synopsis (.dv-dp-node-synopsis): 1
2026-06-06 14:33:01,490 - INFO - is_meta=True (synopsis: 1)
2026-06-06 14:33:01,517 - INFO - e_live (live-state-badge): 0
2026-06-06 14:33:01,544 - INFO - e_episodes ({'data-testid': 'episode-list-item'}): 8
2026-06-06 14:33:01,574 - INFO - Found hydration-data block, pageTitleId=B0CN4GZGTQ
2026-06-06 14:33:01,577 - INFO - result: is_meta=True, media_type=show, pageTitleId=B0CN4GZGTQ
2026-06-06 14:33:01,587 - INFO - wrote result to H:/streamfab/outputTemp/amazonIsMetaPageTempOut.tmp
2026-06-06 14:33:01,587 - INFO - === amazon_is_meta complete ===
2026-06-06 14:33:04,311 - INFO - amazon_get_season_urls complete...
2026-06-06 14:33:06,935 - INFO - get_real_url complete...
2026-06-06 14:33:11,787 - INFO - get_real_url complete...
2026-06-06 14:33:16,166 - INFO - get_real_url complete...
2026-06-06 14:33:17,961 - INFO - Parsed hydration-data script data
2026-06-06 14:33:17,966 - INFO - get_meta_info complete...
2026-06-06 14:33:19,797 - INFO - [get_seasons_info] ========== Starting to parse season info ==========
2026-06-06 14:33:19,797 - INFO - [get_seasons_info] Input webpages count: 2
2026-06-06 14:33:19,797 - INFO - 
2026-06-06 14:33:19,797 - INFO - [get_seasons_info] >>>>>> Processing webpage 1 <<<<<<
2026-06-06 14:33:19,797 - INFO - [get_seasons_info] Webpage length: 1859076 characters
2026-06-06 14:33:19,799 - INFO - [get_seasons_info] Extracted ID from pageTitleId: B0CN4GZGTQ
2026-06-06 14:33:19,808 - INFO - Parsing hydration-data script data for seasons (normalized)
2026-06-06 14:33:19,808 - INFO - [get_seasons_info] JSON parsed successfully, top-level keys: ['props']
2026-06-06 14:33:19,808 - INFO - [get_seasons_info] Using Script JSON parsing method...
2026-06-06 14:33:19,808 - INFO - ============================================================
2026-06-06 14:33:19,808 - INFO - [get_season_detail_script] Starting to parse season details...
2026-06-06 14:33:19,809 - INFO - [get_season_detail_script] Found 'props' node
2026-06-06 14:33:19,809 - INFO - [get_season_detail_script] Found 'body' node, contains 1 items
2026-06-06 14:33:19,809 - INFO - [get_season_detail_script] body[0] found 'atf' node
2026-06-06 14:33:19,809 - INFO - [get_season_detail_script] Found 'headerDetail', contains 1 keys
2026-06-06 14:33:19,809 - INFO - [get_season_detail_script] parentTitle = Fallout
2026-06-06 14:33:19,809 - INFO - [get_season_detail_script] title = Fallout – Staffel 1
2026-06-06 14:33:19,809 - INFO - [get_season_detail_script] releaseYear = 2024
2026-06-06 14:33:19,809 - INFO - [get_season_detail_script] seasonNumber = 1
2026-06-06 14:33:19,809 - INFO - [get_season_detail_script] body[0] found 'btf' node
2026-06-06 14:33:19,809 - INFO - [get_season_detail_script] total_episodes = 8
2026-06-06 14:33:19,809 - INFO - [get_season_detail_script] Parse complete, result: {"parentTitle": "Fallout", "title": "Fallout – Staffel 1", "releaseYear": 2024, "seasonNumber": 1, "total_episodes": 8}
2026-06-06 14:33:19,809 - INFO - ============================================================
2026-06-06 14:33:19,809 - INFO - [get_seasons_info] Parsed season details:
2026-06-06 14:33:19,810 - INFO -   - parentTitle: Fallout
2026-06-06 14:33:19,810 - INFO -   - season_name: Fallout – Staffel 1
2026-06-06 14:33:19,810 - INFO -   - release_time: 2024
2026-06-06 14:33:19,810 - INFO -   - season_number: 1
2026-06-06 14:33:19,810 - INFO -   - total_episodes: 8
2026-06-06 14:33:19,810 - INFO - ============================================================
2026-06-06 14:33:19,810 - INFO - [get_all_episodes_script] Starting to parse all episodes...
2026-06-06 14:33:19,810 - INFO - [get_all_episodes_script] body[0] found 'btf' node
2026-06-06 14:33:19,810 - INFO - [get_all_episodes_script] Found 9 episode details
2026-06-06 14:33:19,810 - INFO - [get_all_episodes_script] Episode 1: Das Ende (ID: B0CW5YV1TT)
2026-06-06 14:33:19,810 - INFO - [get_all_episodes_script] Episode 2: Die Zielperson (ID: B0CVY285KM)
2026-06-06 14:33:19,810 - INFO - [get_all_episodes_script] Episode 3: Der Kopf (ID: B0CVGT53BR)
2026-06-06 14:33:19,810 - INFO - [get_all_episodes_script] Episode 4: Die Ghule (ID: B0CW3PKC9Z)
2026-06-06 14:33:19,810 - INFO - [get_all_episodes_script] Episode 5: Die Vergangenheit (ID: B0CTWD1QN2)
2026-06-06 14:33:19,810 - INFO - [get_all_episodes_script] Episode 6: Die Falle (ID: B0CX7GV7F1)
2026-06-06 14:33:19,811 - INFO - [get_all_episodes_script] Episode 7: Der Funkturm (ID: B0CW31LKW9)
2026-06-06 14:33:19,811 - INFO - [get_all_episodes_script] Episode 8: Der Anfang (ID: B0CW199RR4)
2026-06-06 14:33:19,811 - INFO - [get_all_episodes_script] Episode 0: Fallout – Staffel 1 (ID: B0CN4GZGTQ)
2026-06-06 14:33:19,811 - INFO - [get_all_episodes_script] Found playable episode (new structure, actionType=PLAY): B0CW5YV1TT
2026-06-06 14:33:19,811 - INFO - [get_all_episodes_script] Found playable episode (new structure, actionType=PLAY): B0CVY285KM
2026-06-06 14:33:19,811 - INFO - [get_all_episodes_script] Found playable episode (new structure, actionType=PLAY): B0CVGT53BR
2026-06-06 14:33:19,811 - INFO - [get_all_episodes_script] Found playable episode (new structure, actionType=PLAY): B0CW3PKC9Z
2026-06-06 14:33:19,811 - INFO - [get_all_episodes_script] Found playable episode (new structure, actionType=PLAY): B0CTWD1QN2
2026-06-06 14:33:19,811 - INFO - [get_all_episodes_script] Found playable episode (new structure, actionType=PLAY): B0CX7GV7F1
2026-06-06 14:33:19,811 - INFO - [get_all_episodes_script] Found playable episode (new structure, actionType=PLAY): B0CW31LKW9
2026-06-06 14:33:19,811 - INFO - [get_all_episodes_script] Found playable episode (new structure, actionType=PLAY): B0CW199RR4
2026-06-06 14:33:19,811 - INFO - [get_all_episodes_script] Found 8 playable episode action_keys
2026-06-06 14:33:19,811 - INFO - [get_all_episodes_script] Total parsed 9 episode details
2026-06-06 14:33:19,811 - INFO - [get_all_episodes_script] Filtered playable episodes count: 8
2026-06-06 14:33:19,812 - INFO - ============================================================
2026-06-06 14:33:19,812 - INFO - [get_seasons_info] get_all_episodes_script returned 8 episodes
2026-06-06 14:33:19,812 - INFO - ============================================================
2026-06-06 14:33:19,812 - INFO - [get_episodes_script] Starting to filter episode list...
2026-06-06 14:33:19,812 - INFO - [get_episodes_script] Input episodes count: 8
2026-06-06 14:33:19,812 - INFO - [get_episodes_script] Found 'episodeList' node
2026-06-06 14:33:19,812 - INFO - [get_episodes_script] totalCardSize = 8
2026-06-06 14:33:19,812 - INFO - [get_episodes_script] cardTitleIds count: 8
2026-06-06 14:33:19,812 - INFO - [get_episodes_script] cardTitleIds: ['B0CW5YV1TT', 'B0CVY285KM', 'B0CVGT53BR', 'B0CW3PKC9Z', 'B0CTWD1QN2', 'B0CX7GV7F1', 'B0CW31LKW9', 'B0CW199RR4']
2026-06-06 14:33:19,812 - INFO - [get_episodes_script] Matched episode (episodeId): Das Ende
2026-06-06 14:33:19,812 - INFO - [get_episodes_script] Matched episode (episodeId): Die Zielperson
2026-06-06 14:33:19,812 - INFO - [get_episodes_script] Matched episode (episodeId): Der Kopf
2026-06-06 14:33:19,812 - INFO - [get_episodes_script] Matched episode (episodeId): Die Ghule
2026-06-06 14:33:19,812 - INFO - [get_episodes_script] Matched episode (episodeId): Die Vergangenheit
2026-06-06 14:33:19,813 - INFO - [get_episodes_script] Matched episode (episodeId): Die Falle
2026-06-06 14:33:19,813 - INFO - [get_episodes_script] Matched episode (episodeId): Der Funkturm
2026-06-06 14:33:19,813 - INFO - [get_episodes_script] Matched episode (episodeId): Der Anfang
2026-06-06 14:33:19,813 - INFO - [get_episodes_script] Final episodes count: 8
2026-06-06 14:33:19,813 - INFO - ============================================================
2026-06-06 14:33:19,813 - INFO - [get_seasons_info] get_episodes_script returned 8 episodes
2026-06-06 14:33:19,813 - INFO - [get_seasons_info] get_extras_script returned 2 extras categories
2026-06-06 14:33:19,828 - INFO - [get_seasons_info] atf_asins count: 2
2026-06-06 14:33:19,828 - INFO - [get_seasons_info] btf_asins count: 16
2026-06-06 14:33:19,828 - INFO - [get_seasons_info] promotion_urls count: 0
2026-06-06 14:33:19,828 - INFO - [get_seasons_info] Season 'Fallout – Staffel 1' added successfully, episodes: 8, promotions: 0
2026-06-06 14:33:19,828 - INFO - 
2026-06-06 14:33:19,828 - INFO - [get_seasons_info] >>>>>> Processing webpage 2 <<<<<<
2026-06-06 14:33:19,828 - INFO - [get_seasons_info] Webpage length: 1902466 characters
2026-06-06 14:33:19,830 - INFO - [get_seasons_info] Extracted ID from pageTitleId: B0FLT5X1X7
2026-06-06 14:33:19,841 - INFO - Parsing hydration-data script data for seasons (normalized)
2026-06-06 14:33:19,843 - INFO - [get_seasons_info] JSON parsed successfully, top-level keys: ['props']
2026-06-06 14:33:19,843 - INFO - [get_seasons_info] Using Script JSON parsing method...
2026-06-06 14:33:19,843 - INFO - ============================================================
2026-06-06 14:33:19,843 - INFO - [get_season_detail_script] Starting to parse season details...
2026-06-06 14:33:19,843 - INFO - [get_season_detail_script] Found 'props' node
2026-06-06 14:33:19,843 - INFO - [get_season_detail_script] Found 'body' node, contains 1 items
2026-06-06 14:33:19,843 - INFO - [get_season_detail_script] body[0] found 'atf' node
2026-06-06 14:33:19,843 - INFO - [get_season_detail_script] Found 'headerDetail', contains 1 keys
2026-06-06 14:33:19,843 - INFO - [get_season_detail_script] parentTitle = Fallout
2026-06-06 14:33:19,843 - INFO - [get_season_detail_script] title = Fallout - Staffel 2
2026-06-06 14:33:19,844 - INFO - [get_season_detail_script] releaseYear = 2025
2026-06-06 14:33:19,844 - INFO - [get_season_detail_script] seasonNumber = 2
2026-06-06 14:33:19,844 - INFO - [get_season_detail_script] body[0] found 'btf' node
2026-06-06 14:33:19,844 - INFO - [get_season_detail_script] total_episodes = 8
2026-06-06 14:33:19,844 - INFO - [get_season_detail_script] Parse complete, result: {"parentTitle": "Fallout", "title": "Fallout - Staffel 2", "releaseYear": 2025, "seasonNumber": 2, "total_episodes": 8}
2026-06-06 14:33:19,844 - INFO - ============================================================
2026-06-06 14:33:19,844 - INFO - [get_seasons_info] Parsed season details:
2026-06-06 14:33:19,844 - INFO -   - parentTitle: Fallout
2026-06-06 14:33:19,844 - INFO -   - season_name: Fallout - Staffel 2
2026-06-06 14:33:19,844 - INFO -   - release_time: 2025
2026-06-06 14:33:19,844 - INFO -   - season_number: 2
2026-06-06 14:33:19,844 - INFO -   - total_episodes: 8
2026-06-06 14:33:19,844 - INFO - ============================================================
2026-06-06 14:33:19,844 - INFO - [get_all_episodes_script] Starting to parse all episodes...
2026-06-06 14:33:19,844 - INFO - [get_all_episodes_script] body[0] found 'btf' node
2026-06-06 14:33:19,845 - INFO - [get_all_episodes_script] Found 9 episode details
2026-06-06 14:33:19,845 - INFO - [get_all_episodes_script] Episode 1: Der Innovator (ID: B0G1TSSR8W)
2026-06-06 14:33:19,845 - INFO - [get_all_episodes_script] Episode 2: Die Goldene Regel (ID: B0G2SV9HFF)
2026-06-06 14:33:19,845 - INFO - [get_all_episodes_script] Episode 3: Die Verderbte (ID: B0FJCF76R5)
2026-06-06 14:33:19,845 - INFO - [get_all_episodes_script] Episode 4: Der Dämon im Schnee (ID: B0FZWHN7J3)
2026-06-06 14:33:19,845 - INFO - [get_all_episodes_script] Episode 5: Der Zänker (ID: B0G2TVKGV4)
2026-06-06 14:33:19,845 - INFO - [get_all_episodes_script] Episode 6: Der andere Spieler (ID: B0FKL37HZC)
2026-06-06 14:33:19,845 - INFO - [get_all_episodes_script] Episode 7: Die Übergabe (ID: B0FTZRRMH6)
2026-06-06 14:33:19,845 - INFO - [get_all_episodes_script] Episode 8: Der Strip (ID: B0G2LN8YR3)
2026-06-06 14:33:19,845 - INFO - [get_all_episodes_script] Episode 0: Fallout - Staffel 2 (ID: B0FLT5X1X7)
2026-06-06 14:33:19,845 - INFO - [get_all_episodes_script] Found playable episode (new structure, actionType=PLAY): B0G1TSSR8W
2026-06-06 14:33:19,845 - INFO - [get_all_episodes_script] Found playable episode (new structure, actionType=PLAY): B0G2SV9HFF
2026-06-06 14:33:19,845 - INFO - [get_all_episodes_script] Found playable episode (new structure, actionType=PLAY): B0FJCF76R5
2026-06-06 14:33:19,845 - INFO - [get_all_episodes_script] Found playable episode (new structure, actionType=PLAY): B0FZWHN7J3
2026-06-06 14:33:19,846 - INFO - [get_all_episodes_script] Found playable episode (new structure, actionType=PLAY): B0G2TVKGV4
2026-06-06 14:33:19,846 - INFO - [get_all_episodes_script] Found playable episode (new structure, actionType=PLAY): B0FKL37HZC
2026-06-06 14:33:19,846 - INFO - [get_all_episodes_script] Found playable episode (new structure, actionType=PLAY): B0FTZRRMH6
2026-06-06 14:33:19,846 - INFO - [get_all_episodes_script] Found playable episode (new structure, actionType=PLAY): B0G2LN8YR3
2026-06-06 14:33:19,846 - INFO - [get_all_episodes_script] Found 8 playable episode action_keys
2026-06-06 14:33:19,846 - INFO - [get_all_episodes_script] Total parsed 9 episode details
2026-06-06 14:33:19,846 - INFO - [get_all_episodes_script] Filtered playable episodes count: 8
2026-06-06 14:33:19,846 - INFO - ============================================================
2026-06-06 14:33:19,846 - INFO - [get_seasons_info] get_all_episodes_script returned 8 episodes
2026-06-06 14:33:19,846 - INFO - ============================================================
2026-06-06 14:33:19,846 - INFO - [get_episodes_script] Starting to filter episode list...
2026-06-06 14:33:19,846 - INFO - [get_episodes_script] Input episodes count: 8
2026-06-06 14:33:19,846 - INFO - [get_episodes_script] Found 'episodeList' node
2026-06-06 14:33:19,846 - INFO - [get_episodes_script] totalCardSize = 8
2026-06-06 14:33:19,847 - INFO - [get_episodes_script] cardTitleIds count: 8
2026-06-06 14:33:19,847 - INFO - [get_episodes_script] cardTitleIds: ['B0G1TSSR8W', 'B0G2SV9HFF', 'B0FJCF76R5', 'B0FZWHN7J3', 'B0G2TVKGV4', 'B0FKL37HZC', 'B0FTZRRMH6', 'B0G2LN8YR3']
2026-06-06 14:33:19,847 - INFO - [get_episodes_script] Matched episode (episodeId): Der Innovator
2026-06-06 14:33:19,847 - INFO - [get_episodes_script] Matched episode (episodeId): Die Goldene Regel
2026-06-06 14:33:19,847 - INFO - [get_episodes_script] Matched episode (episodeId): Die Verderbte
2026-06-06 14:33:19,847 - INFO - [get_episodes_script] Matched episode (episodeId): Der Dämon im Schnee
2026-06-06 14:33:19,847 - INFO - [get_episodes_script] Matched episode (episodeId): Der Zänker
2026-06-06 14:33:19,847 - INFO - [get_episodes_script] Matched episode (episodeId): Der andere Spieler
2026-06-06 14:33:19,847 - INFO - [get_episodes_script] Matched episode (episodeId): Die Übergabe
2026-06-06 14:33:19,847 - INFO - [get_episodes_script] Matched episode (episodeId): Der Strip
2026-06-06 14:33:19,847 - INFO - [get_episodes_script] Final episodes count: 8
2026-06-06 14:33:19,848 - INFO - ============================================================
2026-06-06 14:33:19,848 - INFO - [get_seasons_info] get_episodes_script returned 8 episodes
2026-06-06 14:33:19,848 - INFO - [get_seasons_info] get_extras_script returned 2 extras categories
2026-06-06 14:33:19,863 - INFO - [get_seasons_info] atf_asins count: 2
2026-06-06 14:33:19,863 - INFO - [get_seasons_info] btf_asins count: 16
2026-06-06 14:33:19,863 - INFO - [get_seasons_info] promotion_urls count: 0
2026-06-06 14:33:19,863 - INFO - [get_seasons_info] Season 'Fallout - Staffel 2' added successfully, episodes: 8, promotions: 0
2026-06-06 14:33:19,863 - INFO - 
2026-06-06 14:33:19,863 - INFO - [get_seasons_info] ========== Parse Complete ==========
2026-06-06 14:33:19,864 - INFO - [get_seasons_info] Total parsed 2 seasons
2026-06-06 14:33:19,864 - INFO -   Season 1: Fallout - Fallout – Staffel 1 (8 episodes)
2026-06-06 14:33:19,864 - INFO -   Season 2: Fallout - Fallout - Staffel 2 (8 episodes)
2026-06-06 14:33:55,410 - INFO - === amazon_is_meta start ===
2026-06-06 14:33:55,411 - INFO - input_file: H:/streamfab/outputTemp/amazonIsMetaPageTempIn.tmp
2026-06-06 14:33:55,411 - INFO - output_file: H:/streamfab/outputTemp/amazonIsMetaPageTempOut.tmp
2026-06-06 14:33:56,283 - INFO - read webpage, length: 1820539
2026-06-06 14:33:56,792 - INFO - parsed webpage with html5lib
2026-06-06 14:33:56,798 - INFO - main_element found: False
2026-06-06 14:33:56,798 - WARNING - main_element not found (id='main', data-testid='detailpage-main')
2026-06-06 14:33:56,815 - INFO - No block with pageTitleId+catalogId found
2026-06-06 14:33:56,816 - INFO - result: is_meta=False, media_type=movie, pageTitleId=None
2026-06-06 14:33:56,816 - INFO - wrote result to H:/streamfab/outputTemp/amazonIsMetaPageTempOut.tmp
2026-06-06 14:33:56,816 - INFO - === amazon_is_meta complete ===
2026-06-06 15:07:02,250 - INFO - === amazon_is_meta start ===
2026-06-06 15:07:02,272 - INFO - input_file: H:/streamfab/outputTemp/amazonIsMetaPageTempIn.tmp
2026-06-06 15:07:02,272 - INFO - output_file: H:/streamfab/outputTemp/amazonIsMetaPageTempOut.tmp
2026-06-06 15:07:03,023 - INFO - read webpage, length: 763033
2026-06-06 15:07:03,396 - INFO - parsed webpage with html5lib
2026-06-06 15:07:03,398 - INFO - main_element found: True
2026-06-06 15:07:03,414 - INFO - e_synopsis (.dv-dp-node-synopsis): 1
2026-06-06 15:07:03,414 - INFO - is_meta=True (synopsis: 1)
2026-06-06 15:07:03,428 - INFO - e_live (live-state-badge): 0
2026-06-06 15:07:03,441 - INFO - e_episodes ({'data-testid': 'episode-list-item'}): 10
2026-06-06 15:07:03,454 - INFO - Found hydration-data block, pageTitleId=B0G7L4V5KY
2026-06-06 15:07:03,454 - INFO - result: is_meta=True, media_type=show, pageTitleId=B0G7L4V5KY
2026-06-06 15:07:03,457 - INFO - wrote result to H:/streamfab/outputTemp/amazonIsMetaPageTempOut.tmp
2026-06-06 15:07:03,457 - INFO - === amazon_is_meta complete ===
2026-06-06 15:07:05,558 - WARNING - No season urls found - trying '.dv-node-dp-seasons a'...
2026-06-06 15:07:05,593 - WARNING - No season urls found - trying '.dv-node-dp-seasons-default a'...
2026-06-06 15:07:05,629 - INFO - amazon_get_season_urls complete...
2026-06-06 15:07:07,588 - INFO - get_real_url complete...
2026-06-06 15:07:09,242 - INFO - Parsed hydration-data script data
2026-06-06 15:07:09,243 - INFO - get_meta_info complete...
2026-06-06 15:07:10,900 - INFO - [get_seasons_info] ========== Starting to parse season info ==========
2026-06-06 15:07:10,900 - INFO - [get_seasons_info] Input webpages count: 1
2026-06-06 15:07:10,900 - INFO - 
2026-06-06 15:07:10,901 - INFO - [get_seasons_info] >>>>>> Processing webpage 1 <<<<<<
2026-06-06 15:07:10,901 - INFO - [get_seasons_info] Webpage length: 763033 characters
2026-06-06 15:07:10,901 - INFO - [get_seasons_info] Extracted ID from pageTitleId: B0G7L4V5KY
2026-06-06 15:07:10,904 - INFO - Parsing hydration-data script data for seasons (normalized)
2026-06-06 15:07:10,904 - INFO - [get_seasons_info] JSON parsed successfully, top-level keys: ['props']
2026-06-06 15:07:10,904 - INFO - [get_seasons_info] Using Script JSON parsing method...
2026-06-06 15:07:10,904 - INFO - ============================================================
2026-06-06 15:07:10,905 - INFO - [get_season_detail_script] Starting to parse season details...
2026-06-06 15:07:10,905 - INFO - [get_season_detail_script] Found 'props' node
2026-06-06 15:07:10,905 - INFO - [get_season_detail_script] Found 'body' node, contains 1 items
2026-06-06 15:07:10,905 - INFO - [get_season_detail_script] body[0] found 'atf' node
2026-06-06 15:07:10,905 - INFO - [get_season_detail_script] Found 'headerDetail', contains 1 keys
2026-06-06 15:07:10,905 - INFO - [get_season_detail_script] parentTitle = Robin Hood
2026-06-06 15:07:10,905 - INFO - [get_season_detail_script] title = Robin Hood: Staffel 1
2026-06-06 15:07:10,905 - INFO - [get_season_detail_script] releaseYear = 2025
2026-06-06 15:07:10,905 - INFO - [get_season_detail_script] seasonNumber = 1
2026-06-06 15:07:10,905 - INFO - [get_season_detail_script] body[0] found 'btf' node
2026-06-06 15:07:10,905 - INFO - [get_season_detail_script] total_episodes = 10
2026-06-06 15:07:10,905 - INFO - [get_season_detail_script] Parse complete, result: {"parentTitle": "Robin Hood", "title": "Robin Hood: Staffel 1", "releaseYear": 2025, "seasonNumber": 1, "total_episodes": 10}
2026-06-06 15:07:10,905 - INFO - ============================================================
2026-06-06 15:07:10,905 - INFO - [get_seasons_info] Parsed season details:
2026-06-06 15:07:10,905 - INFO -   - parentTitle: Robin Hood
2026-06-06 15:07:10,906 - INFO -   - season_name: Robin Hood: Staffel 1
2026-06-06 15:07:10,906 - INFO -   - release_time: 2025
2026-06-06 15:07:10,906 - INFO -   - season_number: 1
2026-06-06 15:07:10,906 - INFO -   - total_episodes: 10
2026-06-06 15:07:10,906 - INFO - ============================================================
2026-06-06 15:07:10,906 - INFO - [get_all_episodes_script] Starting to parse all episodes...
2026-06-06 15:07:10,906 - INFO - [get_all_episodes_script] body[0] found 'btf' node
2026-06-06 15:07:10,906 - INFO - [get_all_episodes_script] Found 11 episode details
2026-06-06 15:07:10,906 - INFO - [get_all_episodes_script] Episode 1: Ich sehe ihn (ID: B0GCPGVTDG)
2026-06-06 15:07:10,906 - INFO - [get_all_episodes_script] Episode 2: Ein abscheulicher Teufel (ID: B0G4SZH2TG)
2026-06-06 15:07:10,906 - INFO - [get_all_episodes_script] Episode 3: Niemand kann sich ewig verstecken (ID: B0FVGHBXKW)
2026-06-06 15:07:10,906 - INFO - [get_all_episodes_script] Episode 4: Der Grund für diese Unruhen (ID: B0FZYT84YM)
2026-06-06 15:07:10,906 - INFO - [get_all_episodes_script] Episode 5: Geh zurück zu ihnen (ID: B0GC78CN3X)
2026-06-06 15:07:10,906 - INFO - [get_all_episodes_script] Episode 6: Verbunden durch Liebe, getrennt durch Lügen (ID: B0GCKHL48Z)
2026-06-06 15:07:10,906 - INFO - [get_all_episodes_script] Episode 7: Diebe mit einem Ziel (ID: B0GCKF8PSZ)
2026-06-06 15:07:10,907 - INFO - [get_all_episodes_script] Episode 8: Der wahre Preis des Widerstands (ID: B0G374N8KN)
2026-06-06 15:07:10,907 - INFO - [get_all_episodes_script] Episode 9: Ich wähle dich (ID: B0FX3HBZ5Q)
2026-06-06 15:07:10,907 - INFO - [get_all_episodes_script] Episode 10: Ein Feind fällt, ein anderer erhebt sich (ID: B0GFBZHLRG)
2026-06-06 15:07:10,907 - INFO - [get_all_episodes_script] Episode 0: Robin Hood: Staffel 1 (ID: B0G7L4V5KY)
2026-06-06 15:07:10,907 - INFO - [get_all_episodes_script] Found 0 playable episode action_keys
2026-06-06 15:07:10,907 - INFO - [get_all_episodes_script] Total parsed 11 episode details
2026-06-06 15:07:10,907 - INFO - [get_all_episodes_script] Filtered playable episodes count: 0
2026-06-06 15:07:10,907 - INFO - ============================================================
2026-06-06 15:07:10,907 - INFO - [get_seasons_info] get_all_episodes_script returned 0 episodes
2026-06-06 15:07:10,907 - INFO - ============================================================
2026-06-06 15:07:10,907 - INFO - [get_episodes_script] Starting to filter episode list...
2026-06-06 15:07:10,907 - INFO - [get_episodes_script] Input episodes count: 0
2026-06-06 15:07:10,907 - INFO - [get_episodes_script] Found 'episodeList' node
2026-06-06 15:07:10,907 - INFO - [get_episodes_script] totalCardSize = 10
2026-06-06 15:07:10,908 - INFO - [get_episodes_script] cardTitleIds count: 10
2026-06-06 15:07:10,908 - INFO - [get_episodes_script] cardTitleIds: ['B0GCPGVTDG', 'B0G4SZH2TG', 'B0FVGHBXKW', 'B0FZYT84YM', 'B0GC78CN3X', 'B0GCKHL48Z', 'B0GCKF8PSZ', 'B0G374N8KN', 'B0FX3HBZ5Q', 'B0GFBZHLRG']
2026-06-06 15:07:10,908 - INFO - [get_episodes_script] Final episodes count: 0
2026-06-06 15:07:10,908 - INFO - ============================================================
2026-06-06 15:07:10,908 - INFO - [get_seasons_info] get_episodes_script returned 0 episodes
2026-06-06 15:07:10,908 - INFO - [get_seasons_info] get_extras_script returned 0 extras categories
2026-06-06 15:07:10,910 - INFO - [get_seasons_info] More episodes need to be loaded (current: 0, total: 10)
2026-06-06 15:07:10,910 - INFO - [get_widget_token] no token found (single-page season or unexpected HTML shape)
2026-06-06 15:07:10,910 - INFO - [get_seasons_info] widget_token: 
2026-06-06 15:07:10,912 - INFO - [get_seasons_info] atf_asins count: 2
2026-06-06 15:07:10,912 - INFO - [get_seasons_info] btf_asins count: 20
2026-06-06 15:07:10,912 - INFO - [get_seasons_info] promotion_urls count: 0
2026-06-06 15:07:10,912 - WARNING - [get_seasons_info] Season 'Robin Hood: Staffel 1' has no episodes or promotions, skipped
2026-06-06 15:07:10,912 - INFO - 
2026-06-06 15:07:10,912 - INFO - [get_seasons_info] ========== Parse Complete ==========
2026-06-06 15:07:10,912 - INFO - [get_seasons_info] Total parsed 0 seasons
2026-06-06 15:07:31,768 - INFO - === amazon_is_meta start ===
2026-06-06 15:07:31,769 - INFO - input_file: H:/streamfab/outputTemp/amazonIsMetaPageTempIn.tmp
2026-06-06 15:07:31,769 - INFO - output_file: H:/streamfab/outputTemp/amazonIsMetaPageTempOut.tmp
2026-06-06 15:07:32,662 - INFO - read webpage, length: 1802913
2026-06-06 15:07:33,177 - INFO - parsed webpage with html5lib
2026-06-06 15:07:33,183 - INFO - main_element found: False
2026-06-06 15:07:33,184 - WARNING - main_element not found (id='main', data-testid='detailpage-main')
2026-06-06 15:07:33,201 - INFO - No block with pageTitleId+catalogId found
2026-06-06 15:07:33,201 - INFO - result: is_meta=False, media_type=movie, pageTitleId=None
2026-06-06 15:07:33,202 - INFO - wrote result to H:/streamfab/outputTemp/amazonIsMetaPageTempOut.tmp
2026-06-06 15:07:33,202 - INFO - === amazon_is_meta complete ===
2026-06-06 15:10:03,025 - INFO - === amazon_is_meta start ===
2026-06-06 15:10:03,026 - INFO - input_file: H:/streamfab/outputTemp/amazonIsMetaPageTempIn.tmp
2026-06-06 15:10:03,026 - INFO - output_file: H:/streamfab/outputTemp/amazonIsMetaPageTempOut.tmp
2026-06-06 15:10:03,974 - INFO - read webpage, length: 1515894
2026-06-06 15:10:04,569 - INFO - parsed webpage with html5lib
2026-06-06 15:10:04,572 - INFO - main_element found: True
2026-06-06 15:10:04,605 - INFO - e_synopsis (.dv-dp-node-synopsis): 1
2026-06-06 15:10:04,605 - INFO - is_meta=True (synopsis: 1)
2026-06-06 15:10:04,626 - INFO - e_live (live-state-badge): 0
2026-06-06 15:10:04,646 - INFO - e_episodes ({'data-testid': 'episode-list-item'}): 0
2026-06-06 15:10:04,676 - INFO - e_episodes ({'class_': 'XR0d6P'}): 0
2026-06-06 15:10:04,706 - INFO - e_episodes ({'class_': 'GG33WY'}): 0
2026-06-06 15:10:04,736 - INFO - e_episodes ({'class_': 'SIGk7D'}): 0
2026-06-06 15:10:04,758 - INFO - Found hydration-data block, pageTitleId=B0C5412DSR
2026-06-06 15:10:04,759 - INFO - result: is_meta=True, media_type=movie, pageTitleId=B0C5412DSR
2026-06-06 15:10:04,777 - INFO - wrote result to H:/streamfab/outputTemp/amazonIsMetaPageTempOut.tmp
2026-06-06 15:10:04,777 - INFO - === amazon_is_meta complete ===
2026-06-06 15:10:07,557 - WARNING - No season urls found - trying '.dv-node-dp-seasons a'...
2026-06-06 15:10:07,614 - WARNING - No season urls found - trying '.dv-node-dp-seasons-default a'...
2026-06-06 15:10:07,670 - INFO - amazon_get_season_urls complete...
2026-06-06 15:10:10,254 - INFO - get_real_url complete...
2026-06-06 15:10:12,306 - INFO - Parsed hydration-data script data
2026-06-06 15:10:12,310 - INFO - get_meta_info complete...
2026-06-06 15:10:14,306 - INFO - [get_seasons_info] ========== Starting to parse season info ==========
2026-06-06 15:10:14,306 - INFO - [get_seasons_info] Input webpages count: 1
2026-06-06 15:10:14,306 - INFO - 
2026-06-06 15:10:14,306 - INFO - [get_seasons_info] >>>>>> Processing webpage 1 <<<<<<
2026-06-06 15:10:14,306 - INFO - [get_seasons_info] Webpage length: 1515894 characters
2026-06-06 15:10:14,307 - INFO - [get_seasons_info] Extracted ID from pageTitleId: B0C5412DSR
2026-06-06 15:10:14,315 - INFO - Parsing hydration-data script data for seasons (normalized)
2026-06-06 15:10:14,315 - INFO - [get_seasons_info] JSON parsed successfully, top-level keys: ['props']
2026-06-06 15:10:14,315 - INFO - [get_seasons_info] Using Script JSON parsing method...
2026-06-06 15:10:14,316 - INFO - ============================================================
2026-06-06 15:10:14,316 - INFO - [get_season_detail_script] Starting to parse season details...
2026-06-06 15:10:14,316 - INFO - [get_season_detail_script] Found 'props' node
2026-06-06 15:10:14,316 - INFO - [get_season_detail_script] Found 'body' node, contains 1 items
2026-06-06 15:10:14,316 - INFO - [get_season_detail_script] body[0] found 'atf' node
2026-06-06 15:10:14,316 - INFO - [get_season_detail_script] Found 'headerDetail', contains 1 keys
2026-06-06 15:10:14,316 - INFO - [get_season_detail_script] title = A Star Is Born [dt./OV]
2026-06-06 15:10:14,316 - INFO - [get_season_detail_script] releaseYear = 2018
2026-06-06 15:10:14,316 - INFO - [get_season_detail_script] body[0] found 'btf' node
2026-06-06 15:10:14,316 - INFO - [get_season_detail_script] Parse complete, result: {"parentTitle": "", "title": "A Star Is Born [dt./OV]", "releaseYear": 2018, "seasonNumber": 0, "total_episodes": 0}
2026-06-06 15:10:14,316 - INFO - ============================================================
2026-06-06 15:10:14,316 - INFO - [get_seasons_info] Parsed season details:
2026-06-06 15:10:14,316 - INFO -   - parentTitle: 
2026-06-06 15:10:14,317 - INFO -   - season_name: A Star Is Born [dt./OV]
2026-06-06 15:10:14,317 - INFO -   - release_time: 2018
2026-06-06 15:10:14,317 - INFO -   - season_number: 0
2026-06-06 15:10:14,317 - INFO -   - total_episodes: 0
2026-06-06 15:10:14,317 - INFO - ============================================================
2026-06-06 15:10:14,317 - INFO - [get_all_episodes_script] Starting to parse all episodes...
2026-06-06 15:10:14,317 - INFO - [get_all_episodes_script] body[0] found 'btf' node
2026-06-06 15:10:14,317 - INFO - [get_all_episodes_script] Found 1 episode details
2026-06-06 15:10:14,317 - INFO - [get_all_episodes_script] Episode 0: A Star Is Born [dt./OV] (ID: B0C5412DSR)
2026-06-06 15:10:14,317 - INFO - [get_all_episodes_script] Found 0 playable episode action_keys
2026-06-06 15:10:14,317 - INFO - [get_all_episodes_script] Total parsed 1 episode details
2026-06-06 15:10:14,317 - INFO - [get_all_episodes_script] Filtered playable episodes count: 0
2026-06-06 15:10:14,317 - INFO - ============================================================
2026-06-06 15:10:14,317 - INFO - [get_seasons_info] get_all_episodes_script returned 0 episodes
2026-06-06 15:10:14,317 - INFO - ============================================================
2026-06-06 15:10:14,318 - INFO - [get_episodes_script] Starting to filter episode list...
2026-06-06 15:10:14,318 - INFO - [get_episodes_script] Input episodes count: 0
2026-06-06 15:10:14,318 - INFO - [get_episodes_script] Found 'episodeList' node
2026-06-06 15:10:14,318 - INFO - [get_episodes_script] Final episodes count: 0
2026-06-06 15:10:14,318 - INFO - ============================================================
2026-06-06 15:10:14,318 - INFO - [get_seasons_info] get_episodes_script returned 0 episodes
2026-06-06 15:10:14,318 - INFO - [get_seasons_info] get_extras_script returned 0 extras categories
2026-06-06 15:10:14,329 - INFO - [get_seasons_info] atf_asins count: 1
2026-06-06 15:10:14,329 - INFO - [get_seasons_info] btf_asins count: 0
2026-06-06 15:10:14,330 - INFO - [get_seasons_info] promotion_urls count: 0
2026-06-06 15:10:14,330 - WARNING - [get_seasons_info] Season 'A Star Is Born [dt./OV]' has no episodes or promotions, skipped
2026-06-06 15:10:14,330 - INFO - 
2026-06-06 15:10:14,330 - INFO - [get_seasons_info] ========== Parse Complete ==========
2026-06-06 15:10:14,330 - INFO - [get_seasons_info] Total parsed 0 seasons
2026-06-06 15:10:40,479 - INFO - === amazon_is_meta start ===
2026-06-06 15:10:40,480 - INFO - input_file: H:/streamfab/outputTemp/amazonIsMetaPageTempIn.tmp
2026-06-06 15:10:40,480 - INFO - output_file: H:/streamfab/outputTemp/amazonIsMetaPageTempOut.tmp
2026-06-06 15:10:41,360 - INFO - read webpage, length: 1770086
2026-06-06 15:10:41,926 - INFO - parsed webpage with html5lib
2026-06-06 15:10:41,935 - INFO - main_element found: False
2026-06-06 15:10:41,935 - WARNING - main_element not found (id='main', data-testid='detailpage-main')
2026-06-06 15:10:41,957 - INFO - No block with pageTitleId+catalogId found
2026-06-06 15:10:41,957 - INFO - result: is_meta=False, media_type=movie, pageTitleId=None
2026-06-06 15:10:41,958 - INFO - wrote result to H:/streamfab/outputTemp/amazonIsMetaPageTempOut.tmp
2026-06-06 15:10:41,958 - INFO - === amazon_is_meta complete ===
2026-06-06 15:11:14,047 - INFO - === amazon_is_meta start ===
2026-06-06 15:11:14,049 - INFO - input_file: H:/streamfab/outputTemp/amazonIsMetaPageTempIn.tmp
2026-06-06 15:11:14,049 - INFO - output_file: H:/streamfab/outputTemp/amazonIsMetaPageTempOut.tmp
2026-06-06 15:11:14,937 - INFO - read webpage, length: 1784801
2026-06-06 15:11:15,435 - INFO - parsed webpage with html5lib
2026-06-06 15:11:15,441 - INFO - main_element found: False
2026-06-06 15:11:15,441 - WARNING - main_element not found (id='main', data-testid='detailpage-main')
2026-06-06 15:11:15,458 - INFO - No block with pageTitleId+catalogId found
2026-06-06 15:11:15,458 - INFO - result: is_meta=False, media_type=movie, pageTitleId=None
2026-06-06 15:11:15,459 - INFO - wrote result to H:/streamfab/outputTemp/amazonIsMetaPageTempOut.tmp
2026-06-06 15:11:15,459 - INFO - === amazon_is_meta complete ===
2026-06-06 17:01:20,348 - INFO - === amazon_is_meta start ===
2026-06-06 17:01:20,377 - INFO - input_file: H:/streamfab/outputTemp/amazonIsMetaPageTempIn.tmp
2026-06-06 17:01:20,377 - INFO - output_file: H:/streamfab/outputTemp/amazonIsMetaPageTempOut.tmp
2026-06-06 17:01:21,635 - INFO - read webpage, length: 1804100
2026-06-06 17:01:22,204 - INFO - parsed webpage with html5lib
2026-06-06 17:01:22,212 - INFO - main_element found: False
2026-06-06 17:01:22,212 - WARNING - main_element not found (id='main', data-testid='detailpage-main')
2026-06-06 17:01:22,234 - INFO - No block with pageTitleId+catalogId found
2026-06-06 17:01:22,234 - INFO - result: is_meta=False, media_type=movie, pageTitleId=None
2026-06-06 17:01:22,235 - INFO - wrote result to H:/streamfab/outputTemp/amazonIsMetaPageTempOut.tmp
2026-06-06 17:01:22,235 - INFO - === amazon_is_meta complete ===
2026-06-06 17:02:31,346 - INFO - === amazon_is_meta start ===
2026-06-06 17:02:31,374 - INFO - input_file: H:/streamfab/outputTemp/amazonIsMetaPageTempIn.tmp
2026-06-06 17:02:31,374 - INFO - output_file: H:/streamfab/outputTemp/amazonIsMetaPageTempOut.tmp
2026-06-06 17:02:32,168 - INFO - read webpage, length: 891204
2026-06-06 17:02:32,571 - INFO - parsed webpage with html5lib
2026-06-06 17:02:32,577 - INFO - main_element found: False
2026-06-06 17:02:32,577 - WARNING - main_element not found (id='main', data-testid='detailpage-main')
2026-06-06 17:02:32,592 - INFO - No block with pageTitleId+catalogId found
2026-06-06 17:02:32,592 - INFO - result: is_meta=False, media_type=movie, pageTitleId=None
2026-06-06 17:02:32,593 - INFO - wrote result to H:/streamfab/outputTemp/amazonIsMetaPageTempOut.tmp
2026-06-06 17:02:32,593 - INFO - === amazon_is_meta complete ===
2026-06-06 17:03:06,450 - INFO - === amazon_is_meta start ===
2026-06-06 17:03:06,451 - INFO - input_file: H:/streamfab/outputTemp/amazonIsMetaPageTempIn.tmp
2026-06-06 17:03:06,452 - INFO - output_file: H:/streamfab/outputTemp/amazonIsMetaPageTempOut.tmp
2026-06-06 17:03:07,281 - INFO - read webpage, length: 1809903
2026-06-06 17:03:07,762 - INFO - parsed webpage with html5lib
2026-06-06 17:03:07,767 - INFO - main_element found: False
2026-06-06 17:03:07,767 - WARNING - main_element not found (id='main', data-testid='detailpage-main')
2026-06-06 17:03:07,782 - INFO - No block with pageTitleId+catalogId found
2026-06-06 17:03:07,783 - INFO - result: is_meta=False, media_type=movie, pageTitleId=None
2026-06-06 17:03:07,783 - INFO - wrote result to H:/streamfab/outputTemp/amazonIsMetaPageTempOut.tmp
2026-06-06 17:03:07,783 - INFO - === amazon_is_meta complete ===
2026-06-08 01:13:20,421 - INFO - === amazon_is_meta start ===
2026-06-08 01:13:20,438 - INFO - input_file: H:/streamfab/outputTemp/amazonIsMetaPageTempIn.tmp
2026-06-08 01:13:20,439 - INFO - output_file: H:/streamfab/outputTemp/amazonIsMetaPageTempOut.tmp
2026-06-08 01:13:21,325 - INFO - read webpage, length: 1769511
2026-06-08 01:13:21,836 - INFO - parsed webpage with html5lib
2026-06-08 01:13:21,842 - INFO - main_element found: False
2026-06-08 01:13:21,842 - WARNING - main_element not found (id='main', data-testid='detailpage-main')
2026-06-08 01:13:21,859 - INFO - No block with pageTitleId+catalogId found
2026-06-08 01:13:21,859 - INFO - result: is_meta=False, media_type=movie, pageTitleId=None
2026-06-08 01:13:21,860 - INFO - wrote result to H:/streamfab/outputTemp/amazonIsMetaPageTempOut.tmp
2026-06-08 01:13:21,860 - INFO - === amazon_is_meta complete ===
2026-06-08 01:13:34,723 - INFO - === amazon_is_meta start ===
2026-06-08 01:13:34,723 - INFO - input_file: H:/streamfab/outputTemp/amazonIsMetaPageTempIn.tmp
2026-06-08 01:13:34,723 - INFO - output_file: H:/streamfab/outputTemp/amazonIsMetaPageTempOut.tmp
2026-06-08 01:13:35,619 - INFO - read webpage, length: 1804201
2026-06-08 01:13:36,116 - INFO - parsed webpage with html5lib
2026-06-08 01:13:36,121 - INFO - main_element found: False
2026-06-08 01:13:36,122 - WARNING - main_element not found (id='main', data-testid='detailpage-main')
2026-06-08 01:13:36,139 - INFO - No block with pageTitleId+catalogId found
2026-06-08 01:13:36,139 - INFO - result: is_meta=False, media_type=movie, pageTitleId=None
2026-06-08 01:13:36,139 - INFO - wrote result to H:/streamfab/outputTemp/amazonIsMetaPageTempOut.tmp
2026-06-08 01:13:36,140 - INFO - === amazon_is_meta complete ===
