[15124:17932:0606/214303.381:ERROR:chrome\installer\util\google_update_settings.cc:265] Failed opening key Software\Chromium to set usagestats; result: 5
[15124:15128:0606/214303.578:WARNING:chrome\browser\signin\account_consistency_mode_manager.cc:74] Desktop Identity Consistency cannot be enabled as no OAuth client ID and client secret have been configured.
[15124:15128:0606/214320.671:WARNING:chrome\browser\extensions\external_registry_loader_win.cc:236] Error observing HKLM: Zugriff verweigert (0x5)
[15124:17500:0606/214604.238:ERROR:google_apis\gcm\engine\registration_request.cc:292] Registration response error message: DEPRECATED_ENDPOINT
[15124:17500:0606/214627.433:ERROR:google_apis\gcm\engine\registration_request.cc:292] Registration response error message: DEPRECATED_ENDPOINT
[15124:17500:0606/214721.437:ERROR:google_apis\gcm\engine\registration_request.cc:292] Registration response error message: DEPRECATED_ENDPOINT
[15124:17500:0606/214856.511:ERROR:google_apis\gcm\engine\registration_request.cc:292] Registration response error message: DEPRECATED_ENDPOINT
[15124:17500:0606/215239.156:ERROR:google_apis\gcm\engine\registration_request.cc:292] Registration response error message: DEPRECATED_ENDPOINT
[15124:17500:0606/215900.365:ERROR:google_apis\gcm\engine\registration_request.cc:292] Registration response error message: DEPRECATED_ENDPOINT
[15124:15128:0606/235623.081:ERROR:components\device_event_log\device_event_log_impl.cc:198] [23:56:23.072] USB: usb_service_win.cc:105 SetupDiGetDeviceProperty({{A45C254E-DF1C-4EFD-8020-67D146A850E0}, 6}) failed: Element nicht gefunden. (0x490)
[15124:15128:0607/011255.919:WARNING:chrome\browser\performance_manager\policies\page_discarding_helper.cc:139] Discarding multiple pages with target (kb): 0, discard_protected_tabs: 0
[15124:15128:0607/011320.979:WARNING:chrome\browser\performance_manager\policies\page_discarding_helper.cc:139] Discarding multiple pages with target (kb): 0, discard_protected_tabs: 0
[15124:15128:0607/013629.299:WARNING:chrome\browser\performance_manager\policies\page_discarding_helper.cc:139] Discarding multiple pages with target (kb): 0, discard_protected_tabs: 0
[15124:15128:0607/013634.300:WARNING:chrome\browser\performance_manager\policies\page_discarding_helper.cc:139] Discarding multiple pages with target (kb): 0, discard_protected_tabs: 0
[15124:15128:0607/013639.319:WARNING:chrome\browser\performance_manager\policies\page_discarding_helper.cc:139] Discarding multiple pages with target (kb): 0, discard_protected_tabs: 0
[15124:15128:0607/013644.320:WARNING:chrome\browser\performance_manager\policies\page_discarding_helper.cc:139] Discarding multiple pages with target (kb): 0, discard_protected_tabs: 0
[15124:15128:0607/013649.339:WARNING:chrome\browser\performance_manager\policies\page_discarding_helper.cc:139] Discarding multiple pages with target (kb): 0, discard_protected_tabs: 0
[15124:15128:0607/013654.339:WARNING:chrome\browser\performance_manager\policies\page_discarding_helper.cc:139] Discarding multiple pages with target (kb): 0, discard_protected_tabs: 0
[15124:15128:0607/015852.439:WARNING:chrome\browser\performance_manager\policies\page_discarding_helper.cc:139] Discarding multiple pages with target (kb): 0, discard_protected_tabs: 0
[15124:15128:0607/015857.440:WARNING:chrome\browser\performance_manager\policies\page_discarding_helper.cc:139] Discarding multiple pages with target (kb): 0, discard_protected_tabs: 0
[15124:15128:0607/015902.460:WARNING:chrome\browser\performance_manager\policies\page_discarding_helper.cc:139] Discarding multiple pages with target (kb): 0, discard_protected_tabs: 0
[15124:15128:0607/015907.480:WARNING:chrome\browser\performance_manager\policies\page_discarding_helper.cc:139] Discarding multiple pages with target (kb): 0, discard_protected_tabs: 0
[15124:15128:0607/015912.499:WARNING:chrome\browser\performance_manager\policies\page_discarding_helper.cc:139] Discarding multiple pages with target (kb): 0, discard_protected_tabs: 0
[15124:15128:0607/015917.499:WARNING:chrome\browser\performance_manager\policies\page_discarding_helper.cc:139] Discarding multiple pages with target (kb): 0, discard_protected_tabs: 0
[15124:15128:0607/015922.500:WARNING:chrome\browser\performance_manager\policies\page_discarding_helper.cc:139] Discarding multiple pages with target (kb): 0, discard_protected_tabs: 0
[15124:15128:0607/015932.500:WARNING:chrome\browser\performance_manager\policies\page_discarding_helper.cc:139] Discarding multiple pages with target (kb): 0, discard_protected_tabs: 0
[15124:15128:0607/015937.520:WARNING:chrome\browser\performance_manager\policies\page_discarding_helper.cc:139] Discarding multiple pages with target (kb): 0, discard_protected_tabs: 0
[15124:15128:0607/015942.540:WARNING:chrome\browser\performance_manager\policies\page_discarding_helper.cc:139] Discarding multiple pages with target (kb): 0, discard_protected_tabs: 0
[15124:15128:0607/015947.540:WARNING:chrome\browser\performance_manager\policies\page_discarding_helper.cc:139] Discarding multiple pages with target (kb): 0, discard_protected_tabs: 0
[15124:15128:0607/015952.561:WARNING:chrome\browser\performance_manager\policies\page_discarding_helper.cc:139] Discarding multiple pages with target (kb): 0, discard_protected_tabs: 0
[15124:15128:0607/015957.579:WARNING:chrome\browser\performance_manager\policies\page_discarding_helper.cc:139] Discarding multiple pages with target (kb): 0, discard_protected_tabs: 0
[15124:15128:0607/020002.580:WARNING:chrome\browser\performance_manager\policies\page_discarding_helper.cc:139] Discarding multiple pages with target (kb): 0, discard_protected_tabs: 0
[15124:15128:0607/020007.599:WARNING:chrome\browser\performance_manager\policies\page_discarding_helper.cc:139] Discarding multiple pages with target (kb): 0, discard_protected_tabs: 0
[15124:15128:0607/020012.600:WARNING:chrome\browser\performance_manager\policies\page_discarding_helper.cc:139] Discarding multiple pages with target (kb): 0, discard_protected_tabs: 0
[15124:15128:0607/020017.600:WARNING:chrome\browser\performance_manager\policies\page_discarding_helper.cc:139] Discarding multiple pages with target (kb): 0, discard_protected_tabs: 0
[15124:15128:0607/020022.621:WARNING:chrome\browser\performance_manager\policies\page_discarding_helper.cc:139] Discarding multiple pages with target (kb): 0, discard_protected_tabs: 0
[15124:15128:0607/020027.639:WARNING:chrome\browser\performance_manager\policies\page_discarding_helper.cc:139] Discarding multiple pages with target (kb): 0, discard_protected_tabs: 0
[15124:15128:0607/022340.720:WARNING:chrome\browser\performance_manager\policies\page_discarding_helper.cc:139] Discarding multiple pages with target (kb): 0, discard_protected_tabs: 0
[15124:15128:0607/022345.740:WARNING:chrome\browser\performance_manager\policies\page_discarding_helper.cc:139] Discarding multiple pages with target (kb): 0, discard_protected_tabs: 0
[15124:15128:0607/022400.799:WARNING:chrome\browser\performance_manager\policies\page_discarding_helper.cc:139] Discarding multiple pages with target (kb): 0, discard_protected_tabs: 0
[15124:15128:0607/022415.840:WARNING:chrome\browser\performance_manager\policies\page_discarding_helper.cc:139] Discarding multiple pages with target (kb): 0, discard_protected_tabs: 0
[15124:15128:0607/022420.859:WARNING:chrome\browser\performance_manager\policies\page_discarding_helper.cc:139] Discarding multiple pages with target (kb): 0, discard_protected_tabs: 0
[15124:15128:0607/022425.860:WARNING:chrome\browser\performance_manager\policies\page_discarding_helper.cc:139] Discarding multiple pages with target (kb): 0, discard_protected_tabs: 0
[15124:15128:0607/022430.880:WARNING:chrome\browser\performance_manager\policies\page_discarding_helper.cc:139] Discarding multiple pages with target (kb): 0, discard_protected_tabs: 0
[15124:15128:0607/022435.900:WARNING:chrome\browser\performance_manager\policies\page_discarding_helper.cc:139] Discarding multiple pages with target (kb): 0, discard_protected_tabs: 0
[15124:15128:0607/022440.919:WARNING:chrome\browser\performance_manager\policies\page_discarding_helper.cc:139] Discarding multiple pages with target (kb): 0, discard_protected_tabs: 0
[15124:15128:0607/022515.979:WARNING:chrome\browser\performance_manager\policies\page_discarding_helper.cc:139] Discarding multiple pages with target (kb): 0, discard_protected_tabs: 0
[15124:15128:0607/022520.979:WARNING:chrome\browser\performance_manager\policies\page_discarding_helper.cc:139] Discarding multiple pages with target (kb): 0, discard_protected_tabs: 0
[15124:15128:0607/022525.980:WARNING:chrome\browser\performance_manager\policies\page_discarding_helper.cc:139] Discarding multiple pages with target (kb): 0, discard_protected_tabs: 0
[15124:15128:0607/035904.539:WARNING:chrome\browser\performance_manager\policies\page_discarding_helper.cc:139] Discarding multiple pages with target (kb): 0, discard_protected_tabs: 0
[15124:15128:0607/035909.539:WARNING:chrome\browser\performance_manager\policies\page_discarding_helper.cc:139] Discarding multiple pages with target (kb): 0, discard_protected_tabs: 0
[15124:15128:0607/044651.260:WARNING:chrome\browser\performance_manager\policies\page_discarding_helper.cc:139] Discarding multiple pages with target (kb): 0, discard_protected_tabs: 0
[15124:15128:0607/044656.279:WARNING:chrome\browser\performance_manager\policies\page_discarding_helper.cc:139] Discarding multiple pages with target (kb): 0, discard_protected_tabs: 0
[15124:15128:0607/044701.279:WARNING:chrome\browser\performance_manager\policies\page_discarding_helper.cc:139] Discarding multiple pages with target (kb): 0, discard_protected_tabs: 0
[15124:15128:0607/044706.299:WARNING:chrome\browser\performance_manager\policies\page_discarding_helper.cc:139] Discarding multiple pages with target (kb): 0, discard_protected_tabs: 0
[15124:15128:0607/044711.300:WARNING:chrome\browser\performance_manager\policies\page_discarding_helper.cc:139] Discarding multiple pages with target (kb): 0, discard_protected_tabs: 0
[15124:15128:0607/044716.319:WARNING:chrome\browser\performance_manager\policies\page_discarding_helper.cc:139] Discarding multiple pages with target (kb): 0, discard_protected_tabs: 0
[15124:15128:0607/044721.339:WARNING:chrome\browser\performance_manager\policies\page_discarding_helper.cc:139] Discarding multiple pages with target (kb): 0, discard_protected_tabs: 0
[15124:15128:0607/044726.340:WARNING:chrome\browser\performance_manager\policies\page_discarding_helper.cc:139] Discarding multiple pages with target (kb): 0, discard_protected_tabs: 0
[15124:15128:0607/044731.359:WARNING:chrome\browser\performance_manager\policies\page_discarding_helper.cc:139] Discarding multiple pages with target (kb): 0, discard_protected_tabs: 0
[15124:15128:0607/044736.360:WARNING:chrome\browser\performance_manager\policies\page_discarding_helper.cc:139] Discarding multiple pages with target (kb): 0, discard_protected_tabs: 0
[15124:15128:0607/044741.379:WARNING:chrome\browser\performance_manager\policies\page_discarding_helper.cc:139] Discarding multiple pages with target (kb): 0, discard_protected_tabs: 0
[15124:15128:0607/044746.380:WARNING:chrome\browser\performance_manager\policies\page_discarding_helper.cc:139] Discarding multiple pages with target (kb): 0, discard_protected_tabs: 0
[15124:15128:0607/044751.399:WARNING:chrome\browser\performance_manager\policies\page_discarding_helper.cc:139] Discarding multiple pages with target (kb): 0, discard_protected_tabs: 0
[15124:15128:0607/044756.419:WARNING:chrome\browser\performance_manager\policies\page_discarding_helper.cc:139] Discarding multiple pages with target (kb): 0, discard_protected_tabs: 0
[15124:15128:0607/044801.439:WARNING:chrome\browser\performance_manager\policies\page_discarding_helper.cc:139] Discarding multiple pages with target (kb): 0, discard_protected_tabs: 0
[15124:15128:0607/044806.439:WARNING:chrome\browser\performance_manager\policies\page_discarding_helper.cc:139] Discarding multiple pages with target (kb): 0, discard_protected_tabs: 0
[15124:15128:0607/044811.459:WARNING:chrome\browser\performance_manager\policies\page_discarding_helper.cc:139] Discarding multiple pages with target (kb): 0, discard_protected_tabs: 0
[15124:15128:0607/044816.459:WARNING:chrome\browser\performance_manager\policies\page_discarding_helper.cc:139] Discarding multiple pages with target (kb): 0, discard_protected_tabs: 0
[15124:15128:0607/044821.460:WARNING:chrome\browser\performance_manager\policies\page_discarding_helper.cc:139] Discarding multiple pages with target (kb): 0, discard_protected_tabs: 0
[15124:15128:0607/044826.479:WARNING:chrome\browser\performance_manager\policies\page_discarding_helper.cc:139] Discarding multiple pages with target (kb): 0, discard_protected_tabs: 0
[15124:15128:0607/044831.480:WARNING:chrome\browser\performance_manager\policies\page_discarding_helper.cc:139] Discarding multiple pages with target (kb): 0, discard_protected_tabs: 0
[15124:15128:0607/044836.499:WARNING:chrome\browser\performance_manager\policies\page_discarding_helper.cc:139] Discarding multiple pages with target (kb): 0, discard_protected_tabs: 0
[15124:15128:0607/044841.519:WARNING:chrome\browser\performance_manager\policies\page_discarding_helper.cc:139] Discarding multiple pages with target (kb): 0, discard_protected_tabs: 0
[15124:15128:0607/044846.519:WARNING:chrome\browser\performance_manager\policies\page_discarding_helper.cc:139] Discarding multiple pages with target (kb): 0, discard_protected_tabs: 0
[15124:15128:0607/044851.539:WARNING:chrome\browser\performance_manager\policies\page_discarding_helper.cc:139] Discarding multiple pages with target (kb): 0, discard_protected_tabs: 0
[15124:15128:0607/044856.539:WARNING:chrome\browser\performance_manager\policies\page_discarding_helper.cc:139] Discarding multiple pages with target (kb): 0, discard_protected_tabs: 0
[15124:15128:0607/044901.559:WARNING:chrome\browser\performance_manager\policies\page_discarding_helper.cc:139] Discarding multiple pages with target (kb): 0, discard_protected_tabs: 0
[15124:15128:0607/044906.579:WARNING:chrome\browser\performance_manager\policies\page_discarding_helper.cc:139] Discarding multiple pages with target (kb): 0, discard_protected_tabs: 0
[15124:15128:0607/044911.579:WARNING:chrome\browser\performance_manager\policies\page_discarding_helper.cc:139] Discarding multiple pages with target (kb): 0, discard_protected_tabs: 0
[15124:15128:0607/044916.599:WARNING:chrome\browser\performance_manager\policies\page_discarding_helper.cc:139] Discarding multiple pages with target (kb): 0, discard_protected_tabs: 0
[15124:15128:0607/044921.599:WARNING:chrome\browser\performance_manager\policies\page_discarding_helper.cc:139] Discarding multiple pages with target (kb): 0, discard_protected_tabs: 0
[15124:15128:0607/044926.619:WARNING:chrome\browser\performance_manager\policies\page_discarding_helper.cc:139] Discarding multiple pages with target (kb): 0, discard_protected_tabs: 0
[15124:15128:0607/044931.639:WARNING:chrome\browser\performance_manager\policies\page_discarding_helper.cc:139] Discarding multiple pages with target (kb): 0, discard_protected_tabs: 0
[15124:15128:0607/044936.639:WARNING:chrome\browser\performance_manager\policies\page_discarding_helper.cc:139] Discarding multiple pages with target (kb): 0, discard_protected_tabs: 0
[15124:15128:0607/044941.659:WARNING:chrome\browser\performance_manager\policies\page_discarding_helper.cc:139] Discarding multiple pages with target (kb): 0, discard_protected_tabs: 0
[15124:15128:0607/044946.659:WARNING:chrome\browser\performance_manager\policies\page_discarding_helper.cc:139] Discarding multiple pages with target (kb): 0, discard_protected_tabs: 0
[15124:15128:0607/044951.660:WARNING:chrome\browser\performance_manager\policies\page_discarding_helper.cc:139] Discarding multiple pages with target (kb): 0, discard_protected_tabs: 0
[15124:15128:0607/044956.679:WARNING:chrome\browser\performance_manager\policies\page_discarding_helper.cc:139] Discarding multiple pages with target (kb): 0, discard_protected_tabs: 0
[15124:15128:0607/045001.699:WARNING:chrome\browser\performance_manager\policies\page_discarding_helper.cc:139] Discarding multiple pages with target (kb): 0, discard_protected_tabs: 0
[15124:15128:0607/045006.700:WARNING:chrome\browser\performance_manager\policies\page_discarding_helper.cc:139] Discarding multiple pages with target (kb): 0, discard_protected_tabs: 0
[15124:15128:0607/045011.719:WARNING:chrome\browser\performance_manager\policies\page_discarding_helper.cc:139] Discarding multiple pages with target (kb): 0, discard_protected_tabs: 0
[15124:15128:0607/045016.719:WARNING:chrome\browser\performance_manager\policies\page_discarding_helper.cc:139] Discarding multiple pages with target (kb): 0, discard_protected_tabs: 0
[15124:15128:0607/045021.739:WARNING:chrome\browser\performance_manager\policies\page_discarding_helper.cc:139] Discarding multiple pages with target (kb): 0, discard_protected_tabs: 0
[15124:15128:0607/045026.739:WARNING:chrome\browser\performance_manager\policies\page_discarding_helper.cc:139] Discarding multiple pages with target (kb): 0, discard_protected_tabs: 0
[15124:15128:0607/045031.759:WARNING:chrome\browser\performance_manager\policies\page_discarding_helper.cc:139] Discarding multiple pages with target (kb): 0, discard_protected_tabs: 0
[15124:15128:0607/045036.759:WARNING:chrome\browser\performance_manager\policies\page_discarding_helper.cc:139] Discarding multiple pages with target (kb): 0, discard_protected_tabs: 0
[15124:15128:0607/045041.779:WARNING:chrome\browser\performance_manager\policies\page_discarding_helper.cc:139] Discarding multiple pages with target (kb): 0, discard_protected_tabs: 0
[15124:15128:0607/045046.799:WARNING:chrome\browser\performance_manager\policies\page_discarding_helper.cc:139] Discarding multiple pages with target (kb): 0, discard_protected_tabs: 0
[15124:15128:0607/045111.841:WARNING:chrome\browser\performance_manager\policies\page_discarding_helper.cc:139] Discarding multiple pages with target (kb): 0, discard_protected_tabs: 0
[15124:15128:0607/045121.860:WARNING:chrome\browser\performance_manager\policies\page_discarding_helper.cc:139] Discarding multiple pages with target (kb): 0, discard_protected_tabs: 0
[15124:15128:0607/045126.860:WARNING:chrome\browser\performance_manager\policies\page_discarding_helper.cc:139] Discarding multiple pages with target (kb): 0, discard_protected_tabs: 0
[15124:15128:0607/045131.879:WARNING:chrome\browser\performance_manager\policies\page_discarding_helper.cc:139] Discarding multiple pages with target (kb): 0, discard_protected_tabs: 0
[15124:15128:0607/045136.879:WARNING:chrome\browser\performance_manager\policies\page_discarding_helper.cc:139] Discarding multiple pages with target (kb): 0, discard_protected_tabs: 0
[15124:15128:0607/045141.899:WARNING:chrome\browser\performance_manager\policies\page_discarding_helper.cc:139] Discarding multiple pages with target (kb): 0, discard_protected_tabs: 0
[15124:15128:0607/045146.899:WARNING:chrome\browser\performance_manager\policies\page_discarding_helper.cc:139] Discarding multiple pages with target (kb): 0, discard_protected_tabs: 0
[15124:15128:0607/045151.919:WARNING:chrome\browser\performance_manager\policies\page_discarding_helper.cc:139] Discarding multiple pages with target (kb): 0, discard_protected_tabs: 0
[15124:15128:0607/045156.939:WARNING:chrome\browser\performance_manager\policies\page_discarding_helper.cc:139] Discarding multiple pages with target (kb): 0, discard_protected_tabs: 0
[15124:15128:0607/045201.959:WARNING:chrome\browser\performance_manager\policies\page_discarding_helper.cc:139] Discarding multiple pages with target (kb): 0, discard_protected_tabs: 0
[15124:15128:0607/045206.959:WARNING:chrome\browser\performance_manager\policies\page_discarding_helper.cc:139] Discarding multiple pages with target (kb): 0, discard_protected_tabs: 0
[15124:15128:0607/045211.980:WARNING:chrome\browser\performance_manager\policies\page_discarding_helper.cc:139] Discarding multiple pages with target (kb): 0, discard_protected_tabs: 0
[15124:15128:0607/045216.980:WARNING:chrome\browser\performance_manager\policies\page_discarding_helper.cc:139] Discarding multiple pages with target (kb): 0, discard_protected_tabs: 0
[15124:15128:0607/045221.999:WARNING:chrome\browser\performance_manager\policies\page_discarding_helper.cc:139] Discarding multiple pages with target (kb): 0, discard_protected_tabs: 0
[15124:15128:0607/045227.019:WARNING:chrome\browser\performance_manager\policies\page_discarding_helper.cc:139] Discarding multiple pages with target (kb): 0, discard_protected_tabs: 0
[15124:15128:0607/045232.039:WARNING:chrome\browser\performance_manager\policies\page_discarding_helper.cc:139] Discarding multiple pages with target (kb): 0, discard_protected_tabs: 0
[15124:15128:0607/045237.059:WARNING:chrome\browser\performance_manager\policies\page_discarding_helper.cc:139] Discarding multiple pages with target (kb): 0, discard_protected_tabs: 0
[15124:15128:0607/045242.079:WARNING:chrome\browser\performance_manager\policies\page_discarding_helper.cc:139] Discarding multiple pages with target (kb): 0, discard_protected_tabs: 0
[15124:15128:0607/045247.080:WARNING:chrome\browser\performance_manager\policies\page_discarding_helper.cc:139] Discarding multiple pages with target (kb): 0, discard_protected_tabs: 0
[15124:15128:0607/045252.099:WARNING:chrome\browser\performance_manager\policies\page_discarding_helper.cc:139] Discarding multiple pages with target (kb): 0, discard_protected_tabs: 0
[15124:15128:0607/045257.100:WARNING:chrome\browser\performance_manager\policies\page_discarding_helper.cc:139] Discarding multiple pages with target (kb): 0, discard_protected_tabs: 0
[15124:15128:0607/045302.119:WARNING:chrome\browser\performance_manager\policies\page_discarding_helper.cc:139] Discarding multiple pages with target (kb): 0, discard_protected_tabs: 0
[15124:15128:0607/045307.139:WARNING:chrome\browser\performance_manager\policies\page_discarding_helper.cc:139] Discarding multiple pages with target (kb): 0, discard_protected_tabs: 0
[15124:15128:0607/045312.159:WARNING:chrome\browser\performance_manager\policies\page_discarding_helper.cc:139] Discarding multiple pages with target (kb): 0, discard_protected_tabs: 0
[15124:15128:0607/045317.179:WARNING:chrome\browser\performance_manager\policies\page_discarding_helper.cc:139] Discarding multiple pages with target (kb): 0, discard_protected_tabs: 0
[15124:15128:0607/045322.180:WARNING:chrome\browser\performance_manager\policies\page_discarding_helper.cc:139] Discarding multiple pages with target (kb): 0, discard_protected_tabs: 0
[15124:15128:0607/045332.199:WARNING:chrome\browser\performance_manager\policies\page_discarding_helper.cc:139] Discarding multiple pages with target (kb): 0, discard_protected_tabs: 0
[15124:15128:0607/045337.199:WARNING:chrome\browser\performance_manager\policies\page_discarding_helper.cc:139] Discarding multiple pages with target (kb): 0, discard_protected_tabs: 0
[15124:15128:0607/045342.200:WARNING:chrome\browser\performance_manager\policies\page_discarding_helper.cc:139] Discarding multiple pages with target (kb): 0, discard_protected_tabs: 0
[15124:15128:0607/045347.219:WARNING:chrome\browser\performance_manager\policies\page_discarding_helper.cc:139] Discarding multiple pages with target (kb): 0, discard_protected_tabs: 0
[15124:15128:0607/045352.219:WARNING:chrome\browser\performance_manager\policies\page_discarding_helper.cc:139] Discarding multiple pages with target (kb): 0, discard_protected_tabs: 0
[15124:15128:0607/045357.239:WARNING:chrome\browser\performance_manager\policies\page_discarding_helper.cc:139] Discarding multiple pages with target (kb): 0, discard_protected_tabs: 0
[15124:15128:0607/045402.240:WARNING:chrome\browser\performance_manager\policies\page_discarding_helper.cc:139] Discarding multiple pages with target (kb): 0, discard_protected_tabs: 0
[15124:15128:0607/045407.259:WARNING:chrome\browser\performance_manager\policies\page_discarding_helper.cc:139] Discarding multiple pages with target (kb): 0, discard_protected_tabs: 0
[15124:15128:0607/045412.259:WARNING:chrome\browser\performance_manager\policies\page_discarding_helper.cc:139] Discarding multiple pages with target (kb): 0, discard_protected_tabs: 0
[15124:15128:0607/045417.279:WARNING:chrome\browser\performance_manager\policies\page_discarding_helper.cc:139] Discarding multiple pages with target (kb): 0, discard_protected_tabs: 0
[15124:15128:0607/045422.299:WARNING:chrome\browser\performance_manager\policies\page_discarding_helper.cc:139] Discarding multiple pages with target (kb): 0, discard_protected_tabs: 0
[15124:15128:0607/045427.299:WARNING:chrome\browser\performance_manager\policies\page_discarding_helper.cc:139] Discarding multiple pages with target (kb): 0, discard_protected_tabs: 0
[15124:15128:0607/045432.319:WARNING:chrome\browser\performance_manager\policies\page_discarding_helper.cc:139] Discarding multiple pages with target (kb): 0, discard_protected_tabs: 0
[15124:15128:0607/045437.319:WARNING:chrome\browser\performance_manager\policies\page_discarding_helper.cc:139] Discarding multiple pages with target (kb): 0, discard_protected_tabs: 0
[15124:15128:0607/045442.339:WARNING:chrome\browser\performance_manager\policies\page_discarding_helper.cc:139] Discarding multiple pages with target (kb): 0, discard_protected_tabs: 0
[15124:15128:0607/045447.359:WARNING:chrome\browser\performance_manager\policies\page_discarding_helper.cc:139] Discarding multiple pages with target (kb): 0, discard_protected_tabs: 0
[15124:15128:0607/045452.360:WARNING:chrome\browser\performance_manager\policies\page_discarding_helper.cc:139] Discarding multiple pages with target (kb): 0, discard_protected_tabs: 0
[15124:15128:0607/045457.360:WARNING:chrome\browser\performance_manager\policies\page_discarding_helper.cc:139] Discarding multiple pages with target (kb): 0, discard_protected_tabs: 0
[15124:15128:0607/045502.379:WARNING:chrome\browser\performance_manager\policies\page_discarding_helper.cc:139] Discarding multiple pages with target (kb): 0, discard_protected_tabs: 0
[15124:15128:0607/045507.399:WARNING:chrome\browser\performance_manager\policies\page_discarding_helper.cc:139] Discarding multiple pages with target (kb): 0, discard_protected_tabs: 0
[15124:15128:0607/045512.400:WARNING:chrome\browser\performance_manager\policies\page_discarding_helper.cc:139] Discarding multiple pages with target (kb): 0, discard_protected_tabs: 0
[15124:15128:0607/045517.420:WARNING:chrome\browser\performance_manager\policies\page_discarding_helper.cc:139] Discarding multiple pages with target (kb): 0, discard_protected_tabs: 0
[15124:15128:0607/045522.440:WARNING:chrome\browser\performance_manager\policies\page_discarding_helper.cc:139] Discarding multiple pages with target (kb): 0, discard_protected_tabs: 0
[15124:15128:0607/045527.459:WARNING:chrome\browser\performance_manager\policies\page_discarding_helper.cc:139] Discarding multiple pages with target (kb): 0, discard_protected_tabs: 0
[15124:15128:0607/045532.479:WARNING:chrome\browser\performance_manager\policies\page_discarding_helper.cc:139] Discarding multiple pages with target (kb): 0, discard_protected_tabs: 0
[15124:15128:0607/045537.499:WARNING:chrome\browser\performance_manager\policies\page_discarding_helper.cc:139] Discarding multiple pages with target (kb): 0, discard_protected_tabs: 0
[15124:15128:0607/045542.500:WARNING:chrome\browser\performance_manager\policies\page_discarding_helper.cc:139] Discarding multiple pages with target (kb): 0, discard_protected_tabs: 0
[15124:15128:0607/045547.519:WARNING:chrome\browser\performance_manager\policies\page_discarding_helper.cc:139] Discarding multiple pages with target (kb): 0, discard_protected_tabs: 0
[15124:15128:0607/045552.539:WARNING:chrome\browser\performance_manager\policies\page_discarding_helper.cc:139] Discarding multiple pages with target (kb): 0, discard_protected_tabs: 0
[15124:15128:0607/045557.540:WARNING:chrome\browser\performance_manager\policies\page_discarding_helper.cc:139] Discarding multiple pages with target (kb): 0, discard_protected_tabs: 0
[15124:15128:0607/045602.559:WARNING:chrome\browser\performance_manager\policies\page_discarding_helper.cc:139] Discarding multiple pages with target (kb): 0, discard_protected_tabs: 0
[15124:15128:0607/045607.560:WARNING:chrome\browser\performance_manager\policies\page_discarding_helper.cc:139] Discarding multiple pages with target (kb): 0, discard_protected_tabs: 0
[15124:15128:0607/045612.579:WARNING:chrome\browser\performance_manager\policies\page_discarding_helper.cc:139] Discarding multiple pages with target (kb): 0, discard_protected_tabs: 0
[15124:15128:0607/045617.579:WARNING:chrome\browser\performance_manager\policies\page_discarding_helper.cc:139] Discarding multiple pages with target (kb): 0, discard_protected_tabs: 0
[15124:15128:0607/045622.599:WARNING:chrome\browser\performance_manager\policies\page_discarding_helper.cc:139] Discarding multiple pages with target (kb): 0, discard_protected_tabs: 0
[15124:15128:0607/045627.619:WARNING:chrome\browser\performance_manager\policies\page_discarding_helper.cc:139] Discarding multiple pages with target (kb): 0, discard_protected_tabs: 0
[15124:15128:0607/045632.620:WARNING:chrome\browser\performance_manager\policies\page_discarding_helper.cc:139] Discarding multiple pages with target (kb): 0, discard_protected_tabs: 0
[15124:15128:0607/045637.639:WARNING:chrome\browser\performance_manager\policies\page_discarding_helper.cc:139] Discarding multiple pages with target (kb): 0, discard_protected_tabs: 0
[15124:15128:0607/045642.659:WARNING:chrome\browser\performance_manager\policies\page_discarding_helper.cc:139] Discarding multiple pages with target (kb): 0, discard_protected_tabs: 0
[15124:15128:0607/045647.660:WARNING:chrome\browser\performance_manager\policies\page_discarding_helper.cc:139] Discarding multiple pages with target (kb): 0, discard_protected_tabs: 0
[15124:15128:0607/045652.679:WARNING:chrome\browser\performance_manager\policies\page_discarding_helper.cc:139] Discarding multiple pages with target (kb): 0, discard_protected_tabs: 0
[15124:15128:0607/045657.679:WARNING:chrome\browser\performance_manager\policies\page_discarding_helper.cc:139] Discarding multiple pages with target (kb): 0, discard_protected_tabs: 0
[15124:15128:0607/045702.700:WARNING:chrome\browser\performance_manager\policies\page_discarding_helper.cc:139] Discarding multiple pages with target (kb): 0, discard_protected_tabs: 0
[15124:15128:0607/045707.720:WARNING:chrome\browser\performance_manager\policies\page_discarding_helper.cc:139] Discarding multiple pages with target (kb): 0, discard_protected_tabs: 0
[15124:15128:0607/045712.739:WARNING:chrome\browser\performance_manager\policies\page_discarding_helper.cc:139] Discarding multiple pages with target (kb): 0, discard_protected_tabs: 0
[15124:15128:0607/045717.740:WARNING:chrome\browser\performance_manager\policies\page_discarding_helper.cc:139] Discarding multiple pages with target (kb): 0, discard_protected_tabs: 0
[15124:15128:0607/045722.759:WARNING:chrome\browser\performance_manager\policies\page_discarding_helper.cc:139] Discarding multiple pages with target (kb): 0, discard_protected_tabs: 0
[15124:15128:0607/045727.759:WARNING:chrome\browser\performance_manager\policies\page_discarding_helper.cc:139] Discarding multiple pages with target (kb): 0, discard_protected_tabs: 0
[15124:15128:0607/045732.779:WARNING:chrome\browser\performance_manager\policies\page_discarding_helper.cc:139] Discarding multiple pages with target (kb): 0, discard_protected_tabs: 0
[15124:15128:0607/045737.799:WARNING:chrome\browser\performance_manager\policies\page_discarding_helper.cc:139] Discarding multiple pages with target (kb): 0, discard_protected_tabs: 0
[15124:15128:0607/045742.799:WARNING:chrome\browser\performance_manager\policies\page_discarding_helper.cc:139] Discarding multiple pages with target (kb): 0, discard_protected_tabs: 0
[15124:15128:0607/045747.819:WARNING:chrome\browser\performance_manager\policies\page_discarding_helper.cc:139] Discarding multiple pages with target (kb): 0, discard_protected_tabs: 0
[15124:15128:0607/045752.820:WARNING:chrome\browser\performance_manager\policies\page_discarding_helper.cc:139] Discarding multiple pages with target (kb): 0, discard_protected_tabs: 0
[15124:15128:0607/045757.839:WARNING:chrome\browser\performance_manager\policies\page_discarding_helper.cc:139] Discarding multiple pages with target (kb): 0, discard_protected_tabs: 0
[15124:15128:0607/045802.859:WARNING:chrome\browser\performance_manager\policies\page_discarding_helper.cc:139] Discarding multiple pages with target (kb): 0, discard_protected_tabs: 0
[15124:15128:0607/045807.879:WARNING:chrome\browser\performance_manager\policies\page_discarding_helper.cc:139] Discarding multiple pages with target (kb): 0, discard_protected_tabs: 0
[15124:15128:0607/045812.880:WARNING:chrome\browser\performance_manager\policies\page_discarding_helper.cc:139] Discarding multiple pages with target (kb): 0, discard_protected_tabs: 0
[15124:15128:0607/045817.900:WARNING:chrome\browser\performance_manager\policies\page_discarding_helper.cc:139] Discarding multiple pages with target (kb): 0, discard_protected_tabs: 0
[15124:15128:0607/045822.919:WARNING:chrome\browser\performance_manager\policies\page_discarding_helper.cc:139] Discarding multiple pages with target (kb): 0, discard_protected_tabs: 0
[15124:15128:0607/045827.919:WARNING:chrome\browser\performance_manager\policies\page_discarding_helper.cc:139] Discarding multiple pages with target (kb): 0, discard_protected_tabs: 0
[15124:15128:0607/045832.939:WARNING:chrome\browser\performance_manager\policies\page_discarding_helper.cc:139] Discarding multiple pages with target (kb): 0, discard_protected_tabs: 0
[15124:15128:0607/045837.959:WARNING:chrome\browser\performance_manager\policies\page_discarding_helper.cc:139] Discarding multiple pages with target (kb): 0, discard_protected_tabs: 0
[15124:15128:0607/045842.959:WARNING:chrome\browser\performance_manager\policies\page_discarding_helper.cc:139] Discarding multiple pages with target (kb): 0, discard_protected_tabs: 0
[15124:15128:0607/045847.960:WARNING:chrome\browser\performance_manager\policies\page_discarding_helper.cc:139] Discarding multiple pages with target (kb): 0, discard_protected_tabs: 0
[15124:15128:0607/045852.979:WARNING:chrome\browser\performance_manager\policies\page_discarding_helper.cc:139] Discarding multiple pages with target (kb): 0, discard_protected_tabs: 0
[15124:15128:0607/045857.999:WARNING:chrome\browser\performance_manager\policies\page_discarding_helper.cc:139] Discarding multiple pages with target (kb): 0, discard_protected_tabs: 0
[15124:15128:0607/045902.999:WARNING:chrome\browser\performance_manager\policies\page_discarding_helper.cc:139] Discarding multiple pages with target (kb): 0, discard_protected_tabs: 0
[15124:15128:0607/045908.019:WARNING:chrome\browser\performance_manager\policies\page_discarding_helper.cc:139] Discarding multiple pages with target (kb): 0, discard_protected_tabs: 0
[15124:15128:0607/045913.019:WARNING:chrome\browser\performance_manager\policies\page_discarding_helper.cc:139] Discarding multiple pages with target (kb): 0, discard_protected_tabs: 0
[15124:15128:0607/045918.039:WARNING:chrome\browser\performance_manager\policies\page_discarding_helper.cc:139] Discarding multiple pages with target (kb): 0, discard_protected_tabs: 0
[15124:15128:0607/045923.039:WARNING:chrome\browser\performance_manager\policies\page_discarding_helper.cc:139] Discarding multiple pages with target (kb): 0, discard_protected_tabs: 0
[15124:15128:0607/045928.040:WARNING:chrome\browser\performance_manager\policies\page_discarding_helper.cc:139] Discarding multiple pages with target (kb): 0, discard_protected_tabs: 0
[15124:15128:0607/045933.059:WARNING:chrome\browser\performance_manager\policies\page_discarding_helper.cc:139] Discarding multiple pages with target (kb): 0, discard_protected_tabs: 0
[15124:15128:0607/045938.059:WARNING:chrome\browser\performance_manager\policies\page_discarding_helper.cc:139] Discarding multiple pages with target (kb): 0, discard_protected_tabs: 0
[15124:15128:0607/045943.079:WARNING:chrome\browser\performance_manager\policies\page_discarding_helper.cc:139] Discarding multiple pages with target (kb): 0, discard_protected_tabs: 0
[15124:15128:0607/045948.079:WARNING:chrome\browser\performance_manager\policies\page_discarding_helper.cc:139] Discarding multiple pages with target (kb): 0, discard_protected_tabs: 0
[15124:15128:0607/045953.099:WARNING:chrome\browser\performance_manager\policies\page_discarding_helper.cc:139] Discarding multiple pages with target (kb): 0, discard_protected_tabs: 0
[15124:15128:0607/045958.099:WARNING:chrome\browser\performance_manager\policies\page_discarding_helper.cc:139] Discarding multiple pages with target (kb): 0, discard_protected_tabs: 0
[15124:15128:0607/050003.120:WARNING:chrome\browser\performance_manager\policies\page_discarding_helper.cc:139] Discarding multiple pages with target (kb): 0, discard_protected_tabs: 0
[15124:15128:0607/050008.140:WARNING:chrome\browser\performance_manager\policies\page_discarding_helper.cc:139] Discarding multiple pages with target (kb): 0, discard_protected_tabs: 0
[15124:15128:0607/050013.159:WARNING:chrome\browser\performance_manager\policies\page_discarding_helper.cc:139] Discarding multiple pages with target (kb): 0, discard_protected_tabs: 0
[15124:15128:0607/050018.160:WARNING:chrome\browser\performance_manager\policies\page_discarding_helper.cc:139] Discarding multiple pages with target (kb): 0, discard_protected_tabs: 0
[15124:15128:0607/050023.179:WARNING:chrome\browser\performance_manager\policies\page_discarding_helper.cc:139] Discarding multiple pages with target (kb): 0, discard_protected_tabs: 0
[15124:15128:0607/050028.180:WARNING:chrome\browser\performance_manager\policies\page_discarding_helper.cc:139] Discarding multiple pages with target (kb): 0, discard_protected_tabs: 0
[15124:15128:0607/050033.199:WARNING:chrome\browser\performance_manager\policies\page_discarding_helper.cc:139] Discarding multiple pages with target (kb): 0, discard_protected_tabs: 0
[15124:15128:0607/050038.219:WARNING:chrome\browser\performance_manager\policies\page_discarding_helper.cc:139] Discarding multiple pages with target (kb): 0, discard_protected_tabs: 0
[15124:15128:0607/050043.239:WARNING:chrome\browser\performance_manager\policies\page_discarding_helper.cc:139] Discarding multiple pages with target (kb): 0, discard_protected_tabs: 0
[15124:15128:0607/050048.239:WARNING:chrome\browser\performance_manager\policies\page_discarding_helper.cc:139] Discarding multiple pages with target (kb): 0, discard_protected_tabs: 0
[15124:15128:0607/050053.260:WARNING:chrome\browser\performance_manager\policies\page_discarding_helper.cc:139] Discarding multiple pages with target (kb): 0, discard_protected_tabs: 0
[15124:15128:0607/050058.259:WARNING:chrome\browser\performance_manager\policies\page_discarding_helper.cc:139] Discarding multiple pages with target (kb): 0, discard_protected_tabs: 0
[15124:15128:0607/050103.279:WARNING:chrome\browser\performance_manager\policies\page_discarding_helper.cc:139] Discarding multiple pages with target (kb): 0, discard_protected_tabs: 0
[15124:15128:0607/050108.280:WARNING:chrome\browser\performance_manager\policies\page_discarding_helper.cc:139] Discarding multiple pages with target (kb): 0, discard_protected_tabs: 0
[15124:15128:0607/050113.299:WARNING:chrome\browser\performance_manager\policies\page_discarding_helper.cc:139] Discarding multiple pages with target (kb): 0, discard_protected_tabs: 0
[15124:15128:0607/050118.299:WARNING:chrome\browser\performance_manager\policies\page_discarding_helper.cc:139] Discarding multiple pages with target (kb): 0, discard_protected_tabs: 0
[15124:15128:0607/050123.319:WARNING:chrome\browser\performance_manager\policies\page_discarding_helper.cc:139] Discarding multiple pages with target (kb): 0, discard_protected_tabs: 0
[15124:15128:0607/050128.319:WARNING:chrome\browser\performance_manager\policies\page_discarding_helper.cc:139] Discarding multiple pages with target (kb): 0, discard_protected_tabs: 0
[15124:15128:0607/050133.320:WARNING:chrome\browser\performance_manager\policies\page_discarding_helper.cc:139] Discarding multiple pages with target (kb): 0, discard_protected_tabs: 0
[15124:15128:0607/050138.339:WARNING:chrome\browser\performance_manager\policies\page_discarding_helper.cc:139] Discarding multiple pages with target (kb): 0, discard_protected_tabs: 0
[15124:15128:0607/050143.339:WARNING:chrome\browser\performance_manager\policies\page_discarding_helper.cc:139] Discarding multiple pages with target (kb): 0, discard_protected_tabs: 0
[15124:15128:0607/050148.359:WARNING:chrome\browser\performance_manager\policies\page_discarding_helper.cc:139] Discarding multiple pages with target (kb): 0, discard_protected_tabs: 0
[15124:15128:0607/050153.379:WARNING:chrome\browser\performance_manager\policies\page_discarding_helper.cc:139] Discarding multiple pages with target (kb): 0, discard_protected_tabs: 0
[15124:15128:0607/050158.380:WARNING:chrome\browser\performance_manager\policies\page_discarding_helper.cc:139] Discarding multiple pages with target (kb): 0, discard_protected_tabs: 0
[15124:15128:0607/050203.399:WARNING:chrome\browser\performance_manager\policies\page_discarding_helper.cc:139] Discarding multiple pages with target (kb): 0, discard_protected_tabs: 0
[15124:15128:0607/050208.399:WARNING:chrome\browser\performance_manager\policies\page_discarding_helper.cc:139] Discarding multiple pages with target (kb): 0, discard_protected_tabs: 0
[15124:15128:0607/050213.419:WARNING:chrome\browser\performance_manager\policies\page_discarding_helper.cc:139] Discarding multiple pages with target (kb): 0, discard_protected_tabs: 0
[15124:15128:0607/050218.439:WARNING:chrome\browser\performance_manager\policies\page_discarding_helper.cc:139] Discarding multiple pages with target (kb): 0, discard_protected_tabs: 0
[15124:15128:0607/050223.439:WARNING:chrome\browser\performance_manager\policies\page_discarding_helper.cc:139] Discarding multiple pages with target (kb): 0, discard_protected_tabs: 0
[15124:15128:0607/050228.459:WARNING:chrome\browser\performance_manager\policies\page_discarding_helper.cc:139] Discarding multiple pages with target (kb): 0, discard_protected_tabs: 0
[15124:15128:0607/050233.479:WARNING:chrome\browser\performance_manager\policies\page_discarding_helper.cc:139] Discarding multiple pages with target (kb): 0, discard_protected_tabs: 0
[15124:15128:0607/050238.479:WARNING:chrome\browser\performance_manager\policies\page_discarding_helper.cc:139] Discarding multiple pages with target (kb): 0, discard_protected_tabs: 0
[15124:15128:0607/050243.499:WARNING:chrome\browser\performance_manager\policies\page_discarding_helper.cc:139] Discarding multiple pages with target (kb): 0, discard_protected_tabs: 0
[15124:15128:0607/050248.519:WARNING:chrome\browser\performance_manager\policies\page_discarding_helper.cc:139] Discarding multiple pages with target (kb): 0, discard_protected_tabs: 0
[15124:15128:0607/050253.519:WARNING:chrome\browser\performance_manager\policies\page_discarding_helper.cc:139] Discarding multiple pages with target (kb): 0, discard_protected_tabs: 0
[15124:15128:0607/050258.539:WARNING:chrome\browser\performance_manager\policies\page_discarding_helper.cc:139] Discarding multiple pages with target (kb): 0, discard_protected_tabs: 0
[15124:15128:0607/050303.539:WARNING:chrome\browser\performance_manager\policies\page_discarding_helper.cc:139] Discarding multiple pages with target (kb): 0, discard_protected_tabs: 0
[15124:15128:0607/050308.539:WARNING:chrome\browser\performance_manager\policies\page_discarding_helper.cc:139] Discarding multiple pages with target (kb): 0, discard_protected_tabs: 0
[15124:15128:0607/050313.539:WARNING:chrome\browser\performance_manager\policies\page_discarding_helper.cc:139] Discarding multiple pages with target (kb): 0, discard_protected_tabs: 0
[15124:15128:0607/050318.559:WARNING:chrome\browser\performance_manager\policies\page_discarding_helper.cc:139] Discarding multiple pages with target (kb): 0, discard_protected_tabs: 0
[15124:15128:0607/050323.560:WARNING:chrome\browser\performance_manager\policies\page_discarding_helper.cc:139] Discarding multiple pages with target (kb): 0, discard_protected_tabs: 0
[15124:15128:0607/050328.579:WARNING:chrome\browser\performance_manager\policies\page_discarding_helper.cc:139] Discarding multiple pages with target (kb): 0, discard_protected_tabs: 0
[15124:15128:0607/050333.579:WARNING:chrome\browser\performance_manager\policies\page_discarding_helper.cc:139] Discarding multiple pages with target (kb): 0, discard_protected_tabs: 0
[15124:15128:0607/050338.599:WARNING:chrome\browser\performance_manager\policies\page_discarding_helper.cc:139] Discarding multiple pages with target (kb): 0, discard_protected_tabs: 0
[15124:15128:0607/050343.600:WARNING:chrome\browser\performance_manager\policies\page_discarding_helper.cc:139] Discarding multiple pages with target (kb): 0, discard_protected_tabs: 0
[15124:15128:0607/050348.619:WARNING:chrome\browser\performance_manager\policies\page_discarding_helper.cc:139] Discarding multiple pages with target (kb): 0, discard_protected_tabs: 0
[15124:15128:0607/050353.619:WARNING:chrome\browser\performance_manager\policies\page_discarding_helper.cc:139] Discarding multiple pages with target (kb): 0, discard_protected_tabs: 0
[15124:15128:0607/050358.639:WARNING:chrome\browser\performance_manager\policies\page_discarding_helper.cc:139] Discarding multiple pages with target (kb): 0, discard_protected_tabs: 0
[15124:15128:0607/050403.659:WARNING:chrome\browser\performance_manager\policies\page_discarding_helper.cc:139] Discarding multiple pages with target (kb): 0, discard_protected_tabs: 0
[15124:15128:0607/050408.679:WARNING:chrome\browser\performance_manager\policies\page_discarding_helper.cc:139] Discarding multiple pages with target (kb): 0, discard_protected_tabs: 0
[15124:15128:0607/050413.699:WARNING:chrome\browser\performance_manager\policies\page_discarding_helper.cc:139] Discarding multiple pages with target (kb): 0, discard_protected_tabs: 0
[15124:15128:0607/050418.700:WARNING:chrome\browser\performance_manager\policies\page_discarding_helper.cc:139] Discarding multiple pages with target (kb): 0, discard_protected_tabs: 0
[15124:15128:0607/050423.719:WARNING:chrome\browser\performance_manager\policies\page_discarding_helper.cc:139] Discarding multiple pages with target (kb): 0, discard_protected_tabs: 0
[15124:15128:0607/050428.740:WARNING:chrome\browser\performance_manager\policies\page_discarding_helper.cc:139] Discarding multiple pages with target (kb): 0, discard_protected_tabs: 0
[15124:15128:0607/050433.759:WARNING:chrome\browser\performance_manager\policies\page_discarding_helper.cc:139] Discarding multiple pages with target (kb): 0, discard_protected_tabs: 0
[15124:15128:0607/050438.779:WARNING:chrome\browser\performance_manager\policies\page_discarding_helper.cc:139] Discarding multiple pages with target (kb): 0, discard_protected_tabs: 0
[15124:15128:0607/050443.799:WARNING:chrome\browser\performance_manager\policies\page_discarding_helper.cc:139] Discarding multiple pages with target (kb): 0, discard_protected_tabs: 0
[15124:15128:0607/050448.800:WARNING:chrome\browser\performance_manager\policies\page_discarding_helper.cc:139] Discarding multiple pages with target (kb): 0, discard_protected_tabs: 0
[15124:15128:0607/050453.819:WARNING:chrome\browser\performance_manager\policies\page_discarding_helper.cc:139] Discarding multiple pages with target (kb): 0, discard_protected_tabs: 0
[15124:15128:0607/050458.839:WARNING:chrome\browser\performance_manager\policies\page_discarding_helper.cc:139] Discarding multiple pages with target (kb): 0, discard_protected_tabs: 0
[15124:15128:0607/050503.840:WARNING:chrome\browser\performance_manager\policies\page_discarding_helper.cc:139] Discarding multiple pages with target (kb): 0, discard_protected_tabs: 0
[15124:15128:0607/050508.859:WARNING:chrome\browser\performance_manager\policies\page_discarding_helper.cc:139] Discarding multiple pages with target (kb): 0, discard_protected_tabs: 0
[15124:15128:0607/050513.860:WARNING:chrome\browser\performance_manager\policies\page_discarding_helper.cc:139] Discarding multiple pages with target (kb): 0, discard_protected_tabs: 0
[15124:15128:0607/050518.879:WARNING:chrome\browser\performance_manager\policies\page_discarding_helper.cc:139] Discarding multiple pages with target (kb): 0, discard_protected_tabs: 0
[15124:15128:0607/050523.880:WARNING:chrome\browser\performance_manager\policies\page_discarding_helper.cc:139] Discarding multiple pages with target (kb): 0, discard_protected_tabs: 0
[15124:15128:0607/050528.899:WARNING:chrome\browser\performance_manager\policies\page_discarding_helper.cc:139] Discarding multiple pages with target (kb): 0, discard_protected_tabs: 0
[15124:15128:0607/050533.920:WARNING:chrome\browser\performance_manager\policies\page_discarding_helper.cc:139] Discarding multiple pages with target (kb): 0, discard_protected_tabs: 0
[15124:15128:0607/050538.939:WARNING:chrome\browser\performance_manager\policies\page_discarding_helper.cc:139] Discarding multiple pages with target (kb): 0, discard_protected_tabs: 0
[15124:15128:0607/050543.939:WARNING:chrome\browser\performance_manager\policies\page_discarding_helper.cc:139] Discarding multiple pages with target (kb): 0, discard_protected_tabs: 0
[15124:15128:0607/050548.959:WARNING:chrome\browser\performance_manager\policies\page_discarding_helper.cc:139] Discarding multiple pages with target (kb): 0, discard_protected_tabs: 0
[15124:15128:0607/050553.959:WARNING:chrome\browser\performance_manager\policies\page_discarding_helper.cc:139] Discarding multiple pages with target (kb): 0, discard_protected_tabs: 0
[15124:15128:0607/050558.979:WARNING:chrome\browser\performance_manager\policies\page_discarding_helper.cc:139] Discarding multiple pages with target (kb): 0, discard_protected_tabs: 0
[15124:15128:0607/050603.979:WARNING:chrome\browser\performance_manager\policies\page_discarding_helper.cc:139] Discarding multiple pages with target (kb): 0, discard_protected_tabs: 0
[15124:15128:0607/050608.999:WARNING:chrome\browser\performance_manager\policies\page_discarding_helper.cc:139] Discarding multiple pages with target (kb): 0, discard_protected_tabs: 0
[15124:15128:0607/050614.000:WARNING:chrome\browser\performance_manager\policies\page_discarding_helper.cc:139] Discarding multiple pages with target (kb): 0, discard_protected_tabs: 0
[15124:15128:0607/050619.019:WARNING:chrome\browser\performance_manager\policies\page_discarding_helper.cc:139] Discarding multiple pages with target (kb): 0, discard_protected_tabs: 0
[15124:15128:0607/050624.039:WARNING:chrome\browser\performance_manager\policies\page_discarding_helper.cc:139] Discarding multiple pages with target (kb): 0, discard_protected_tabs: 0
[15124:15128:0607/050629.040:WARNING:chrome\browser\performance_manager\policies\page_discarding_helper.cc:139] Discarding multiple pages with target (kb): 0, discard_protected_tabs: 0
[15124:15128:0607/050634.059:WARNING:chrome\browser\performance_manager\policies\page_discarding_helper.cc:139] Discarding multiple pages with target (kb): 0, discard_protected_tabs: 0
[15124:15128:0607/050639.079:WARNING:chrome\browser\performance_manager\policies\page_discarding_helper.cc:139] Discarding multiple pages with target (kb): 0, discard_protected_tabs: 0
[15124:15128:0607/050644.080:WARNING:chrome\browser\performance_manager\policies\page_discarding_helper.cc:139] Discarding multiple pages with target (kb): 0, discard_protected_tabs: 0
[15124:15128:0607/050649.099:WARNING:chrome\browser\performance_manager\policies\page_discarding_helper.cc:139] Discarding multiple pages with target (kb): 0, discard_protected_tabs: 0
[15124:15128:0607/050654.119:WARNING:chrome\browser\performance_manager\policies\page_discarding_helper.cc:139] Discarding multiple pages with target (kb): 0, discard_protected_tabs: 0
[15124:15128:0607/050659.119:WARNING:chrome\browser\performance_manager\policies\page_discarding_helper.cc:139] Discarding multiple pages with target (kb): 0, discard_protected_tabs: 0
[15124:15128:0607/050704.140:WARNING:chrome\browser\performance_manager\policies\page_discarding_helper.cc:139] Discarding multiple pages with target (kb): 0, discard_protected_tabs: 0
[15124:15128:0607/050709.159:WARNING:chrome\browser\performance_manager\policies\page_discarding_helper.cc:139] Discarding multiple pages with target (kb): 0, discard_protected_tabs: 0
[15124:15128:0607/050714.159:WARNING:chrome\browser\performance_manager\policies\page_discarding_helper.cc:139] Discarding multiple pages with target (kb): 0, discard_protected_tabs: 0
[15124:15128:0607/050719.179:WARNING:chrome\browser\performance_manager\policies\page_discarding_helper.cc:139] Discarding multiple pages with target (kb): 0, discard_protected_tabs: 0
[15124:15128:0607/050724.199:WARNING:chrome\browser\performance_manager\policies\page_discarding_helper.cc:139] Discarding multiple pages with target (kb): 0, discard_protected_tabs: 0
[15124:15128:0607/050729.199:WARNING:chrome\browser\performance_manager\policies\page_discarding_helper.cc:139] Discarding multiple pages with target (kb): 0, discard_protected_tabs: 0
[15124:15128:0607/050734.200:WARNING:chrome\browser\performance_manager\policies\page_discarding_helper.cc:139] Discarding multiple pages with target (kb): 0, discard_protected_tabs: 0
[15124:15128:0607/050739.219:WARNING:chrome\browser\performance_manager\policies\page_discarding_helper.cc:139] Discarding multiple pages with target (kb): 0, discard_protected_tabs: 0
[15124:15128:0607/050744.220:WARNING:chrome\browser\performance_manager\policies\page_discarding_helper.cc:139] Discarding multiple pages with target (kb): 0, discard_protected_tabs: 0
[15124:15128:0607/050749.239:WARNING:chrome\browser\performance_manager\policies\page_discarding_helper.cc:139] Discarding multiple pages with target (kb): 0, discard_protected_tabs: 0
[15124:15128:0607/050754.239:WARNING:chrome\browser\performance_manager\policies\page_discarding_helper.cc:139] Discarding multiple pages with target (kb): 0, discard_protected_tabs: 0
[15124:15128:0607/050759.240:WARNING:chrome\browser\performance_manager\policies\page_discarding_helper.cc:139] Discarding multiple pages with target (kb): 0, discard_protected_tabs: 0
[15124:15128:0607/050804.259:WARNING:chrome\browser\performance_manager\policies\page_discarding_helper.cc:139] Discarding multiple pages with target (kb): 0, discard_protected_tabs: 0
[15124:15128:0607/050809.259:WARNING:chrome\browser\performance_manager\policies\page_discarding_helper.cc:139] Discarding multiple pages with target (kb): 0, discard_protected_tabs: 0
[15124:15128:0607/050814.279:WARNING:chrome\browser\performance_manager\policies\page_discarding_helper.cc:139] Discarding multiple pages with target (kb): 0, discard_protected_tabs: 0
[15124:15128:0607/050819.279:WARNING:chrome\browser\performance_manager\policies\page_discarding_helper.cc:139] Discarding multiple pages with target (kb): 0, discard_protected_tabs: 0
[15124:15128:0607/050824.299:WARNING:chrome\browser\performance_manager\policies\page_discarding_helper.cc:139] Discarding multiple pages with target (kb): 0, discard_protected_tabs: 0
[15124:15128:0607/050829.300:WARNING:chrome\browser\performance_manager\policies\page_discarding_helper.cc:139] Discarding multiple pages with target (kb): 0, discard_protected_tabs: 0
[15124:15128:0607/050834.319:WARNING:chrome\browser\performance_manager\policies\page_discarding_helper.cc:139] Discarding multiple pages with target (kb): 0, discard_protected_tabs: 0
[15124:15128:0607/050839.339:WARNING:chrome\browser\performance_manager\policies\page_discarding_helper.cc:139] Discarding multiple pages with target (kb): 0, discard_protected_tabs: 0
[15124:15128:0607/050844.339:WARNING:chrome\browser\performance_manager\policies\page_discarding_helper.cc:139] Discarding multiple pages with target (kb): 0, discard_protected_tabs: 0
[15124:15128:0607/050849.359:WARNING:chrome\browser\performance_manager\policies\page_discarding_helper.cc:139] Discarding multiple pages with target (kb): 0, discard_protected_tabs: 0
[15124:15128:0607/050854.360:WARNING:chrome\browser\performance_manager\policies\page_discarding_helper.cc:139] Discarding multiple pages with target (kb): 0, discard_protected_tabs: 0
[15124:15128:0607/050859.379:WARNING:chrome\browser\performance_manager\policies\page_discarding_helper.cc:139] Discarding multiple pages with target (kb): 0, discard_protected_tabs: 0
[15124:15128:0607/050904.379:WARNING:chrome\browser\performance_manager\policies\page_discarding_helper.cc:139] Discarding multiple pages with target (kb): 0, discard_protected_tabs: 0
[15124:15128:0607/050909.400:WARNING:chrome\browser\performance_manager\policies\page_discarding_helper.cc:139] Discarding multiple pages with target (kb): 0, discard_protected_tabs: 0
[15124:15128:0607/050914.419:WARNING:chrome\browser\performance_manager\policies\page_discarding_helper.cc:139] Discarding multiple pages with target (kb): 0, discard_protected_tabs: 0
[15124:15128:0607/050919.439:WARNING:chrome\browser\performance_manager\policies\page_discarding_helper.cc:139] Discarding multiple pages with target (kb): 0, discard_protected_tabs: 0
[15124:15128:0607/050924.459:WARNING:chrome\browser\performance_manager\policies\page_discarding_helper.cc:139] Discarding multiple pages with target (kb): 0, discard_protected_tabs: 0
[15124:15128:0607/050929.459:WARNING:chrome\browser\performance_manager\policies\page_discarding_helper.cc:139] Discarding multiple pages with target (kb): 0, discard_protected_tabs: 0
[15124:15128:0607/050934.479:WARNING:chrome\browser\performance_manager\policies\page_discarding_helper.cc:139] Discarding multiple pages with target (kb): 0, discard_protected_tabs: 0
[15124:15128:0607/050939.499:WARNING:chrome\browser\performance_manager\policies\page_discarding_helper.cc:139] Discarding multiple pages with target (kb): 0, discard_protected_tabs: 0
[15124:15128:0607/050944.499:WARNING:chrome\browser\performance_manager\policies\page_discarding_helper.cc:139] Discarding multiple pages with target (kb): 0, discard_protected_tabs: 0
[15124:15128:0607/050949.519:WARNING:chrome\browser\performance_manager\policies\page_discarding_helper.cc:139] Discarding multiple pages with target (kb): 0, discard_protected_tabs: 0
[15124:15128:0607/050954.539:WARNING:chrome\browser\performance_manager\policies\page_discarding_helper.cc:139] Discarding multiple pages with target (kb): 0, discard_protected_tabs: 0
[15124:15128:0607/050959.539:WARNING:chrome\browser\performance_manager\policies\page_discarding_helper.cc:139] Discarding multiple pages with target (kb): 0, discard_protected_tabs: 0
[15124:15128:0607/051004.559:WARNING:chrome\browser\performance_manager\policies\page_discarding_helper.cc:139] Discarding multiple pages with target (kb): 0, discard_protected_tabs: 0
[15124:15128:0607/051009.579:WARNING:chrome\browser\performance_manager\policies\page_discarding_helper.cc:139] Discarding multiple pages with target (kb): 0, discard_protected_tabs: 0
[15124:15128:0607/051014.579:WARNING:chrome\browser\performance_manager\policies\page_discarding_helper.cc:139] Discarding multiple pages with target (kb): 0, discard_protected_tabs: 0
[15124:15128:0607/051019.599:WARNING:chrome\browser\performance_manager\policies\page_discarding_helper.cc:139] Discarding multiple pages with target (kb): 0, discard_protected_tabs: 0
[15124:15128:0607/051024.600:WARNING:chrome\browser\performance_manager\policies\page_discarding_helper.cc:139] Discarding multiple pages with target (kb): 0, discard_protected_tabs: 0
[15124:15128:0607/051029.619:WARNING:chrome\browser\performance_manager\policies\page_discarding_helper.cc:139] Discarding multiple pages with target (kb): 0, discard_protected_tabs: 0
[15124:15128:0607/051034.619:WARNING:chrome\browser\performance_manager\policies\page_discarding_helper.cc:139] Discarding multiple pages with target (kb): 0, discard_protected_tabs: 0
[15124:15128:0607/051039.639:WARNING:chrome\browser\performance_manager\policies\page_discarding_helper.cc:139] Discarding multiple pages with target (kb): 0, discard_protected_tabs: 0
[15124:15128:0607/051044.640:WARNING:chrome\browser\performance_manager\policies\page_discarding_helper.cc:139] Discarding multiple pages with target (kb): 0, discard_protected_tabs: 0
[15124:15128:0607/051049.659:WARNING:chrome\browser\performance_manager\policies\page_discarding_helper.cc:139] Discarding multiple pages with target (kb): 0, discard_protected_tabs: 0
[15124:15128:0607/051054.679:WARNING:chrome\browser\performance_manager\policies\page_discarding_helper.cc:139] Discarding multiple pages with target (kb): 0, discard_protected_tabs: 0
[15124:15128:0607/051059.680:WARNING:chrome\browser\performance_manager\policies\page_discarding_helper.cc:139] Discarding multiple pages with target (kb): 0, discard_protected_tabs: 0
[15124:15128:0607/051104.699:WARNING:chrome\browser\performance_manager\policies\page_discarding_helper.cc:139] Discarding multiple pages with target (kb): 0, discard_protected_tabs: 0
[15124:15128:0607/051109.720:WARNING:chrome\browser\performance_manager\policies\page_discarding_helper.cc:139] Discarding multiple pages with target (kb): 0, discard_protected_tabs: 0
[15124:15128:0607/051114.739:WARNING:chrome\browser\performance_manager\policies\page_discarding_helper.cc:139] Discarding multiple pages with target (kb): 0, discard_protected_tabs: 0
[15124:15128:0607/051119.760:WARNING:chrome\browser\performance_manager\policies\page_discarding_helper.cc:139] Discarding multiple pages with target (kb): 0, discard_protected_tabs: 0
[15124:15128:0607/051124.779:WARNING:chrome\browser\performance_manager\policies\page_discarding_helper.cc:139] Discarding multiple pages with target (kb): 0, discard_protected_tabs: 0
[15124:15128:0607/051129.799:WARNING:chrome\browser\performance_manager\policies\page_discarding_helper.cc:139] Discarding multiple pages with target (kb): 0, discard_protected_tabs: 0
[15124:15128:0607/051134.819:WARNING:chrome\browser\performance_manager\policies\page_discarding_helper.cc:139] Discarding multiple pages with target (kb): 0, discard_protected_tabs: 0
[15124:15128:0607/051139.819:WARNING:chrome\browser\performance_manager\policies\page_discarding_helper.cc:139] Discarding multiple pages with target (kb): 0, discard_protected_tabs: 0
[15124:15128:0607/051144.820:WARNING:chrome\browser\performance_manager\policies\page_discarding_helper.cc:139] Discarding multiple pages with target (kb): 0, discard_protected_tabs: 0
[15124:15128:0607/051149.840:WARNING:chrome\browser\performance_manager\policies\page_discarding_helper.cc:139] Discarding multiple pages with target (kb): 0, discard_protected_tabs: 0
[15124:15128:0607/051154.859:WARNING:chrome\browser\performance_manager\policies\page_discarding_helper.cc:139] Discarding multiple pages with target (kb): 0, discard_protected_tabs: 0
[15124:15128:0607/051159.879:WARNING:chrome\browser\performance_manager\policies\page_discarding_helper.cc:139] Discarding multiple pages with target (kb): 0, discard_protected_tabs: 0
[15124:15128:0607/051204.880:WARNING:chrome\browser\performance_manager\policies\page_discarding_helper.cc:139] Discarding multiple pages with target (kb): 0, discard_protected_tabs: 0
[15124:15128:0607/051209.899:WARNING:chrome\browser\performance_manager\policies\page_discarding_helper.cc:139] Discarding multiple pages with target (kb): 0, discard_protected_tabs: 0
[15124:15128:0607/051214.919:WARNING:chrome\browser\performance_manager\policies\page_discarding_helper.cc:139] Discarding multiple pages with target (kb): 0, discard_protected_tabs: 0
[15124:15128:0607/051219.919:WARNING:chrome\browser\performance_manager\policies\page_discarding_helper.cc:139] Discarding multiple pages with target (kb): 0, discard_protected_tabs: 0
[15124:15128:0607/051224.939:WARNING:chrome\browser\performance_manager\policies\page_discarding_helper.cc:139] Discarding multiple pages with target (kb): 0, discard_protected_tabs: 0
[15124:15128:0607/051229.939:WARNING:chrome\browser\performance_manager\policies\page_discarding_helper.cc:139] Discarding multiple pages with target (kb): 0, discard_protected_tabs: 0
[15124:15128:0607/051234.959:WARNING:chrome\browser\performance_manager\policies\page_discarding_helper.cc:139] Discarding multiple pages with target (kb): 0, discard_protected_tabs: 0
[15124:15128:0607/051239.979:WARNING:chrome\browser\performance_manager\policies\page_discarding_helper.cc:139] Discarding multiple pages with target (kb): 0, discard_protected_tabs: 0
[15124:15128:0607/051244.979:WARNING:chrome\browser\performance_manager\policies\page_discarding_helper.cc:139] Discarding multiple pages with target (kb): 0, discard_protected_tabs: 0
[15124:15128:0607/051250.000:WARNING:chrome\browser\performance_manager\policies\page_discarding_helper.cc:139] Discarding multiple pages with target (kb): 0, discard_protected_tabs: 0
[15124:15128:0607/051255.019:WARNING:chrome\browser\performance_manager\policies\page_discarding_helper.cc:139] Discarding multiple pages with target (kb): 0, discard_protected_tabs: 0
[15124:15128:0607/051300.039:WARNING:chrome\browser\performance_manager\policies\page_discarding_helper.cc:139] Discarding multiple pages with target (kb): 0, discard_protected_tabs: 0
[15124:15128:0607/051305.039:WARNING:chrome\browser\performance_manager\policies\page_discarding_helper.cc:139] Discarding multiple pages with target (kb): 0, discard_protected_tabs: 0
[15124:15128:0607/051310.059:WARNING:chrome\browser\performance_manager\policies\page_discarding_helper.cc:139] Discarding multiple pages with target (kb): 0, discard_protected_tabs: 0
[15124:15128:0607/051315.059:WARNING:chrome\browser\performance_manager\policies\page_discarding_helper.cc:139] Discarding multiple pages with target (kb): 0, discard_protected_tabs: 0
[15124:15128:0607/051320.079:WARNING:chrome\browser\performance_manager\policies\page_discarding_helper.cc:139] Discarding multiple pages with target (kb): 0, discard_protected_tabs: 0
[15124:15128:0607/051325.099:WARNING:chrome\browser\performance_manager\policies\page_discarding_helper.cc:139] Discarding multiple pages with target (kb): 0, discard_protected_tabs: 0
[15124:15128:0607/051330.119:WARNING:chrome\browser\performance_manager\policies\page_discarding_helper.cc:139] Discarding multiple pages with target (kb): 0, discard_protected_tabs: 0
[15124:15128:0607/051335.120:WARNING:chrome\browser\performance_manager\policies\page_discarding_helper.cc:139] Discarding multiple pages with target (kb): 0, discard_protected_tabs: 0
[15124:15128:0607/051340.139:WARNING:chrome\browser\performance_manager\policies\page_discarding_helper.cc:139] Discarding multiple pages with target (kb): 0, discard_protected_tabs: 0
[15124:15128:0607/051345.139:WARNING:chrome\browser\performance_manager\policies\page_discarding_helper.cc:139] Discarding multiple pages with target (kb): 0, discard_protected_tabs: 0
[15124:15128:0607/051350.159:WARNING:chrome\browser\performance_manager\policies\page_discarding_helper.cc:139] Discarding multiple pages with target (kb): 0, discard_protected_tabs: 0
[15124:15128:0607/053613.199:WARNING:chrome\browser\performance_manager\policies\page_discarding_helper.cc:139] Discarding multiple pages with target (kb): 0, discard_protected_tabs: 0
[15124:15128:0607/053618.199:WARNING:chrome\browser\performance_manager\policies\page_discarding_helper.cc:139] Discarding multiple pages with target (kb): 0, discard_protected_tabs: 0
[15124:15128:0607/053623.219:WARNING:chrome\browser\performance_manager\policies\page_discarding_helper.cc:139] Discarding multiple pages with target (kb): 0, discard_protected_tabs: 0
[15124:15128:0607/053628.239:WARNING:chrome\browser\performance_manager\policies\page_discarding_helper.cc:139] Discarding multiple pages with target (kb): 0, discard_protected_tabs: 0
[15124:15128:0607/053633.240:WARNING:chrome\browser\performance_manager\policies\page_discarding_helper.cc:139] Discarding multiple pages with target (kb): 0, discard_protected_tabs: 0
[15124:15128:0607/053638.259:WARNING:chrome\browser\performance_manager\policies\page_discarding_helper.cc:139] Discarding multiple pages with target (kb): 0, discard_protected_tabs: 0
[15124:15128:0607/053643.259:WARNING:chrome\browser\performance_manager\policies\page_discarding_helper.cc:139] Discarding multiple pages with target (kb): 0, discard_protected_tabs: 0
[15124:15128:0607/053648.279:WARNING:chrome\browser\performance_manager\policies\page_discarding_helper.cc:139] Discarding multiple pages with target (kb): 0, discard_protected_tabs: 0
[15124:15128:0607/053653.299:WARNING:chrome\browser\performance_manager\policies\page_discarding_helper.cc:139] Discarding multiple pages with target (kb): 0, discard_protected_tabs: 0
[15124:15128:0607/053658.299:WARNING:chrome\browser\performance_manager\policies\page_discarding_helper.cc:139] Discarding multiple pages with target (kb): 0, discard_protected_tabs: 0
[15124:15128:0607/055836.459:WARNING:chrome\browser\performance_manager\policies\page_discarding_helper.cc:139] Discarding multiple pages with target (kb): 0, discard_protected_tabs: 0
[15124:15128:0607/055841.460:WARNING:chrome\browser\performance_manager\policies\page_discarding_helper.cc:139] Discarding multiple pages with target (kb): 0, discard_protected_tabs: 0
[15124:15128:0607/055846.480:WARNING:chrome\browser\performance_manager\policies\page_discarding_helper.cc:139] Discarding multiple pages with target (kb): 0, discard_protected_tabs: 0
[15124:15128:0607/055851.500:WARNING:chrome\browser\performance_manager\policies\page_discarding_helper.cc:139] Discarding multiple pages with target (kb): 0, discard_protected_tabs: 0
[15124:15128:0607/055856.519:WARNING:chrome\browser\performance_manager\policies\page_discarding_helper.cc:139] Discarding multiple pages with target (kb): 0, discard_protected_tabs: 0
[15124:15128:0607/055901.519:WARNING:chrome\browser\performance_manager\policies\page_discarding_helper.cc:139] Discarding multiple pages with target (kb): 0, discard_protected_tabs: 0
[15124:15128:0607/055906.540:WARNING:chrome\browser\performance_manager\policies\page_discarding_helper.cc:139] Discarding multiple pages with target (kb): 0, discard_protected_tabs: 0
[15124:15128:0607/055911.559:WARNING:chrome\browser\performance_manager\policies\page_discarding_helper.cc:139] Discarding multiple pages with target (kb): 0, discard_protected_tabs: 0
[15124:15128:0607/055916.560:WARNING:chrome\browser\performance_manager\policies\page_discarding_helper.cc:139] Discarding multiple pages with target (kb): 0, discard_protected_tabs: 0
[15124:15128:0607/055921.579:WARNING:chrome\browser\performance_manager\policies\page_discarding_helper.cc:139] Discarding multiple pages with target (kb): 0, discard_protected_tabs: 0
[15124:15128:0607/055926.580:WARNING:chrome\browser\performance_manager\policies\page_discarding_helper.cc:139] Discarding multiple pages with target (kb): 0, discard_protected_tabs: 0
[15124:15128:0607/055931.599:WARNING:chrome\browser\performance_manager\policies\page_discarding_helper.cc:139] Discarding multiple pages with target (kb): 0, discard_protected_tabs: 0
[15124:15128:0607/055936.619:WARNING:chrome\browser\performance_manager\policies\page_discarding_helper.cc:139] Discarding multiple pages with target (kb): 0, discard_protected_tabs: 0
[15124:15128:0607/055941.639:WARNING:chrome\browser\performance_manager\policies\page_discarding_helper.cc:139] Discarding multiple pages with target (kb): 0, discard_protected_tabs: 0
[15124:15128:0607/055946.640:WARNING:chrome\browser\performance_manager\policies\page_discarding_helper.cc:139] Discarding multiple pages with target (kb): 0, discard_protected_tabs: 0
[15124:15128:0607/055951.659:WARNING:chrome\browser\performance_manager\policies\page_discarding_helper.cc:139] Discarding multiple pages with target (kb): 0, discard_protected_tabs: 0
[15124:15128:0607/055956.679:WARNING:chrome\browser\performance_manager\policies\page_discarding_helper.cc:139] Discarding multiple pages with target (kb): 0, discard_protected_tabs: 0
[15124:15128:0607/060001.680:WARNING:chrome\browser\performance_manager\policies\page_discarding_helper.cc:139] Discarding multiple pages with target (kb): 0, discard_protected_tabs: 0
[15124:15128:0607/060006.699:WARNING:chrome\browser\performance_manager\policies\page_discarding_helper.cc:139] Discarding multiple pages with target (kb): 0, discard_protected_tabs: 0
[15124:15128:0607/060011.719:WARNING:chrome\browser\performance_manager\policies\page_discarding_helper.cc:139] Discarding multiple pages with target (kb): 0, discard_protected_tabs: 0
[15124:15128:0607/060016.739:WARNING:chrome\browser\performance_manager\policies\page_discarding_helper.cc:139] Discarding multiple pages with target (kb): 0, discard_protected_tabs: 0
[15124:15128:0607/060021.740:WARNING:chrome\browser\performance_manager\policies\page_discarding_helper.cc:139] Discarding multiple pages with target (kb): 0, discard_protected_tabs: 0
[15124:15128:0607/060026.759:WARNING:chrome\browser\performance_manager\policies\page_discarding_helper.cc:139] Discarding multiple pages with target (kb): 0, discard_protected_tabs: 0
[15124:15128:0607/060031.779:WARNING:chrome\browser\performance_manager\policies\page_discarding_helper.cc:139] Discarding multiple pages with target (kb): 0, discard_protected_tabs: 0
[15124:15128:0607/060036.780:WARNING:chrome\browser\performance_manager\policies\page_discarding_helper.cc:139] Discarding multiple pages with target (kb): 0, discard_protected_tabs: 0
[15124:15128:0607/060041.799:WARNING:chrome\browser\performance_manager\policies\page_discarding_helper.cc:139] Discarding multiple pages with target (kb): 0, discard_protected_tabs: 0
[15124:15128:0607/060046.819:WARNING:chrome\browser\performance_manager\policies\page_discarding_helper.cc:139] Discarding multiple pages with target (kb): 0, discard_protected_tabs: 0
[15124:15128:0607/060051.819:WARNING:chrome\browser\performance_manager\policies\page_discarding_helper.cc:139] Discarding multiple pages with target (kb): 0, discard_protected_tabs: 0
[15124:15128:0607/060056.840:WARNING:chrome\browser\performance_manager\policies\page_discarding_helper.cc:139] Discarding multiple pages with target (kb): 0, discard_protected_tabs: 0
[15124:15128:0607/060101.839:WARNING:chrome\browser\performance_manager\policies\page_discarding_helper.cc:139] Discarding multiple pages with target (kb): 0, discard_protected_tabs: 0
[15124:15128:0607/060106.840:WARNING:chrome\browser\performance_manager\policies\page_discarding_helper.cc:139] Discarding multiple pages with target (kb): 0, discard_protected_tabs: 0
[15124:15128:0607/060111.839:WARNING:chrome\browser\performance_manager\policies\page_discarding_helper.cc:139] Discarding multiple pages with target (kb): 0, discard_protected_tabs: 0
[15124:15128:0607/060116.860:WARNING:chrome\browser\performance_manager\policies\page_discarding_helper.cc:139] Discarding multiple pages with target (kb): 0, discard_protected_tabs: 0
[15124:15128:0607/060121.879:WARNING:chrome\browser\performance_manager\policies\page_discarding_helper.cc:139] Discarding multiple pages with target (kb): 0, discard_protected_tabs: 0
[15124:15128:0607/060126.879:WARNING:chrome\browser\performance_manager\policies\page_discarding_helper.cc:139] Discarding multiple pages with target (kb): 0, discard_protected_tabs: 0
[15124:15128:0607/060131.879:WARNING:chrome\browser\performance_manager\policies\page_discarding_helper.cc:139] Discarding multiple pages with target (kb): 0, discard_protected_tabs: 0
[15124:15128:0607/060136.899:WARNING:chrome\browser\performance_manager\policies\page_discarding_helper.cc:139] Discarding multiple pages with target (kb): 0, discard_protected_tabs: 0
[15124:15128:0607/060141.899:WARNING:chrome\browser\performance_manager\policies\page_discarding_helper.cc:139] Discarding multiple pages with target (kb): 0, discard_protected_tabs: 0
[15124:15128:0607/060146.919:WARNING:chrome\browser\performance_manager\policies\page_discarding_helper.cc:139] Discarding multiple pages with target (kb): 0, discard_protected_tabs: 0
[15124:15128:0607/060151.920:WARNING:chrome\browser\performance_manager\policies\page_discarding_helper.cc:139] Discarding multiple pages with target (kb): 0, discard_protected_tabs: 0
[15124:15128:0607/060156.939:WARNING:chrome\browser\performance_manager\policies\page_discarding_helper.cc:139] Discarding multiple pages with target (kb): 0, discard_protected_tabs: 0
[15124:15128:0607/060201.939:WARNING:chrome\browser\performance_manager\policies\page_discarding_helper.cc:139] Discarding multiple pages with target (kb): 0, discard_protected_tabs: 0
[15124:15128:0607/060206.959:WARNING:chrome\browser\performance_manager\policies\page_discarding_helper.cc:139] Discarding multiple pages with target (kb): 0, discard_protected_tabs: 0
[15124:15128:0607/060211.959:WARNING:chrome\browser\performance_manager\policies\page_discarding_helper.cc:139] Discarding multiple pages with target (kb): 0, discard_protected_tabs: 0
[15124:15128:0607/060216.979:WARNING:chrome\browser\performance_manager\policies\page_discarding_helper.cc:139] Discarding multiple pages with target (kb): 0, discard_protected_tabs: 0
[15124:15128:0607/060221.979:WARNING:chrome\browser\performance_manager\policies\page_discarding_helper.cc:139] Discarding multiple pages with target (kb): 0, discard_protected_tabs: 0
[15124:15128:0607/060226.979:WARNING:chrome\browser\performance_manager\policies\page_discarding_helper.cc:139] Discarding multiple pages with target (kb): 0, discard_protected_tabs: 0
[15124:15128:0607/060231.999:WARNING:chrome\browser\performance_manager\policies\page_discarding_helper.cc:139] Discarding multiple pages with target (kb): 0, discard_protected_tabs: 0
[15124:15128:0607/060237.019:WARNING:chrome\browser\performance_manager\policies\page_discarding_helper.cc:139] Discarding multiple pages with target (kb): 0, discard_protected_tabs: 0
[15124:15128:0607/060242.019:WARNING:chrome\browser\performance_manager\policies\page_discarding_helper.cc:139] Discarding multiple pages with target (kb): 0, discard_protected_tabs: 0
[15124:15128:0607/060247.039:WARNING:chrome\browser\performance_manager\policies\page_discarding_helper.cc:139] Discarding multiple pages with target (kb): 0, discard_protected_tabs: 0
[15124:15128:0607/060252.040:WARNING:chrome\browser\performance_manager\policies\page_discarding_helper.cc:139] Discarding multiple pages with target (kb): 0, discard_protected_tabs: 0
[15124:15128:0607/060257.059:WARNING:chrome\browser\performance_manager\policies\page_discarding_helper.cc:139] Discarding multiple pages with target (kb): 0, discard_protected_tabs: 0
[15124:15128:0607/060302.059:WARNING:chrome\browser\performance_manager\policies\page_discarding_helper.cc:139] Discarding multiple pages with target (kb): 0, discard_protected_tabs: 0
[15124:15128:0607/060307.079:WARNING:chrome\browser\performance_manager\policies\page_discarding_helper.cc:139] Discarding multiple pages with target (kb): 0, discard_protected_tabs: 0
[15124:15128:0607/060312.080:WARNING:chrome\browser\performance_manager\policies\page_discarding_helper.cc:139] Discarding multiple pages with target (kb): 0, discard_protected_tabs: 0
[15124:15128:0607/060317.099:WARNING:chrome\browser\performance_manager\policies\page_discarding_helper.cc:139] Discarding multiple pages with target (kb): 0, discard_protected_tabs: 0
[15124:15128:0607/060322.099:WARNING:chrome\browser\performance_manager\policies\page_discarding_helper.cc:139] Discarding multiple pages with target (kb): 0, discard_protected_tabs: 0
[15124:15128:0607/060327.100:WARNING:chrome\browser\performance_manager\policies\page_discarding_helper.cc:139] Discarding multiple pages with target (kb): 0, discard_protected_tabs: 0
[15124:15128:0607/060332.119:WARNING:chrome\browser\performance_manager\policies\page_discarding_helper.cc:139] Discarding multiple pages with target (kb): 0, discard_protected_tabs: 0
[15124:15128:0607/060337.120:WARNING:chrome\browser\performance_manager\policies\page_discarding_helper.cc:139] Discarding multiple pages with target (kb): 0, discard_protected_tabs: 0
[15124:15128:0607/060342.120:WARNING:chrome\browser\performance_manager\policies\page_discarding_helper.cc:139] Discarding multiple pages with target (kb): 0, discard_protected_tabs: 0
[15124:15128:0607/060347.139:WARNING:chrome\browser\performance_manager\policies\page_discarding_helper.cc:139] Discarding multiple pages with target (kb): 0, discard_protected_tabs: 0
[15124:15128:0607/060352.140:WARNING:chrome\browser\performance_manager\policies\page_discarding_helper.cc:139] Discarding multiple pages with target (kb): 0, discard_protected_tabs: 0
[15124:15128:0607/060357.159:WARNING:chrome\browser\performance_manager\policies\page_discarding_helper.cc:139] Discarding multiple pages with target (kb): 0, discard_protected_tabs: 0
[15124:15128:0607/060402.179:WARNING:chrome\browser\performance_manager\policies\page_discarding_helper.cc:139] Discarding multiple pages with target (kb): 0, discard_protected_tabs: 0
[15124:15128:0607/060407.180:WARNING:chrome\browser\performance_manager\policies\page_discarding_helper.cc:139] Discarding multiple pages with target (kb): 0, discard_protected_tabs: 0
[15124:15128:0607/060412.179:WARNING:chrome\browser\performance_manager\policies\page_discarding_helper.cc:139] Discarding multiple pages with target (kb): 0, discard_protected_tabs: 0
[15124:15128:0607/060417.199:WARNING:chrome\browser\performance_manager\policies\page_discarding_helper.cc:139] Discarding multiple pages with target (kb): 0, discard_protected_tabs: 0
[15124:15128:0607/060422.219:WARNING:chrome\browser\performance_manager\policies\page_discarding_helper.cc:139] Discarding multiple pages with target (kb): 0, discard_protected_tabs: 0
[15124:15128:0607/060427.239:WARNING:chrome\browser\performance_manager\policies\page_discarding_helper.cc:139] Discarding multiple pages with target (kb): 0, discard_protected_tabs: 0
[15124:15128:0607/060432.240:WARNING:chrome\browser\performance_manager\policies\page_discarding_helper.cc:139] Discarding multiple pages with target (kb): 0, discard_protected_tabs: 0
[15124:15128:0607/060437.259:WARNING:chrome\browser\performance_manager\policies\page_discarding_helper.cc:139] Discarding multiple pages with target (kb): 0, discard_protected_tabs: 0
[15124:15128:0607/060442.260:WARNING:chrome\browser\performance_manager\policies\page_discarding_helper.cc:139] Discarding multiple pages with target (kb): 0, discard_protected_tabs: 0
[15124:15128:0607/060447.279:WARNING:chrome\browser\performance_manager\policies\page_discarding_helper.cc:139] Discarding multiple pages with target (kb): 0, discard_protected_tabs: 0
[15124:15128:0607/060452.299:WARNING:chrome\browser\performance_manager\policies\page_discarding_helper.cc:139] Discarding multiple pages with target (kb): 0, discard_protected_tabs: 0
[15124:15128:0607/060457.319:WARNING:chrome\browser\performance_manager\policies\page_discarding_helper.cc:139] Discarding multiple pages with target (kb): 0, discard_protected_tabs: 0
[15124:15128:0607/060502.319:WARNING:chrome\browser\performance_manager\policies\page_discarding_helper.cc:139] Discarding multiple pages with target (kb): 0, discard_protected_tabs: 0
[15124:15128:0607/060507.320:WARNING:chrome\browser\performance_manager\policies\page_discarding_helper.cc:139] Discarding multiple pages with target (kb): 0, discard_protected_tabs: 0
[15124:15128:0607/060512.339:WARNING:chrome\browser\performance_manager\policies\page_discarding_helper.cc:139] Discarding multiple pages with target (kb): 0, discard_protected_tabs: 0
[15124:15128:0607/060517.339:WARNING:chrome\browser\performance_manager\policies\page_discarding_helper.cc:139] Discarding multiple pages with target (kb): 0, discard_protected_tabs: 0
[15124:15128:0607/060522.359:WARNING:chrome\browser\performance_manager\policies\page_discarding_helper.cc:139] Discarding multiple pages with target (kb): 0, discard_protected_tabs: 0
[15124:15128:0607/060527.359:WARNING:chrome\browser\performance_manager\policies\page_discarding_helper.cc:139] Discarding multiple pages with target (kb): 0, discard_protected_tabs: 0
[15124:15128:0607/060532.380:WARNING:chrome\browser\performance_manager\policies\page_discarding_helper.cc:139] Discarding multiple pages with target (kb): 0, discard_protected_tabs: 0
[15124:15128:0607/060537.399:WARNING:chrome\browser\performance_manager\policies\page_discarding_helper.cc:139] Discarding multiple pages with target (kb): 0, discard_protected_tabs: 0
[15124:15128:0607/060542.399:WARNING:chrome\browser\performance_manager\policies\page_discarding_helper.cc:139] Discarding multiple pages with target (kb): 0, discard_protected_tabs: 0
[15124:15128:0607/060547.419:WARNING:chrome\browser\performance_manager\policies\page_discarding_helper.cc:139] Discarding multiple pages with target (kb): 0, discard_protected_tabs: 0
[15124:15128:0607/060552.419:WARNING:chrome\browser\performance_manager\policies\page_discarding_helper.cc:139] Discarding multiple pages with target (kb): 0, discard_protected_tabs: 0
[15124:15128:0607/060557.439:WARNING:chrome\browser\performance_manager\policies\page_discarding_helper.cc:139] Discarding multiple pages with target (kb): 0, discard_protected_tabs: 0
[15124:15128:0607/060602.439:WARNING:chrome\browser\performance_manager\policies\page_discarding_helper.cc:139] Discarding multiple pages with target (kb): 0, discard_protected_tabs: 0
[15124:15128:0607/060607.459:WARNING:chrome\browser\performance_manager\policies\page_discarding_helper.cc:139] Discarding multiple pages with target (kb): 0, discard_protected_tabs: 0
[15124:15128:0607/060612.459:WARNING:chrome\browser\performance_manager\policies\page_discarding_helper.cc:139] Discarding multiple pages with target (kb): 0, discard_protected_tabs: 0
[15124:15128:0607/060617.479:WARNING:chrome\browser\performance_manager\policies\page_discarding_helper.cc:139] Discarding multiple pages with target (kb): 0, discard_protected_tabs: 0
[15124:15128:0607/060622.479:WARNING:chrome\browser\performance_manager\policies\page_discarding_helper.cc:139] Discarding multiple pages with target (kb): 0, discard_protected_tabs: 0
[15124:15128:0607/060627.480:WARNING:chrome\browser\performance_manager\policies\page_discarding_helper.cc:139] Discarding multiple pages with target (kb): 0, discard_protected_tabs: 0
[15124:15128:0607/060632.499:WARNING:chrome\browser\performance_manager\policies\page_discarding_helper.cc:139] Discarding multiple pages with target (kb): 0, discard_protected_tabs: 0
[15124:15128:0607/060637.519:WARNING:chrome\browser\performance_manager\policies\page_discarding_helper.cc:139] Discarding multiple pages with target (kb): 0, discard_protected_tabs: 0
[15124:15128:0607/060642.539:WARNING:chrome\browser\performance_manager\policies\page_discarding_helper.cc:139] Discarding multiple pages with target (kb): 0, discard_protected_tabs: 0
[15124:15128:0607/060647.539:WARNING:chrome\browser\performance_manager\policies\page_discarding_helper.cc:139] Discarding multiple pages with target (kb): 0, discard_protected_tabs: 0
[15124:15128:0607/060652.559:WARNING:chrome\browser\performance_manager\policies\page_discarding_helper.cc:139] Discarding multiple pages with target (kb): 0, discard_protected_tabs: 0
[15124:15128:0607/060657.579:WARNING:chrome\browser\performance_manager\policies\page_discarding_helper.cc:139] Discarding multiple pages with target (kb): 0, discard_protected_tabs: 0
[15124:15128:0607/060702.580:WARNING:chrome\browser\performance_manager\policies\page_discarding_helper.cc:139] Discarding multiple pages with target (kb): 0, discard_protected_tabs: 0
[15124:15128:0607/060707.599:WARNING:chrome\browser\performance_manager\policies\page_discarding_helper.cc:139] Discarding multiple pages with target (kb): 0, discard_protected_tabs: 0
[15124:15128:0607/060712.619:WARNING:chrome\browser\performance_manager\policies\page_discarding_helper.cc:139] Discarding multiple pages with target (kb): 0, discard_protected_tabs: 0
[15124:15128:0607/060717.619:WARNING:chrome\browser\performance_manager\policies\page_discarding_helper.cc:139] Discarding multiple pages with target (kb): 0, discard_protected_tabs: 0
[15124:15128:0607/060722.639:WARNING:chrome\browser\performance_manager\policies\page_discarding_helper.cc:139] Discarding multiple pages with target (kb): 0, discard_protected_tabs: 0
[15124:15128:0607/060727.639:WARNING:chrome\browser\performance_manager\policies\page_discarding_helper.cc:139] Discarding multiple pages with target (kb): 0, discard_protected_tabs: 0
[15124:15128:0607/060732.640:WARNING:chrome\browser\performance_manager\policies\page_discarding_helper.cc:139] Discarding multiple pages with target (kb): 0, discard_protected_tabs: 0
[15124:15128:0607/060737.659:WARNING:chrome\browser\performance_manager\policies\page_discarding_helper.cc:139] Discarding multiple pages with target (kb): 0, discard_protected_tabs: 0
[15124:15128:0607/060742.679:WARNING:chrome\browser\performance_manager\policies\page_discarding_helper.cc:139] Discarding multiple pages with target (kb): 0, discard_protected_tabs: 0
[15124:15128:0607/060747.680:WARNING:chrome\browser\performance_manager\policies\page_discarding_helper.cc:139] Discarding multiple pages with target (kb): 0, discard_protected_tabs: 0
[15124:15128:0607/060752.700:WARNING:chrome\browser\performance_manager\policies\page_discarding_helper.cc:139] Discarding multiple pages with target (kb): 0, discard_protected_tabs: 0
[15124:15128:0607/060757.719:WARNING:chrome\browser\performance_manager\policies\page_discarding_helper.cc:139] Discarding multiple pages with target (kb): 0, discard_protected_tabs: 0
[15124:15128:0607/060802.720:WARNING:chrome\browser\performance_manager\policies\page_discarding_helper.cc:139] Discarding multiple pages with target (kb): 0, discard_protected_tabs: 0
[15124:15128:0607/060807.739:WARNING:chrome\browser\performance_manager\policies\page_discarding_helper.cc:139] Discarding multiple pages with target (kb): 0, discard_protected_tabs: 0
[15124:15128:0607/060812.739:WARNING:chrome\browser\performance_manager\policies\page_discarding_helper.cc:139] Discarding multiple pages with target (kb): 0, discard_protected_tabs: 0
[15124:15128:0607/060817.759:WARNING:chrome\browser\performance_manager\policies\page_discarding_helper.cc:139] Discarding multiple pages with target (kb): 0, discard_protected_tabs: 0
[15124:15128:0607/060822.760:WARNING:chrome\browser\performance_manager\policies\page_discarding_helper.cc:139] Discarding multiple pages with target (kb): 0, discard_protected_tabs: 0
[15124:15128:0607/060827.779:WARNING:chrome\browser\performance_manager\policies\page_discarding_helper.cc:139] Discarding multiple pages with target (kb): 0, discard_protected_tabs: 0
[15124:15128:0607/060832.779:WARNING:chrome\browser\performance_manager\policies\page_discarding_helper.cc:139] Discarding multiple pages with target (kb): 0, discard_protected_tabs: 0
[15124:15128:0607/060837.780:WARNING:chrome\browser\performance_manager\policies\page_discarding_helper.cc:139] Discarding multiple pages with target (kb): 0, discard_protected_tabs: 0
[15124:15128:0607/060842.800:WARNING:chrome\browser\performance_manager\policies\page_discarding_helper.cc:139] Discarding multiple pages with target (kb): 0, discard_protected_tabs: 0
[15124:15128:0607/060847.819:WARNING:chrome\browser\performance_manager\policies\page_discarding_helper.cc:139] Discarding multiple pages with target (kb): 0, discard_protected_tabs: 0
[15124:15128:0607/060852.840:WARNING:chrome\browser\performance_manager\policies\page_discarding_helper.cc:139] Discarding multiple pages with target (kb): 0, discard_protected_tabs: 0
[15124:15128:0607/060857.859:WARNING:chrome\browser\performance_manager\policies\page_discarding_helper.cc:139] Discarding multiple pages with target (kb): 0, discard_protected_tabs: 0
[15124:15128:0607/060902.859:WARNING:chrome\browser\performance_manager\policies\page_discarding_helper.cc:139] Discarding multiple pages with target (kb): 0, discard_protected_tabs: 0
[15124:15128:0607/060907.879:WARNING:chrome\browser\performance_manager\policies\page_discarding_helper.cc:139] Discarding multiple pages with target (kb): 0, discard_protected_tabs: 0
[15124:15128:0607/060912.879:WARNING:chrome\browser\performance_manager\policies\page_discarding_helper.cc:139] Discarding multiple pages with target (kb): 0, discard_protected_tabs: 0
[15124:15128:0607/060917.899:WARNING:chrome\browser\performance_manager\policies\page_discarding_helper.cc:139] Discarding multiple pages with target (kb): 0, discard_protected_tabs: 0
[15124:15128:0607/060922.919:WARNING:chrome\browser\performance_manager\policies\page_discarding_helper.cc:139] Discarding multiple pages with target (kb): 0, discard_protected_tabs: 0
[15124:15128:0607/060927.919:WARNING:chrome\browser\performance_manager\policies\page_discarding_helper.cc:139] Discarding multiple pages with target (kb): 0, discard_protected_tabs: 0
[15124:15128:0607/060932.939:WARNING:chrome\browser\performance_manager\policies\page_discarding_helper.cc:139] Discarding multiple pages with target (kb): 0, discard_protected_tabs: 0
[15124:15128:0607/060937.940:WARNING:chrome\browser\performance_manager\policies\page_discarding_helper.cc:139] Discarding multiple pages with target (kb): 0, discard_protected_tabs: 0
[15124:15128:0607/060942.959:WARNING:chrome\browser\performance_manager\policies\page_discarding_helper.cc:139] Discarding multiple pages with target (kb): 0, discard_protected_tabs: 0
[15124:15128:0607/060947.979:WARNING:chrome\browser\performance_manager\policies\page_discarding_helper.cc:139] Discarding multiple pages with target (kb): 0, discard_protected_tabs: 0
[15124:15128:0607/060952.980:WARNING:chrome\browser\performance_manager\policies\page_discarding_helper.cc:139] Discarding multiple pages with target (kb): 0, discard_protected_tabs: 0
[15124:15128:0607/060957.999:WARNING:chrome\browser\performance_manager\policies\page_discarding_helper.cc:139] Discarding multiple pages with target (kb): 0, discard_protected_tabs: 0
[15124:15128:0607/061003.000:WARNING:chrome\browser\performance_manager\policies\page_discarding_helper.cc:139] Discarding multiple pages with target (kb): 0, discard_protected_tabs: 0
[15124:15128:0607/061007.999:WARNING:chrome\browser\performance_manager\policies\page_discarding_helper.cc:139] Discarding multiple pages with target (kb): 0, discard_protected_tabs: 0
[15124:15128:0607/061013.019:WARNING:chrome\browser\performance_manager\policies\page_discarding_helper.cc:139] Discarding multiple pages with target (kb): 0, discard_protected_tabs: 0
[15124:15128:0607/061018.020:WARNING:chrome\browser\performance_manager\policies\page_discarding_helper.cc:139] Discarding multiple pages with target (kb): 0, discard_protected_tabs: 0
[15124:15128:0607/061023.040:WARNING:chrome\browser\performance_manager\policies\page_discarding_helper.cc:139] Discarding multiple pages with target (kb): 0, discard_protected_tabs: 0
[15124:15128:0607/061028.060:WARNING:chrome\browser\performance_manager\policies\page_discarding_helper.cc:139] Discarding multiple pages with target (kb): 0, discard_protected_tabs: 0
[15124:15128:0607/061033.079:WARNING:chrome\browser\performance_manager\policies\page_discarding_helper.cc:139] Discarding multiple pages with target (kb): 0, discard_protected_tabs: 0
[15124:15128:0607/061038.079:WARNING:chrome\browser\performance_manager\policies\page_discarding_helper.cc:139] Discarding multiple pages with target (kb): 0, discard_protected_tabs: 0
[15124:15128:0607/061043.099:WARNING:chrome\browser\performance_manager\policies\page_discarding_helper.cc:139] Discarding multiple pages with target (kb): 0, discard_protected_tabs: 0
[15124:15128:0607/061048.099:WARNING:chrome\browser\performance_manager\policies\page_discarding_helper.cc:139] Discarding multiple pages with target (kb): 0, discard_protected_tabs: 0
[15124:15128:0607/061053.120:WARNING:chrome\browser\performance_manager\policies\page_discarding_helper.cc:139] Discarding multiple pages with target (kb): 0, discard_protected_tabs: 0
[15124:15128:0607/061058.120:WARNING:chrome\browser\performance_manager\policies\page_discarding_helper.cc:139] Discarding multiple pages with target (kb): 0, discard_protected_tabs: 0
[15124:15128:0607/061103.120:WARNING:chrome\browser\performance_manager\policies\page_discarding_helper.cc:139] Discarding multiple pages with target (kb): 0, discard_protected_tabs: 0
[15124:15128:0607/061108.139:WARNING:chrome\browser\performance_manager\policies\page_discarding_helper.cc:139] Discarding multiple pages with target (kb): 0, discard_protected_tabs: 0
[15124:15128:0607/061113.140:WARNING:chrome\browser\performance_manager\policies\page_discarding_helper.cc:139] Discarding multiple pages with target (kb): 0, discard_protected_tabs: 0
[15124:15128:0607/061118.159:WARNING:chrome\browser\performance_manager\policies\page_discarding_helper.cc:139] Discarding multiple pages with target (kb): 0, discard_protected_tabs: 0
[15124:15128:0607/061123.179:WARNING:chrome\browser\performance_manager\policies\page_discarding_helper.cc:139] Discarding multiple pages with target (kb): 0, discard_protected_tabs: 0
[15124:15128:0607/061128.199:WARNING:chrome\browser\performance_manager\policies\page_discarding_helper.cc:139] Discarding multiple pages with target (kb): 0, discard_protected_tabs: 0
[15124:15128:0607/061133.200:WARNING:chrome\browser\performance_manager\policies\page_discarding_helper.cc:139] Discarding multiple pages with target (kb): 0, discard_protected_tabs: 0
[15124:15128:0607/061138.220:WARNING:chrome\browser\performance_manager\policies\page_discarding_helper.cc:139] Discarding multiple pages with target (kb): 0, discard_protected_tabs: 0
[15124:15128:0607/061143.239:WARNING:chrome\browser\performance_manager\policies\page_discarding_helper.cc:139] Discarding multiple pages with target (kb): 0, discard_protected_tabs: 0
[15124:15128:0607/061148.259:WARNING:chrome\browser\performance_manager\policies\page_discarding_helper.cc:139] Discarding multiple pages with target (kb): 0, discard_protected_tabs: 0
[15124:15128:0607/061153.259:WARNING:chrome\browser\performance_manager\policies\page_discarding_helper.cc:139] Discarding multiple pages with target (kb): 0, discard_protected_tabs: 0
[15124:15128:0607/061158.279:WARNING:chrome\browser\performance_manager\policies\page_discarding_helper.cc:139] Discarding multiple pages with target (kb): 0, discard_protected_tabs: 0
[15124:15128:0607/061203.279:WARNING:chrome\browser\performance_manager\policies\page_discarding_helper.cc:139] Discarding multiple pages with target (kb): 0, discard_protected_tabs: 0
[15124:15128:0607/061208.299:WARNING:chrome\browser\performance_manager\policies\page_discarding_helper.cc:139] Discarding multiple pages with target (kb): 0, discard_protected_tabs: 0
[15124:15128:0607/061213.319:WARNING:chrome\browser\performance_manager\policies\page_discarding_helper.cc:139] Discarding multiple pages with target (kb): 0, discard_protected_tabs: 0
[15124:15128:0607/061218.320:WARNING:chrome\browser\performance_manager\policies\page_discarding_helper.cc:139] Discarding multiple pages with target (kb): 0, discard_protected_tabs: 0
[15124:15128:0607/061223.339:WARNING:chrome\browser\performance_manager\policies\page_discarding_helper.cc:139] Discarding multiple pages with target (kb): 0, discard_protected_tabs: 0
[15124:15128:0607/061228.359:WARNING:chrome\browser\performance_manager\policies\page_discarding_helper.cc:139] Discarding multiple pages with target (kb): 0, discard_protected_tabs: 0
[15124:15128:0607/061233.359:WARNING:chrome\browser\performance_manager\policies\page_discarding_helper.cc:139] Discarding multiple pages with target (kb): 0, discard_protected_tabs: 0
[15124:15128:0607/061238.379:WARNING:chrome\browser\performance_manager\policies\page_discarding_helper.cc:139] Discarding multiple pages with target (kb): 0, discard_protected_tabs: 0
[15124:15128:0607/061243.380:WARNING:chrome\browser\performance_manager\policies\page_discarding_helper.cc:139] Discarding multiple pages with target (kb): 0, discard_protected_tabs: 0
[15124:15128:0607/061248.380:WARNING:chrome\browser\performance_manager\policies\page_discarding_helper.cc:139] Discarding multiple pages with target (kb): 0, discard_protected_tabs: 0
[15124:15128:0607/061253.399:WARNING:chrome\browser\performance_manager\policies\page_discarding_helper.cc:139] Discarding multiple pages with target (kb): 0, discard_protected_tabs: 0
[15124:15128:0607/061258.419:WARNING:chrome\browser\performance_manager\policies\page_discarding_helper.cc:139] Discarding multiple pages with target (kb): 0, discard_protected_tabs: 0
[15124:15128:0607/061303.439:WARNING:chrome\browser\performance_manager\policies\page_discarding_helper.cc:139] Discarding multiple pages with target (kb): 0, discard_protected_tabs: 0
[15124:15128:0607/061308.440:WARNING:chrome\browser\performance_manager\policies\page_discarding_helper.cc:139] Discarding multiple pages with target (kb): 0, discard_protected_tabs: 0
[15124:15128:0607/061313.460:WARNING:chrome\browser\performance_manager\policies\page_discarding_helper.cc:139] Discarding multiple pages with target (kb): 0, discard_protected_tabs: 0
[15124:15128:0607/061318.479:WARNING:chrome\browser\performance_manager\policies\page_discarding_helper.cc:139] Discarding multiple pages with target (kb): 0, discard_protected_tabs: 0
[15124:15128:0607/061323.480:WARNING:chrome\browser\performance_manager\policies\page_discarding_helper.cc:139] Discarding multiple pages with target (kb): 0, discard_protected_tabs: 0
[15124:15128:0607/061328.480:WARNING:chrome\browser\performance_manager\policies\page_discarding_helper.cc:139] Discarding multiple pages with target (kb): 0, discard_protected_tabs: 0
[15124:15128:0607/061333.500:WARNING:chrome\browser\performance_manager\policies\page_discarding_helper.cc:139] Discarding multiple pages with target (kb): 0, discard_protected_tabs: 0
[15124:15128:0607/061338.519:WARNING:chrome\browser\performance_manager\policies\page_discarding_helper.cc:139] Discarding multiple pages with target (kb): 0, discard_protected_tabs: 0
[15124:15128:0607/061343.540:WARNING:chrome\browser\performance_manager\policies\page_discarding_helper.cc:139] Discarding multiple pages with target (kb): 0, discard_protected_tabs: 0
[15124:15128:0607/061348.559:WARNING:chrome\browser\performance_manager\policies\page_discarding_helper.cc:139] Discarding multiple pages with target (kb): 0, discard_protected_tabs: 0
[15124:15128:0607/061353.559:WARNING:chrome\browser\performance_manager\policies\page_discarding_helper.cc:139] Discarding multiple pages with target (kb): 0, discard_protected_tabs: 0
[15124:15128:0607/061358.560:WARNING:chrome\browser\performance_manager\policies\page_discarding_helper.cc:139] Discarding multiple pages with target (kb): 0, discard_protected_tabs: 0
[15124:15128:0607/061403.580:WARNING:chrome\browser\performance_manager\policies\page_discarding_helper.cc:139] Discarding multiple pages with target (kb): 0, discard_protected_tabs: 0
[15124:15128:0607/061408.599:WARNING:chrome\browser\performance_manager\policies\page_discarding_helper.cc:139] Discarding multiple pages with target (kb): 0, discard_protected_tabs: 0
[15124:15128:0607/061413.619:WARNING:chrome\browser\performance_manager\policies\page_discarding_helper.cc:139] Discarding multiple pages with target (kb): 0, discard_protected_tabs: 0
[15124:15128:0607/061418.619:WARNING:chrome\browser\performance_manager\policies\page_discarding_helper.cc:139] Discarding multiple pages with target (kb): 0, discard_protected_tabs: 0
[15124:15128:0607/061423.639:WARNING:chrome\browser\performance_manager\policies\page_discarding_helper.cc:139] Discarding multiple pages with target (kb): 0, discard_protected_tabs: 0
[15124:15128:0607/061428.659:WARNING:chrome\browser\performance_manager\policies\page_discarding_helper.cc:139] Discarding multiple pages with target (kb): 0, discard_protected_tabs: 0
[15124:15128:0607/061433.679:WARNING:chrome\browser\performance_manager\policies\page_discarding_helper.cc:139] Discarding multiple pages with target (kb): 0, discard_protected_tabs: 0
[15124:15128:0607/061438.679:WARNING:chrome\browser\performance_manager\policies\page_discarding_helper.cc:139] Discarding multiple pages with target (kb): 0, discard_protected_tabs: 0
[15124:15128:0607/061443.699:WARNING:chrome\browser\performance_manager\policies\page_discarding_helper.cc:139] Discarding multiple pages with target (kb): 0, discard_protected_tabs: 0
[15124:15128:0607/061448.699:WARNING:chrome\browser\performance_manager\policies\page_discarding_helper.cc:139] Discarding multiple pages with target (kb): 0, discard_protected_tabs: 0
[15124:15128:0607/061453.699:WARNING:chrome\browser\performance_manager\policies\page_discarding_helper.cc:139] Discarding multiple pages with target (kb): 0, discard_protected_tabs: 0
[15124:15128:0607/061458.719:WARNING:chrome\browser\performance_manager\policies\page_discarding_helper.cc:139] Discarding multiple pages with target (kb): 0, discard_protected_tabs: 0
[15124:15128:0607/061503.739:WARNING:chrome\browser\performance_manager\policies\page_discarding_helper.cc:139] Discarding multiple pages with target (kb): 0, discard_protected_tabs: 0
[15124:15128:0607/061508.739:WARNING:chrome\browser\performance_manager\policies\page_discarding_helper.cc:139] Discarding multiple pages with target (kb): 0, discard_protected_tabs: 0
[15124:15128:0607/061513.759:WARNING:chrome\browser\performance_manager\policies\page_discarding_helper.cc:139] Discarding multiple pages with target (kb): 0, discard_protected_tabs: 0
[15124:15128:0607/061518.759:WARNING:chrome\browser\performance_manager\policies\page_discarding_helper.cc:139] Discarding multiple pages with target (kb): 0, discard_protected_tabs: 0
[15124:15128:0607/061523.760:WARNING:chrome\browser\performance_manager\policies\page_discarding_helper.cc:139] Discarding multiple pages with target (kb): 0, discard_protected_tabs: 0
[15124:15128:0607/061528.780:WARNING:chrome\browser\performance_manager\policies\page_discarding_helper.cc:139] Discarding multiple pages with target (kb): 0, discard_protected_tabs: 0
[15124:15128:0607/061533.800:WARNING:chrome\browser\performance_manager\policies\page_discarding_helper.cc:139] Discarding multiple pages with target (kb): 0, discard_protected_tabs: 0
[15124:15128:0607/061538.819:WARNING:chrome\browser\performance_manager\policies\page_discarding_helper.cc:139] Discarding multiple pages with target (kb): 0, discard_protected_tabs: 0
[15124:15128:0607/061543.839:WARNING:chrome\browser\performance_manager\policies\page_discarding_helper.cc:139] Discarding multiple pages with target (kb): 0, discard_protected_tabs: 0
[15124:15128:0607/061548.859:WARNING:chrome\browser\performance_manager\policies\page_discarding_helper.cc:139] Discarding multiple pages with target (kb): 0, discard_protected_tabs: 0
[15124:15128:0607/061553.879:WARNING:chrome\browser\performance_manager\policies\page_discarding_helper.cc:139] Discarding multiple pages with target (kb): 0, discard_protected_tabs: 0
[15124:15128:0607/061558.879:WARNING:chrome\browser\performance_manager\policies\page_discarding_helper.cc:139] Discarding multiple pages with target (kb): 0, discard_protected_tabs: 0
[15124:15128:0607/061603.880:WARNING:chrome\browser\performance_manager\policies\page_discarding_helper.cc:139] Discarding multiple pages with target (kb): 0, discard_protected_tabs: 0
[15124:15128:0607/061608.899:WARNING:chrome\browser\performance_manager\policies\page_discarding_helper.cc:139] Discarding multiple pages with target (kb): 0, discard_protected_tabs: 0
[15124:15128:0607/061613.919:WARNING:chrome\browser\performance_manager\policies\page_discarding_helper.cc:139] Discarding multiple pages with target (kb): 0, discard_protected_tabs: 0
[15124:15128:0607/061618.920:WARNING:chrome\browser\performance_manager\policies\page_discarding_helper.cc:139] Discarding multiple pages with target (kb): 0, discard_protected_tabs: 0
[15124:15128:0607/061623.920:WARNING:chrome\browser\performance_manager\policies\page_discarding_helper.cc:139] Discarding multiple pages with target (kb): 0, discard_protected_tabs: 0
[15124:15128:0607/061628.939:WARNING:chrome\browser\performance_manager\policies\page_discarding_helper.cc:139] Discarding multiple pages with target (kb): 0, discard_protected_tabs: 0
[15124:15128:0607/061633.959:WARNING:chrome\browser\performance_manager\policies\page_discarding_helper.cc:139] Discarding multiple pages with target (kb): 0, discard_protected_tabs: 0
[15124:15128:0607/061638.959:WARNING:chrome\browser\performance_manager\policies\page_discarding_helper.cc:139] Discarding multiple pages with target (kb): 0, discard_protected_tabs: 0
[15124:15128:0607/061643.979:WARNING:chrome\browser\performance_manager\policies\page_discarding_helper.cc:139] Discarding multiple pages with target (kb): 0, discard_protected_tabs: 0
[15124:15128:0607/061648.980:WARNING:chrome\browser\performance_manager\policies\page_discarding_helper.cc:139] Discarding multiple pages with target (kb): 0, discard_protected_tabs: 0
[15124:15128:0607/061653.980:WARNING:chrome\browser\performance_manager\policies\page_discarding_helper.cc:139] Discarding multiple pages with target (kb): 0, discard_protected_tabs: 0
[15124:15128:0607/061658.980:WARNING:chrome\browser\performance_manager\policies\page_discarding_helper.cc:139] Discarding multiple pages with target (kb): 0, discard_protected_tabs: 0
[15124:15128:0607/061703.999:WARNING:chrome\browser\performance_manager\policies\page_discarding_helper.cc:139] Discarding multiple pages with target (kb): 0, discard_protected_tabs: 0
[15124:15128:0607/061709.019:WARNING:chrome\browser\performance_manager\policies\page_discarding_helper.cc:139] Discarding multiple pages with target (kb): 0, discard_protected_tabs: 0
[15124:15128:0607/061714.019:WARNING:chrome\browser\performance_manager\policies\page_discarding_helper.cc:139] Discarding multiple pages with target (kb): 0, discard_protected_tabs: 0
[15124:15128:0607/061719.020:WARNING:chrome\browser\performance_manager\policies\page_discarding_helper.cc:139] Discarding multiple pages with target (kb): 0, discard_protected_tabs: 0
[15124:15128:0607/061724.040:WARNING:chrome\browser\performance_manager\policies\page_discarding_helper.cc:139] Discarding multiple pages with target (kb): 0, discard_protected_tabs: 0
[15124:15128:0607/061729.059:WARNING:chrome\browser\performance_manager\policies\page_discarding_helper.cc:139] Discarding multiple pages with target (kb): 0, discard_protected_tabs: 0
[15124:15128:0607/061734.060:WARNING:chrome\browser\performance_manager\policies\page_discarding_helper.cc:139] Discarding multiple pages with target (kb): 0, discard_protected_tabs: 0
[15124:15128:0607/061739.079:WARNING:chrome\browser\performance_manager\policies\page_discarding_helper.cc:139] Discarding multiple pages with target (kb): 0, discard_protected_tabs: 0
[15124:15128:0607/061744.080:WARNING:chrome\browser\performance_manager\policies\page_discarding_helper.cc:139] Discarding multiple pages with target (kb): 0, discard_protected_tabs: 0
[15124:15128:0607/061749.099:WARNING:chrome\browser\performance_manager\policies\page_discarding_helper.cc:139] Discarding multiple pages with target (kb): 0, discard_protected_tabs: 0
[15124:15128:0607/061754.119:WARNING:chrome\browser\performance_manager\policies\page_discarding_helper.cc:139] Discarding multiple pages with target (kb): 0, discard_protected_tabs: 0
[15124:15128:0607/061759.139:WARNING:chrome\browser\performance_manager\policies\page_discarding_helper.cc:139] Discarding multiple pages with target (kb): 0, discard_protected_tabs: 0
[15124:15128:0607/061804.140:WARNING:chrome\browser\performance_manager\policies\page_discarding_helper.cc:139] Discarding multiple pages with target (kb): 0, discard_protected_tabs: 0
[15124:15128:0607/061809.159:WARNING:chrome\browser\performance_manager\policies\page_discarding_helper.cc:139] Discarding multiple pages with target (kb): 0, discard_protected_tabs: 0
[15124:15128:0607/061814.179:WARNING:chrome\browser\performance_manager\policies\page_discarding_helper.cc:139] Discarding multiple pages with target (kb): 0, discard_protected_tabs: 0
[15124:15128:0607/061819.179:WARNING:chrome\browser\performance_manager\policies\page_discarding_helper.cc:139] Discarding multiple pages with target (kb): 0, discard_protected_tabs: 0
[15124:15128:0607/061824.199:WARNING:chrome\browser\performance_manager\policies\page_discarding_helper.cc:139] Discarding multiple pages with target (kb): 0, discard_protected_tabs: 0
[15124:15128:0607/061829.200:WARNING:chrome\browser\performance_manager\policies\page_discarding_helper.cc:139] Discarding multiple pages with target (kb): 0, discard_protected_tabs: 0
[15124:15128:0607/061834.220:WARNING:chrome\browser\performance_manager\policies\page_discarding_helper.cc:139] Discarding multiple pages with target (kb): 0, discard_protected_tabs: 0
[15124:15128:0607/061839.239:WARNING:chrome\browser\performance_manager\policies\page_discarding_helper.cc:139] Discarding multiple pages with target (kb): 0, discard_protected_tabs: 0
[15124:15128:0607/061844.259:WARNING:chrome\browser\performance_manager\policies\page_discarding_helper.cc:139] Discarding multiple pages with target (kb): 0, discard_protected_tabs: 0
[15124:15128:0607/061849.259:WARNING:chrome\browser\performance_manager\policies\page_discarding_helper.cc:139] Discarding multiple pages with target (kb): 0, discard_protected_tabs: 0
[15124:15128:0607/061854.260:WARNING:chrome\browser\performance_manager\policies\page_discarding_helper.cc:139] Discarding multiple pages with target (kb): 0, discard_protected_tabs: 0
[15124:15128:0607/061859.280:WARNING:chrome\browser\performance_manager\policies\page_discarding_helper.cc:139] Discarding multiple pages with target (kb): 0, discard_protected_tabs: 0
[15124:15128:0607/061904.299:WARNING:chrome\browser\performance_manager\policies\page_discarding_helper.cc:139] Discarding multiple pages with target (kb): 0, discard_protected_tabs: 0
[15124:15128:0607/061909.319:WARNING:chrome\browser\performance_manager\policies\page_discarding_helper.cc:139] Discarding multiple pages with target (kb): 0, discard_protected_tabs: 0
[15124:15128:0607/061914.319:WARNING:chrome\browser\performance_manager\policies\page_discarding_helper.cc:139] Discarding multiple pages with target (kb): 0, discard_protected_tabs: 0
[15124:15128:0607/061919.340:WARNING:chrome\browser\performance_manager\policies\page_discarding_helper.cc:139] Discarding multiple pages with target (kb): 0, discard_protected_tabs: 0
[15124:15128:0607/061924.359:WARNING:chrome\browser\performance_manager\policies\page_discarding_helper.cc:139] Discarding multiple pages with target (kb): 0, discard_protected_tabs: 0
[15124:15128:0607/061929.360:WARNING:chrome\browser\performance_manager\policies\page_discarding_helper.cc:139] Discarding multiple pages with target (kb): 0, discard_protected_tabs: 0
[15124:15128:0607/061934.379:WARNING:chrome\browser\performance_manager\policies\page_discarding_helper.cc:139] Discarding multiple pages with target (kb): 0, discard_protected_tabs: 0
[15124:15128:0607/061939.379:WARNING:chrome\browser\performance_manager\policies\page_discarding_helper.cc:139] Discarding multiple pages with target (kb): 0, discard_protected_tabs: 0
[15124:15128:0607/061944.399:WARNING:chrome\browser\performance_manager\policies\page_discarding_helper.cc:139] Discarding multiple pages with target (kb): 0, discard_protected_tabs: 0
[15124:15128:0607/061949.400:WARNING:chrome\browser\performance_manager\policies\page_discarding_helper.cc:139] Discarding multiple pages with target (kb): 0, discard_protected_tabs: 0
[15124:15128:0607/061954.419:WARNING:chrome\browser\performance_manager\policies\page_discarding_helper.cc:139] Discarding multiple pages with target (kb): 0, discard_protected_tabs: 0
[15124:15128:0607/061959.420:WARNING:chrome\browser\performance_manager\policies\page_discarding_helper.cc:139] Discarding multiple pages with target (kb): 0, discard_protected_tabs: 0
[15124:15128:0607/062004.439:WARNING:chrome\browser\performance_manager\policies\page_discarding_helper.cc:139] Discarding multiple pages with target (kb): 0, discard_protected_tabs: 0
[15124:15128:0607/062009.459:WARNING:chrome\browser\performance_manager\policies\page_discarding_helper.cc:139] Discarding multiple pages with target (kb): 0, discard_protected_tabs: 0
[15124:15128:0607/062014.459:WARNING:chrome\browser\performance_manager\policies\page_discarding_helper.cc:139] Discarding multiple pages with target (kb): 0, discard_protected_tabs: 0
[15124:15128:0607/062019.479:WARNING:chrome\browser\performance_manager\policies\page_discarding_helper.cc:139] Discarding multiple pages with target (kb): 0, discard_protected_tabs: 0
[15124:15128:0607/062024.499:WARNING:chrome\browser\performance_manager\policies\page_discarding_helper.cc:139] Discarding multiple pages with target (kb): 0, discard_protected_tabs: 0
[15124:15128:0607/062029.519:WARNING:chrome\browser\performance_manager\policies\page_discarding_helper.cc:139] Discarding multiple pages with target (kb): 0, discard_protected_tabs: 0
[15124:15128:0607/062034.519:WARNING:chrome\browser\performance_manager\policies\page_discarding_helper.cc:139] Discarding multiple pages with target (kb): 0, discard_protected_tabs: 0
[15124:15128:0607/062039.539:WARNING:chrome\browser\performance_manager\policies\page_discarding_helper.cc:139] Discarding multiple pages with target (kb): 0, discard_protected_tabs: 0
[15124:15128:0607/062044.540:WARNING:chrome\browser\performance_manager\policies\page_discarding_helper.cc:139] Discarding multiple pages with target (kb): 0, discard_protected_tabs: 0
[15124:15128:0607/062049.559:WARNING:chrome\browser\performance_manager\policies\page_discarding_helper.cc:139] Discarding multiple pages with target (kb): 0, discard_protected_tabs: 0
[15124:15128:0607/062054.560:WARNING:chrome\browser\performance_manager\policies\page_discarding_helper.cc:139] Discarding multiple pages with target (kb): 0, discard_protected_tabs: 0
[15124:15128:0607/062059.579:WARNING:chrome\browser\performance_manager\policies\page_discarding_helper.cc:139] Discarding multiple pages with target (kb): 0, discard_protected_tabs: 0
[15124:15128:0607/062104.579:WARNING:chrome\browser\performance_manager\policies\page_discarding_helper.cc:139] Discarding multiple pages with target (kb): 0, discard_protected_tabs: 0
[15124:15128:0607/062109.580:WARNING:chrome\browser\performance_manager\policies\page_discarding_helper.cc:139] Discarding multiple pages with target (kb): 0, discard_protected_tabs: 0
[15124:15128:0607/062114.599:WARNING:chrome\browser\performance_manager\policies\page_discarding_helper.cc:139] Discarding multiple pages with target (kb): 0, discard_protected_tabs: 0
[15124:15128:0607/062119.619:WARNING:chrome\browser\performance_manager\policies\page_discarding_helper.cc:139] Discarding multiple pages with target (kb): 0, discard_protected_tabs: 0
[15124:15128:0607/062124.619:WARNING:chrome\browser\performance_manager\policies\page_discarding_helper.cc:139] Discarding multiple pages with target (kb): 0, discard_protected_tabs: 0
[15124:15128:0607/062129.639:WARNING:chrome\browser\performance_manager\policies\page_discarding_helper.cc:139] Discarding multiple pages with target (kb): 0, discard_protected_tabs: 0
[15124:15128:0607/062134.640:WARNING:chrome\browser\performance_manager\policies\page_discarding_helper.cc:139] Discarding multiple pages with target (kb): 0, discard_protected_tabs: 0
[15124:15128:0607/062139.640:WARNING:chrome\browser\performance_manager\policies\page_discarding_helper.cc:139] Discarding multiple pages with target (kb): 0, discard_protected_tabs: 0
[15124:15128:0607/062144.659:WARNING:chrome\browser\performance_manager\policies\page_discarding_helper.cc:139] Discarding multiple pages with target (kb): 0, discard_protected_tabs: 0
[15124:15128:0607/062149.679:WARNING:chrome\browser\performance_manager\policies\page_discarding_helper.cc:139] Discarding multiple pages with target (kb): 0, discard_protected_tabs: 0
[15124:15128:0607/062154.699:WARNING:chrome\browser\performance_manager\policies\page_discarding_helper.cc:139] Discarding multiple pages with target (kb): 0, discard_protected_tabs: 0
[15124:15128:0607/062159.719:WARNING:chrome\browser\performance_manager\policies\page_discarding_helper.cc:139] Discarding multiple pages with target (kb): 0, discard_protected_tabs: 0
[15124:15128:0607/062204.720:WARNING:chrome\browser\performance_manager\policies\page_discarding_helper.cc:139] Discarding multiple pages with target (kb): 0, discard_protected_tabs: 0
[15124:15128:0607/062209.740:WARNING:chrome\browser\performance_manager\policies\page_discarding_helper.cc:139] Discarding multiple pages with target (kb): 0, discard_protected_tabs: 0
[15124:15128:0607/062214.760:WARNING:chrome\browser\performance_manager\policies\page_discarding_helper.cc:139] Discarding multiple pages with target (kb): 0, discard_protected_tabs: 0
[15124:15128:0607/062219.779:WARNING:chrome\browser\performance_manager\policies\page_discarding_helper.cc:139] Discarding multiple pages with target (kb): 0, discard_protected_tabs: 0
[15124:15128:0607/062224.780:WARNING:chrome\browser\performance_manager\policies\page_discarding_helper.cc:139] Discarding multiple pages with target (kb): 0, discard_protected_tabs: 0
[15124:15128:0607/062229.799:WARNING:chrome\browser\performance_manager\policies\page_discarding_helper.cc:139] Discarding multiple pages with target (kb): 0, discard_protected_tabs: 0
[15124:15128:0607/062234.799:WARNING:chrome\browser\performance_manager\policies\page_discarding_helper.cc:139] Discarding multiple pages with target (kb): 0, discard_protected_tabs: 0
[15124:15128:0607/062239.819:WARNING:chrome\browser\performance_manager\policies\page_discarding_helper.cc:139] Discarding multiple pages with target (kb): 0, discard_protected_tabs: 0
[15124:15128:0607/062244.819:WARNING:chrome\browser\performance_manager\policies\page_discarding_helper.cc:139] Discarding multiple pages with target (kb): 0, discard_protected_tabs: 0
[15124:15128:0607/062249.839:WARNING:chrome\browser\performance_manager\policies\page_discarding_helper.cc:139] Discarding multiple pages with target (kb): 0, discard_protected_tabs: 0
[15124:15128:0607/062254.839:WARNING:chrome\browser\performance_manager\policies\page_discarding_helper.cc:139] Discarding multiple pages with target (kb): 0, discard_protected_tabs: 0
[15124:15128:0607/062259.840:WARNING:chrome\browser\performance_manager\policies\page_discarding_helper.cc:139] Discarding multiple pages with target (kb): 0, discard_protected_tabs: 0
[15124:15128:0607/062304.859:WARNING:chrome\browser\performance_manager\policies\page_discarding_helper.cc:139] Discarding multiple pages with target (kb): 0, discard_protected_tabs: 0
[15124:15128:0607/062309.879:WARNING:chrome\browser\performance_manager\policies\page_discarding_helper.cc:139] Discarding multiple pages with target (kb): 0, discard_protected_tabs: 0
[15124:15128:0607/062314.879:WARNING:chrome\browser\performance_manager\policies\page_discarding_helper.cc:139] Discarding multiple pages with target (kb): 0, discard_protected_tabs: 0
[15124:15128:0607/062319.879:WARNING:chrome\browser\performance_manager\policies\page_discarding_helper.cc:139] Discarding multiple pages with target (kb): 0, discard_protected_tabs: 0
[15124:15128:0607/062324.899:WARNING:chrome\browser\performance_manager\policies\page_discarding_helper.cc:139] Discarding multiple pages with target (kb): 0, discard_protected_tabs: 0
[15124:15128:0607/062329.919:WARNING:chrome\browser\performance_manager\policies\page_discarding_helper.cc:139] Discarding multiple pages with target (kb): 0, discard_protected_tabs: 0
[15124:15128:0607/062334.920:WARNING:chrome\browser\performance_manager\policies\page_discarding_helper.cc:139] Discarding multiple pages with target (kb): 0, discard_protected_tabs: 0
[15124:15128:0607/064027.219:WARNING:chrome\browser\performance_manager\policies\page_discarding_helper.cc:139] Discarding multiple pages with target (kb): 0, discard_protected_tabs: 0
[15124:15128:0607/064047.259:WARNING:chrome\browser\performance_manager\policies\page_discarding_helper.cc:139] Discarding multiple pages with target (kb): 0, discard_protected_tabs: 0
[15124:15128:0607/064527.879:WARNING:chrome\browser\performance_manager\policies\page_discarding_helper.cc:139] Discarding multiple pages with target (kb): 0, discard_protected_tabs: 0
[15124:15128:0607/064607.979:WARNING:chrome\browser\performance_manager\policies\page_discarding_helper.cc:139] Discarding multiple pages with target (kb): 0, discard_protected_tabs: 0
[15124:15128:0607/064617.999:WARNING:chrome\browser\performance_manager\policies\page_discarding_helper.cc:139] Discarding multiple pages with target (kb): 0, discard_protected_tabs: 0
[15124:15128:0607/064622.999:WARNING:chrome\browser\performance_manager\policies\page_discarding_helper.cc:139] Discarding multiple pages with target (kb): 0, discard_protected_tabs: 0
[15124:15128:0607/064627.999:WARNING:chrome\browser\performance_manager\policies\page_discarding_helper.cc:139] Discarding multiple pages with target (kb): 0, discard_protected_tabs: 0
[15124:15128:0607/064632.999:WARNING:chrome\browser\performance_manager\policies\page_discarding_helper.cc:139] Discarding multiple pages with target (kb): 0, discard_protected_tabs: 0
[15124:15128:0607/064638.019:WARNING:chrome\browser\performance_manager\policies\page_discarding_helper.cc:139] Discarding multiple pages with target (kb): 0, discard_protected_tabs: 0
[15124:15128:0607/064643.019:WARNING:chrome\browser\performance_manager\policies\page_discarding_helper.cc:139] Discarding multiple pages with target (kb): 0, discard_protected_tabs: 0
[15124:15128:0607/064648.039:WARNING:chrome\browser\performance_manager\policies\page_discarding_helper.cc:139] Discarding multiple pages with target (kb): 0, discard_protected_tabs: 0
[15124:15128:0607/064653.040:WARNING:chrome\browser\performance_manager\policies\page_discarding_helper.cc:139] Discarding multiple pages with target (kb): 0, discard_protected_tabs: 0
[15124:15128:0607/064658.059:WARNING:chrome\browser\performance_manager\policies\page_discarding_helper.cc:139] Discarding multiple pages with target (kb): 0, discard_protected_tabs: 0
[15124:15128:0607/064703.060:WARNING:chrome\browser\performance_manager\policies\page_discarding_helper.cc:139] Discarding multiple pages with target (kb): 0, discard_protected_tabs: 0
[15124:15128:0607/064708.079:WARNING:chrome\browser\performance_manager\policies\page_discarding_helper.cc:139] Discarding multiple pages with target (kb): 0, discard_protected_tabs: 0
[15124:15128:0607/064713.099:WARNING:chrome\browser\performance_manager\policies\page_discarding_helper.cc:139] Discarding multiple pages with target (kb): 0, discard_protected_tabs: 0
[15124:15128:0607/064718.099:WARNING:chrome\browser\performance_manager\policies\page_discarding_helper.cc:139] Discarding multiple pages with target (kb): 0, discard_protected_tabs: 0
[15124:15128:0607/064723.119:WARNING:chrome\browser\performance_manager\policies\page_discarding_helper.cc:139] Discarding multiple pages with target (kb): 0, discard_protected_tabs: 0
[15124:15128:0607/064728.119:WARNING:chrome\browser\performance_manager\policies\page_discarding_helper.cc:139] Discarding multiple pages with target (kb): 0, discard_protected_tabs: 0
[15124:15128:0607/064733.120:WARNING:chrome\browser\performance_manager\policies\page_discarding_helper.cc:139] Discarding multiple pages with target (kb): 0, discard_protected_tabs: 0
[15124:15128:0607/064738.139:WARNING:chrome\browser\performance_manager\policies\page_discarding_helper.cc:139] Discarding multiple pages with target (kb): 0, discard_protected_tabs: 0
[15124:15128:0607/064743.139:WARNING:chrome\browser\performance_manager\policies\page_discarding_helper.cc:139] Discarding multiple pages with target (kb): 0, discard_protected_tabs: 0
[15124:15128:0607/064748.159:WARNING:chrome\browser\performance_manager\policies\page_discarding_helper.cc:139] Discarding multiple pages with target (kb): 0, discard_protected_tabs: 0
[15124:15128:0607/064753.160:WARNING:chrome\browser\performance_manager\policies\page_discarding_helper.cc:139] Discarding multiple pages with target (kb): 0, discard_protected_tabs: 0
[15124:15128:0607/064758.179:WARNING:chrome\browser\performance_manager\policies\page_discarding_helper.cc:139] Discarding multiple pages with target (kb): 0, discard_protected_tabs: 0
[15124:15128:0607/064803.199:WARNING:chrome\browser\performance_manager\policies\page_discarding_helper.cc:139] Discarding multiple pages with target (kb): 0, discard_protected_tabs: 0
[15124:15128:0607/064808.199:WARNING:chrome\browser\performance_manager\policies\page_discarding_helper.cc:139] Discarding multiple pages with target (kb): 0, discard_protected_tabs: 0
[15124:15128:0607/064813.199:WARNING:chrome\browser\performance_manager\policies\page_discarding_helper.cc:139] Discarding multiple pages with target (kb): 0, discard_protected_tabs: 0
[15124:15128:0607/064818.199:WARNING:chrome\browser\performance_manager\policies\page_discarding_helper.cc:139] Discarding multiple pages with target (kb): 0, discard_protected_tabs: 0
[15124:15128:0607/064823.219:WARNING:chrome\browser\performance_manager\policies\page_discarding_helper.cc:139] Discarding multiple pages with target (kb): 0, discard_protected_tabs: 0
[15124:15128:0607/064828.239:WARNING:chrome\browser\performance_manager\policies\page_discarding_helper.cc:139] Discarding multiple pages with target (kb): 0, discard_protected_tabs: 0
[15124:15128:0607/064833.259:WARNING:chrome\browser\performance_manager\policies\page_discarding_helper.cc:139] Discarding multiple pages with target (kb): 0, discard_protected_tabs: 0
[15124:15128:0607/070926.180:WARNING:chrome\browser\performance_manager\policies\page_discarding_helper.cc:139] Discarding multiple pages with target (kb): 0, discard_protected_tabs: 0
[15124:15128:0607/070931.180:WARNING:chrome\browser\performance_manager\policies\page_discarding_helper.cc:139] Discarding multiple pages with target (kb): 0, discard_protected_tabs: 0
[15124:15128:0607/070936.199:WARNING:chrome\browser\performance_manager\policies\page_discarding_helper.cc:139] Discarding multiple pages with target (kb): 0, discard_protected_tabs: 0
[15124:15128:0607/070941.219:WARNING:chrome\browser\performance_manager\policies\page_discarding_helper.cc:139] Discarding multiple pages with target (kb): 0, discard_protected_tabs: 0
[15124:15128:0607/070946.219:WARNING:chrome\browser\performance_manager\policies\page_discarding_helper.cc:139] Discarding multiple pages with target (kb): 0, discard_protected_tabs: 0
[15124:15128:0607/070951.239:WARNING:chrome\browser\performance_manager\policies\page_discarding_helper.cc:139] Discarding multiple pages with target (kb): 0, discard_protected_tabs: 0
[15124:15128:0607/070956.259:WARNING:chrome\browser\performance_manager\policies\page_discarding_helper.cc:139] Discarding multiple pages with target (kb): 0, discard_protected_tabs: 0
[15124:15128:0607/071001.259:WARNING:chrome\browser\performance_manager\policies\page_discarding_helper.cc:139] Discarding multiple pages with target (kb): 0, discard_protected_tabs: 0
[15124:15128:0607/071006.279:WARNING:chrome\browser\performance_manager\policies\page_discarding_helper.cc:139] Discarding multiple pages with target (kb): 0, discard_protected_tabs: 0
[15124:15128:0607/071011.279:WARNING:chrome\browser\performance_manager\policies\page_discarding_helper.cc:139] Discarding multiple pages with target (kb): 0, discard_protected_tabs: 0
[15124:15128:0607/071016.280:WARNING:chrome\browser\performance_manager\policies\page_discarding_helper.cc:139] Discarding multiple pages with target (kb): 0, discard_protected_tabs: 0
[15124:15128:0607/071021.299:WARNING:chrome\browser\performance_manager\policies\page_discarding_helper.cc:139] Discarding multiple pages with target (kb): 0, discard_protected_tabs: 0
[15124:15128:0607/071026.319:WARNING:chrome\browser\performance_manager\policies\page_discarding_helper.cc:139] Discarding multiple pages with target (kb): 0, discard_protected_tabs: 0
[15124:15128:0607/071031.319:WARNING:chrome\browser\performance_manager\policies\page_discarding_helper.cc:139] Discarding multiple pages with target (kb): 0, discard_protected_tabs: 0
[15124:15128:0607/071036.319:WARNING:chrome\browser\performance_manager\policies\page_discarding_helper.cc:139] Discarding multiple pages with target (kb): 0, discard_protected_tabs: 0
[15124:15128:0607/071041.320:WARNING:chrome\browser\performance_manager\policies\page_discarding_helper.cc:139] Discarding multiple pages with target (kb): 0, discard_protected_tabs: 0
[15124:15128:0607/071046.340:WARNING:chrome\browser\performance_manager\policies\page_discarding_helper.cc:139] Discarding multiple pages with target (kb): 0, discard_protected_tabs: 0
[15124:15128:0607/071051.359:WARNING:chrome\browser\performance_manager\policies\page_discarding_helper.cc:139] Discarding multiple pages with target (kb): 0, discard_protected_tabs: 0
[15124:15128:0607/071056.379:WARNING:chrome\browser\performance_manager\policies\page_discarding_helper.cc:139] Discarding multiple pages with target (kb): 0, discard_protected_tabs: 0
[15124:15128:0607/071101.379:WARNING:chrome\browser\performance_manager\policies\page_discarding_helper.cc:139] Discarding multiple pages with target (kb): 0, discard_protected_tabs: 0
[15124:15128:0607/071106.379:WARNING:chrome\browser\performance_manager\policies\page_discarding_helper.cc:139] Discarding multiple pages with target (kb): 0, discard_protected_tabs: 0
[15124:15128:0607/071111.399:WARNING:chrome\browser\performance_manager\policies\page_discarding_helper.cc:139] Discarding multiple pages with target (kb): 0, discard_protected_tabs: 0
[15124:15128:0607/071116.400:WARNING:chrome\browser\performance_manager\policies\page_discarding_helper.cc:139] Discarding multiple pages with target (kb): 0, discard_protected_tabs: 0
[15124:15128:0607/071121.419:WARNING:chrome\browser\performance_manager\policies\page_discarding_helper.cc:139] Discarding multiple pages with target (kb): 0, discard_protected_tabs: 0
[15124:15128:0607/071126.419:WARNING:chrome\browser\performance_manager\policies\page_discarding_helper.cc:139] Discarding multiple pages with target (kb): 0, discard_protected_tabs: 0
[15124:15128:0607/071131.419:WARNING:chrome\browser\performance_manager\policies\page_discarding_helper.cc:139] Discarding multiple pages with target (kb): 0, discard_protected_tabs: 0
[15124:15128:0607/071136.439:WARNING:chrome\browser\performance_manager\policies\page_discarding_helper.cc:139] Discarding multiple pages with target (kb): 0, discard_protected_tabs: 0
[15124:15128:0607/071141.439:WARNING:chrome\browser\performance_manager\policies\page_discarding_helper.cc:139] Discarding multiple pages with target (kb): 0, discard_protected_tabs: 0
[15124:15128:0607/071146.440:WARNING:chrome\browser\performance_manager\policies\page_discarding_helper.cc:139] Discarding multiple pages with target (kb): 0, discard_protected_tabs: 0
[15124:15128:0607/071151.459:WARNING:chrome\browser\performance_manager\policies\page_discarding_helper.cc:139] Discarding multiple pages with target (kb): 0, discard_protected_tabs: 0
[15124:15128:0607/071156.479:WARNING:chrome\browser\performance_manager\policies\page_discarding_helper.cc:139] Discarding multiple pages with target (kb): 0, discard_protected_tabs: 0
[15124:15128:0607/071201.480:WARNING:chrome\browser\performance_manager\policies\page_discarding_helper.cc:139] Discarding multiple pages with target (kb): 0, discard_protected_tabs: 0
[15124:15128:0607/071206.499:WARNING:chrome\browser\performance_manager\policies\page_discarding_helper.cc:139] Discarding multiple pages with target (kb): 0, discard_protected_tabs: 0
[15124:15128:0607/071221.519:WARNING:chrome\browser\performance_manager\policies\page_discarding_helper.cc:139] Discarding multiple pages with target (kb): 0, discard_protected_tabs: 0
[15124:15128:0607/071226.539:WARNING:chrome\browser\performance_manager\policies\page_discarding_helper.cc:139] Discarding multiple pages with target (kb): 0, discard_protected_tabs: 0
[15124:15128:0607/071231.539:WARNING:chrome\browser\performance_manager\policies\page_discarding_helper.cc:139] Discarding multiple pages with target (kb): 0, discard_protected_tabs: 0
[15124:15128:0607/071236.559:WARNING:chrome\browser\performance_manager\policies\page_discarding_helper.cc:139] Discarding multiple pages with target (kb): 0, discard_protected_tabs: 0
[15124:15128:0607/071246.599:WARNING:chrome\browser\performance_manager\policies\page_discarding_helper.cc:139] Discarding multiple pages with target (kb): 0, discard_protected_tabs: 0
[15124:15128:0607/071251.599:WARNING:chrome\browser\performance_manager\policies\page_discarding_helper.cc:139] Discarding multiple pages with target (kb): 0, discard_protected_tabs: 0
[15124:15128:0607/071256.619:WARNING:chrome\browser\performance_manager\policies\page_discarding_helper.cc:139] Discarding multiple pages with target (kb): 0, discard_protected_tabs: 0
[15124:15128:0607/071301.619:WARNING:chrome\browser\performance_manager\policies\page_discarding_helper.cc:139] Discarding multiple pages with target (kb): 0, discard_protected_tabs: 0
[15124:15128:0607/071306.639:WARNING:chrome\browser\performance_manager\policies\page_discarding_helper.cc:139] Discarding multiple pages with target (kb): 0, discard_protected_tabs: 0
[15124:15128:0607/071311.659:WARNING:chrome\browser\performance_manager\policies\page_discarding_helper.cc:139] Discarding multiple pages with target (kb): 0, discard_protected_tabs: 0
[15124:15128:0607/071316.659:WARNING:chrome\browser\performance_manager\policies\page_discarding_helper.cc:139] Discarding multiple pages with target (kb): 0, discard_protected_tabs: 0
[15124:15128:0607/071321.679:WARNING:chrome\browser\performance_manager\policies\page_discarding_helper.cc:139] Discarding multiple pages with target (kb): 0, discard_protected_tabs: 0
[15124:15128:0607/071326.680:WARNING:chrome\browser\performance_manager\policies\page_discarding_helper.cc:139] Discarding multiple pages with target (kb): 0, discard_protected_tabs: 0
[15124:15128:0607/071331.700:WARNING:chrome\browser\performance_manager\policies\page_discarding_helper.cc:139] Discarding multiple pages with target (kb): 0, discard_protected_tabs: 0
[15124:15128:0607/071336.719:WARNING:chrome\browser\performance_manager\policies\page_discarding_helper.cc:139] Discarding multiple pages with target (kb): 0, discard_protected_tabs: 0
[15124:15128:0607/071341.739:WARNING:chrome\browser\performance_manager\policies\page_discarding_helper.cc:139] Discarding multiple pages with target (kb): 0, discard_protected_tabs: 0
[15124:15128:0607/071346.759:WARNING:chrome\browser\performance_manager\policies\page_discarding_helper.cc:139] Discarding multiple pages with target (kb): 0, discard_protected_tabs: 0
[15124:15128:0607/071351.760:WARNING:chrome\browser\performance_manager\policies\page_discarding_helper.cc:139] Discarding multiple pages with target (kb): 0, discard_protected_tabs: 0
[15124:15128:0607/071356.779:WARNING:chrome\browser\performance_manager\policies\page_discarding_helper.cc:139] Discarding multiple pages with target (kb): 0, discard_protected_tabs: 0
[15124:15128:0607/071401.800:WARNING:chrome\browser\performance_manager\policies\page_discarding_helper.cc:139] Discarding multiple pages with target (kb): 0, discard_protected_tabs: 0
[15124:15128:0607/071406.819:WARNING:chrome\browser\performance_manager\policies\page_discarding_helper.cc:139] Discarding multiple pages with target (kb): 0, discard_protected_tabs: 0
[15124:15128:0607/071411.839:WARNING:chrome\browser\performance_manager\policies\page_discarding_helper.cc:139] Discarding multiple pages with target (kb): 0, discard_protected_tabs: 0
[15124:15128:0607/071416.840:WARNING:chrome\browser\performance_manager\policies\page_discarding_helper.cc:139] Discarding multiple pages with target (kb): 0, discard_protected_tabs: 0
[15124:15128:0607/071421.859:WARNING:chrome\browser\performance_manager\policies\page_discarding_helper.cc:139] Discarding multiple pages with target (kb): 0, discard_protected_tabs: 0
[15124:15128:0607/071426.879:WARNING:chrome\browser\performance_manager\policies\page_discarding_helper.cc:139] Discarding multiple pages with target (kb): 0, discard_protected_tabs: 0
[15124:15128:0607/071431.899:WARNING:chrome\browser\performance_manager\policies\page_discarding_helper.cc:139] Discarding multiple pages with target (kb): 0, discard_protected_tabs: 0
[15124:15128:0607/071436.919:WARNING:chrome\browser\performance_manager\policies\page_discarding_helper.cc:139] Discarding multiple pages with target (kb): 0, discard_protected_tabs: 0
[15124:15128:0607/071441.919:WARNING:chrome\browser\performance_manager\policies\page_discarding_helper.cc:139] Discarding multiple pages with target (kb): 0, discard_protected_tabs: 0
[15124:15128:0607/071446.939:WARNING:chrome\browser\performance_manager\policies\page_discarding_helper.cc:139] Discarding multiple pages with target (kb): 0, discard_protected_tabs: 0
[15124:15128:0607/071451.939:WARNING:chrome\browser\performance_manager\policies\page_discarding_helper.cc:139] Discarding multiple pages with target (kb): 0, discard_protected_tabs: 0
[15124:15128:0607/071456.940:WARNING:chrome\browser\performance_manager\policies\page_discarding_helper.cc:139] Discarding multiple pages with target (kb): 0, discard_protected_tabs: 0
[15124:15128:0607/071501.959:WARNING:chrome\browser\performance_manager\policies\page_discarding_helper.cc:139] Discarding multiple pages with target (kb): 0, discard_protected_tabs: 0
[15124:15128:0607/071506.959:WARNING:chrome\browser\performance_manager\policies\page_discarding_helper.cc:139] Discarding multiple pages with target (kb): 0, discard_protected_tabs: 0
[15124:15128:0607/071511.959:WARNING:chrome\browser\performance_manager\policies\page_discarding_helper.cc:139] Discarding multiple pages with target (kb): 0, discard_protected_tabs: 0
[15124:15128:0607/071516.979:WARNING:chrome\browser\performance_manager\policies\page_discarding_helper.cc:139] Discarding multiple pages with target (kb): 0, discard_protected_tabs: 0
[15124:15128:0607/071521.980:WARNING:chrome\browser\performance_manager\policies\page_discarding_helper.cc:139] Discarding multiple pages with target (kb): 0, discard_protected_tabs: 0
[15124:15128:0607/071526.999:WARNING:chrome\browser\performance_manager\policies\page_discarding_helper.cc:139] Discarding multiple pages with target (kb): 0, discard_protected_tabs: 0
[15124:15128:0607/071531.999:WARNING:chrome\browser\performance_manager\policies\page_discarding_helper.cc:139] Discarding multiple pages with target (kb): 0, discard_protected_tabs: 0
[15124:15128:0607/071537.019:WARNING:chrome\browser\performance_manager\policies\page_discarding_helper.cc:139] Discarding multiple pages with target (kb): 0, discard_protected_tabs: 0
[15124:15128:0607/071542.019:WARNING:chrome\browser\performance_manager\policies\page_discarding_helper.cc:139] Discarding multiple pages with target (kb): 0, discard_protected_tabs: 0
[15124:15128:0607/071547.039:WARNING:chrome\browser\performance_manager\policies\page_discarding_helper.cc:139] Discarding multiple pages with target (kb): 0, discard_protected_tabs: 0
[15124:15128:0607/071552.059:WARNING:chrome\browser\performance_manager\policies\page_discarding_helper.cc:139] Discarding multiple pages with target (kb): 0, discard_protected_tabs: 0
[15124:15128:0607/071557.079:WARNING:chrome\browser\performance_manager\policies\page_discarding_helper.cc:139] Discarding multiple pages with target (kb): 0, discard_protected_tabs: 0
[15124:15128:0607/071602.079:WARNING:chrome\browser\performance_manager\policies\page_discarding_helper.cc:139] Discarding multiple pages with target (kb): 0, discard_protected_tabs: 0
[15124:15128:0607/071607.099:WARNING:chrome\browser\performance_manager\policies\page_discarding_helper.cc:139] Discarding multiple pages with target (kb): 0, discard_protected_tabs: 0
[15124:15128:0607/071612.119:WARNING:chrome\browser\performance_manager\policies\page_discarding_helper.cc:139] Discarding multiple pages with target (kb): 0, discard_protected_tabs: 0
[15124:15128:0607/071617.119:WARNING:chrome\browser\performance_manager\policies\page_discarding_helper.cc:139] Discarding multiple pages with target (kb): 0, discard_protected_tabs: 0
[15124:15128:0607/071622.139:WARNING:chrome\browser\performance_manager\policies\page_discarding_helper.cc:139] Discarding multiple pages with target (kb): 0, discard_protected_tabs: 0
[15124:15128:0607/071627.159:WARNING:chrome\browser\performance_manager\policies\page_discarding_helper.cc:139] Discarding multiple pages with target (kb): 0, discard_protected_tabs: 0
[15124:15128:0607/071632.160:WARNING:chrome\browser\performance_manager\policies\page_discarding_helper.cc:139] Discarding multiple pages with target (kb): 0, discard_protected_tabs: 0
[15124:15128:0607/071637.179:WARNING:chrome\browser\performance_manager\policies\page_discarding_helper.cc:139] Discarding multiple pages with target (kb): 0, discard_protected_tabs: 0
[15124:15128:0607/071642.199:WARNING:chrome\browser\performance_manager\policies\page_discarding_helper.cc:139] Discarding multiple pages with target (kb): 0, discard_protected_tabs: 0
[15124:15128:0607/071647.199:WARNING:chrome\browser\performance_manager\policies\page_discarding_helper.cc:139] Discarding multiple pages with target (kb): 0, discard_protected_tabs: 0
[15124:15128:0607/071652.200:WARNING:chrome\browser\performance_manager\policies\page_discarding_helper.cc:139] Discarding multiple pages with target (kb): 0, discard_protected_tabs: 0
[15124:15128:0607/071657.219:WARNING:chrome\browser\performance_manager\policies\page_discarding_helper.cc:139] Discarding multiple pages with target (kb): 0, discard_protected_tabs: 0
[15124:15128:0607/071702.239:WARNING:chrome\browser\performance_manager\policies\page_discarding_helper.cc:139] Discarding multiple pages with target (kb): 0, discard_protected_tabs: 0
[15124:15128:0607/071707.259:WARNING:chrome\browser\performance_manager\policies\page_discarding_helper.cc:139] Discarding multiple pages with target (kb): 0, discard_protected_tabs: 0
[15124:15128:0607/071712.259:WARNING:chrome\browser\performance_manager\policies\page_discarding_helper.cc:139] Discarding multiple pages with target (kb): 0, discard_protected_tabs: 0
[15124:15128:0607/071717.280:WARNING:chrome\browser\performance_manager\policies\page_discarding_helper.cc:139] Discarding multiple pages with target (kb): 0, discard_protected_tabs: 0
[15124:15128:0607/071722.300:WARNING:chrome\browser\performance_manager\policies\page_discarding_helper.cc:139] Discarding multiple pages with target (kb): 0, discard_protected_tabs: 0
[15124:15128:0607/071727.319:WARNING:chrome\browser\performance_manager\policies\page_discarding_helper.cc:139] Discarding multiple pages with target (kb): 0, discard_protected_tabs: 0
[15124:15128:0607/071732.339:WARNING:chrome\browser\performance_manager\policies\page_discarding_helper.cc:139] Discarding multiple pages with target (kb): 0, discard_protected_tabs: 0
[15124:15128:0607/071737.340:WARNING:chrome\browser\performance_manager\policies\page_discarding_helper.cc:139] Discarding multiple pages with target (kb): 0, discard_protected_tabs: 0
[15124:15128:0607/071742.359:WARNING:chrome\browser\performance_manager\policies\page_discarding_helper.cc:139] Discarding multiple pages with target (kb): 0, discard_protected_tabs: 0
[15124:15128:0607/071747.379:WARNING:chrome\browser\performance_manager\policies\page_discarding_helper.cc:139] Discarding multiple pages with target (kb): 0, discard_protected_tabs: 0
[15124:15128:0607/071752.379:WARNING:chrome\browser\performance_manager\policies\page_discarding_helper.cc:139] Discarding multiple pages with target (kb): 0, discard_protected_tabs: 0
[15124:15128:0607/071757.399:WARNING:chrome\browser\performance_manager\policies\page_discarding_helper.cc:139] Discarding multiple pages with target (kb): 0, discard_protected_tabs: 0
[15124:15128:0607/071802.419:WARNING:chrome\browser\performance_manager\policies\page_discarding_helper.cc:139] Discarding multiple pages with target (kb): 0, discard_protected_tabs: 0
[15124:15128:0607/071807.420:WARNING:chrome\browser\performance_manager\policies\page_discarding_helper.cc:139] Discarding multiple pages with target (kb): 0, discard_protected_tabs: 0
[15124:15128:0607/071812.439:WARNING:chrome\browser\performance_manager\policies\page_discarding_helper.cc:139] Discarding multiple pages with target (kb): 0, discard_protected_tabs: 0
[15124:15128:0607/071817.459:WARNING:chrome\browser\performance_manager\policies\page_discarding_helper.cc:139] Discarding multiple pages with target (kb): 0, discard_protected_tabs: 0
[15124:15128:0607/071822.459:WARNING:chrome\browser\performance_manager\policies\page_discarding_helper.cc:139] Discarding multiple pages with target (kb): 0, discard_protected_tabs: 0
[15124:15128:0607/071827.479:WARNING:chrome\browser\performance_manager\policies\page_discarding_helper.cc:139] Discarding multiple pages with target (kb): 0, discard_protected_tabs: 0
[15124:15128:0607/071832.499:WARNING:chrome\browser\performance_manager\policies\page_discarding_helper.cc:139] Discarding multiple pages with target (kb): 0, discard_protected_tabs: 0
[15124:15128:0607/071837.499:WARNING:chrome\browser\performance_manager\policies\page_discarding_helper.cc:139] Discarding multiple pages with target (kb): 0, discard_protected_tabs: 0
[15124:15128:0607/071842.519:WARNING:chrome\browser\performance_manager\policies\page_discarding_helper.cc:139] Discarding multiple pages with target (kb): 0, discard_protected_tabs: 0
[15124:15128:0607/071847.539:WARNING:chrome\browser\performance_manager\policies\page_discarding_helper.cc:139] Discarding multiple pages with target (kb): 0, discard_protected_tabs: 0
[15124:15128:0607/071852.539:WARNING:chrome\browser\performance_manager\policies\page_discarding_helper.cc:139] Discarding multiple pages with target (kb): 0, discard_protected_tabs: 0
[15124:15128:0607/071857.540:WARNING:chrome\browser\performance_manager\policies\page_discarding_helper.cc:139] Discarding multiple pages with target (kb): 0, discard_protected_tabs: 0
[15124:15128:0607/071902.560:WARNING:chrome\browser\performance_manager\policies\page_discarding_helper.cc:139] Discarding multiple pages with target (kb): 0, discard_protected_tabs: 0
[15124:15128:0607/071907.579:WARNING:chrome\browser\performance_manager\policies\page_discarding_helper.cc:139] Discarding multiple pages with target (kb): 0, discard_protected_tabs: 0
[15124:15128:0607/071912.579:WARNING:chrome\browser\performance_manager\policies\page_discarding_helper.cc:139] Discarding multiple pages with target (kb): 0, discard_protected_tabs: 0
[15124:15128:0607/071917.599:WARNING:chrome\browser\performance_manager\policies\page_discarding_helper.cc:139] Discarding multiple pages with target (kb): 0, discard_protected_tabs: 0
[15124:15128:0607/071922.600:WARNING:chrome\browser\performance_manager\policies\page_discarding_helper.cc:139] Discarding multiple pages with target (kb): 0, discard_protected_tabs: 0
[15124:15128:0607/071927.619:WARNING:chrome\browser\performance_manager\policies\page_discarding_helper.cc:139] Discarding multiple pages with target (kb): 0, discard_protected_tabs: 0
[15124:15128:0607/071932.639:WARNING:chrome\browser\performance_manager\policies\page_discarding_helper.cc:139] Discarding multiple pages with target (kb): 0, discard_protected_tabs: 0
[15124:15128:0607/071937.639:WARNING:chrome\browser\performance_manager\policies\page_discarding_helper.cc:139] Discarding multiple pages with target (kb): 0, discard_protected_tabs: 0
[15124:15128:0607/071942.640:WARNING:chrome\browser\performance_manager\policies\page_discarding_helper.cc:139] Discarding multiple pages with target (kb): 0, discard_protected_tabs: 0
[15124:15128:0607/071947.659:WARNING:chrome\browser\performance_manager\policies\page_discarding_helper.cc:139] Discarding multiple pages with target (kb): 0, discard_protected_tabs: 0
[15124:15128:0607/071952.679:WARNING:chrome\browser\performance_manager\policies\page_discarding_helper.cc:139] Discarding multiple pages with target (kb): 0, discard_protected_tabs: 0
[15124:15128:0607/071957.680:WARNING:chrome\browser\performance_manager\policies\page_discarding_helper.cc:139] Discarding multiple pages with target (kb): 0, discard_protected_tabs: 0
[15124:15128:0607/072002.699:WARNING:chrome\browser\performance_manager\policies\page_discarding_helper.cc:139] Discarding multiple pages with target (kb): 0, discard_protected_tabs: 0
[15124:15128:0607/072007.699:WARNING:chrome\browser\performance_manager\policies\page_discarding_helper.cc:139] Discarding multiple pages with target (kb): 0, discard_protected_tabs: 0
[15124:15128:0607/072012.700:WARNING:chrome\browser\performance_manager\policies\page_discarding_helper.cc:139] Discarding multiple pages with target (kb): 0, discard_protected_tabs: 0
[15124:15128:0607/072017.719:WARNING:chrome\browser\performance_manager\policies\page_discarding_helper.cc:139] Discarding multiple pages with target (kb): 0, discard_protected_tabs: 0
[15124:15128:0607/072022.739:WARNING:chrome\browser\performance_manager\policies\page_discarding_helper.cc:139] Discarding multiple pages with target (kb): 0, discard_protected_tabs: 0
[15124:15128:0607/072027.759:WARNING:chrome\browser\performance_manager\policies\page_discarding_helper.cc:139] Discarding multiple pages with target (kb): 0, discard_protected_tabs: 0
[15124:15128:0607/072032.779:WARNING:chrome\browser\performance_manager\policies\page_discarding_helper.cc:139] Discarding multiple pages with target (kb): 0, discard_protected_tabs: 0
[15124:15128:0607/072037.779:WARNING:chrome\browser\performance_manager\policies\page_discarding_helper.cc:139] Discarding multiple pages with target (kb): 0, discard_protected_tabs: 0
[15124:15128:0607/072042.779:WARNING:chrome\browser\performance_manager\policies\page_discarding_helper.cc:139] Discarding multiple pages with target (kb): 0, discard_protected_tabs: 0
[15124:15128:0607/072047.799:WARNING:chrome\browser\performance_manager\policies\page_discarding_helper.cc:139] Discarding multiple pages with target (kb): 0, discard_protected_tabs: 0
[15124:15128:0607/072052.799:WARNING:chrome\browser\performance_manager\policies\page_discarding_helper.cc:139] Discarding multiple pages with target (kb): 0, discard_protected_tabs: 0
[15124:15128:0607/072057.819:WARNING:chrome\browser\performance_manager\policies\page_discarding_helper.cc:139] Discarding multiple pages with target (kb): 0, discard_protected_tabs: 0
[15124:15128:0607/072102.819:WARNING:chrome\browser\performance_manager\policies\page_discarding_helper.cc:139] Discarding multiple pages with target (kb): 0, discard_protected_tabs: 0
[15124:15128:0607/072107.820:WARNING:chrome\browser\performance_manager\policies\page_discarding_helper.cc:139] Discarding multiple pages with target (kb): 0, discard_protected_tabs: 0
[15124:15128:0607/072112.839:WARNING:chrome\browser\performance_manager\policies\page_discarding_helper.cc:139] Discarding multiple pages with target (kb): 0, discard_protected_tabs: 0
[15124:15128:0607/072117.840:WARNING:chrome\browser\performance_manager\policies\page_discarding_helper.cc:139] Discarding multiple pages with target (kb): 0, discard_protected_tabs: 0
[15124:15128:0607/072122.859:WARNING:chrome\browser\performance_manager\policies\page_discarding_helper.cc:139] Discarding multiple pages with target (kb): 0, discard_protected_tabs: 0
[15124:15128:0607/072127.879:WARNING:chrome\browser\performance_manager\policies\page_discarding_helper.cc:139] Discarding multiple pages with target (kb): 0, discard_protected_tabs: 0
[15124:15128:0607/072132.899:WARNING:chrome\browser\performance_manager\policies\page_discarding_helper.cc:139] Discarding multiple pages with target (kb): 0, discard_protected_tabs: 0
[15124:15128:0607/072137.900:WARNING:chrome\browser\performance_manager\policies\page_discarding_helper.cc:139] Discarding multiple pages with target (kb): 0, discard_protected_tabs: 0
[15124:15128:0607/072142.919:WARNING:chrome\browser\performance_manager\policies\page_discarding_helper.cc:139] Discarding multiple pages with target (kb): 0, discard_protected_tabs: 0
[15124:15128:0607/072147.919:WARNING:chrome\browser\performance_manager\policies\page_discarding_helper.cc:139] Discarding multiple pages with target (kb): 0, discard_protected_tabs: 0
[15124:15128:0607/072152.939:WARNING:chrome\browser\performance_manager\policies\page_discarding_helper.cc:139] Discarding multiple pages with target (kb): 0, discard_protected_tabs: 0
[15124:15128:0607/072157.959:WARNING:chrome\browser\performance_manager\policies\page_discarding_helper.cc:139] Discarding multiple pages with target (kb): 0, discard_protected_tabs: 0
[15124:15128:0607/072202.959:WARNING:chrome\browser\performance_manager\policies\page_discarding_helper.cc:139] Discarding multiple pages with target (kb): 0, discard_protected_tabs: 0
[15124:15128:0607/072207.979:WARNING:chrome\browser\performance_manager\policies\page_discarding_helper.cc:139] Discarding multiple pages with target (kb): 0, discard_protected_tabs: 0
[15124:15128:0607/072212.979:WARNING:chrome\browser\performance_manager\policies\page_discarding_helper.cc:139] Discarding multiple pages with target (kb): 0, discard_protected_tabs: 0
[15124:15128:0607/072217.999:WARNING:chrome\browser\performance_manager\policies\page_discarding_helper.cc:139] Discarding multiple pages with target (kb): 0, discard_protected_tabs: 0
[15124:15128:0607/072222.999:WARNING:chrome\browser\performance_manager\policies\page_discarding_helper.cc:139] Discarding multiple pages with target (kb): 0, discard_protected_tabs: 0
[15124:15128:0607/072227.999:WARNING:chrome\browser\performance_manager\policies\page_discarding_helper.cc:139] Discarding multiple pages with target (kb): 0, discard_protected_tabs: 0
[15124:15128:0607/072233.019:WARNING:chrome\browser\performance_manager\policies\page_discarding_helper.cc:139] Discarding multiple pages with target (kb): 0, discard_protected_tabs: 0
[15124:15128:0607/072238.019:WARNING:chrome\browser\performance_manager\policies\page_discarding_helper.cc:139] Discarding multiple pages with target (kb): 0, discard_protected_tabs: 0
[15124:15128:0607/072243.039:WARNING:chrome\browser\performance_manager\policies\page_discarding_helper.cc:139] Discarding multiple pages with target (kb): 0, discard_protected_tabs: 0
[15124:15128:0607/072248.059:WARNING:chrome\browser\performance_manager\policies\page_discarding_helper.cc:139] Discarding multiple pages with target (kb): 0, discard_protected_tabs: 0
[15124:15128:0607/072253.059:WARNING:chrome\browser\performance_manager\policies\page_discarding_helper.cc:139] Discarding multiple pages with target (kb): 0, discard_protected_tabs: 0
[15124:15128:0607/072258.079:WARNING:chrome\browser\performance_manager\policies\page_discarding_helper.cc:139] Discarding multiple pages with target (kb): 0, discard_protected_tabs: 0
[15124:15128:0607/072303.079:WARNING:chrome\browser\performance_manager\policies\page_discarding_helper.cc:139] Discarding multiple pages with target (kb): 0, discard_protected_tabs: 0
[15124:15128:0607/072308.079:WARNING:chrome\browser\performance_manager\policies\page_discarding_helper.cc:139] Discarding multiple pages with target (kb): 0, discard_protected_tabs: 0
[15124:15128:0607/072313.079:WARNING:chrome\browser\performance_manager\policies\page_discarding_helper.cc:139] Discarding multiple pages with target (kb): 0, discard_protected_tabs: 0
[15124:15128:0607/072318.099:WARNING:chrome\browser\performance_manager\policies\page_discarding_helper.cc:139] Discarding multiple pages with target (kb): 0, discard_protected_tabs: 0
[15124:15128:0607/072838.859:WARNING:chrome\browser\performance_manager\policies\page_discarding_helper.cc:139] Discarding multiple pages with target (kb): 0, discard_protected_tabs: 0
[15124:15128:0607/072843.859:WARNING:chrome\browser\performance_manager\policies\page_discarding_helper.cc:139] Discarding multiple pages with target (kb): 0, discard_protected_tabs: 0
[15124:15128:0607/072848.879:WARNING:chrome\browser\performance_manager\policies\page_discarding_helper.cc:139] Discarding multiple pages with target (kb): 0, discard_protected_tabs: 0
[15124:15128:0607/072853.899:WARNING:chrome\browser\performance_manager\policies\page_discarding_helper.cc:139] Discarding multiple pages with target (kb): 0, discard_protected_tabs: 0
[15124:15128:0607/072858.900:WARNING:chrome\browser\performance_manager\policies\page_discarding_helper.cc:139] Discarding multiple pages with target (kb): 0, discard_protected_tabs: 0
[15124:15128:0607/072913.959:WARNING:chrome\browser\performance_manager\policies\page_discarding_helper.cc:139] Discarding multiple pages with target (kb): 0, discard_protected_tabs: 0
[15124:15128:0607/072933.999:WARNING:chrome\browser\performance_manager\policies\page_discarding_helper.cc:139] Discarding multiple pages with target (kb): 0, discard_protected_tabs: 0
[15124:15128:0607/072938.999:WARNING:chrome\browser\performance_manager\policies\page_discarding_helper.cc:139] Discarding multiple pages with target (kb): 0, discard_protected_tabs: 0
[15124:15128:0607/072944.000:WARNING:chrome\browser\performance_manager\policies\page_discarding_helper.cc:139] Discarding multiple pages with target (kb): 0, discard_protected_tabs: 0
[15124:15128:0607/072949.019:WARNING:chrome\browser\performance_manager\policies\page_discarding_helper.cc:139] Discarding multiple pages with target (kb): 0, discard_protected_tabs: 0
[15124:15128:0607/072954.039:WARNING:chrome\browser\performance_manager\policies\page_discarding_helper.cc:139] Discarding multiple pages with target (kb): 0, discard_protected_tabs: 0
[15124:15128:0607/072959.040:WARNING:chrome\browser\performance_manager\policies\page_discarding_helper.cc:139] Discarding multiple pages with target (kb): 0, discard_protected_tabs: 0
[15124:15128:0607/073004.060:WARNING:chrome\browser\performance_manager\policies\page_discarding_helper.cc:139] Discarding multiple pages with target (kb): 0, discard_protected_tabs: 0
[15124:15128:0607/073009.079:WARNING:chrome\browser\performance_manager\policies\page_discarding_helper.cc:139] Discarding multiple pages with target (kb): 0, discard_protected_tabs: 0
[15124:15128:0607/073014.079:WARNING:chrome\browser\performance_manager\policies\page_discarding_helper.cc:139] Discarding multiple pages with target (kb): 0, discard_protected_tabs: 0
[15124:15128:0607/073019.099:WARNING:chrome\browser\performance_manager\policies\page_discarding_helper.cc:139] Discarding multiple pages with target (kb): 0, discard_protected_tabs: 0
[15124:15128:0607/073024.099:WARNING:chrome\browser\performance_manager\policies\page_discarding_helper.cc:139] Discarding multiple pages with target (kb): 0, discard_protected_tabs: 0
[15124:15128:0607/073029.099:WARNING:chrome\browser\performance_manager\policies\page_discarding_helper.cc:139] Discarding multiple pages with target (kb): 0, discard_protected_tabs: 0
[15124:15128:0607/073034.119:WARNING:chrome\browser\performance_manager\policies\page_discarding_helper.cc:139] Discarding multiple pages with target (kb): 0, discard_protected_tabs: 0
[15124:15128:0607/073039.139:WARNING:chrome\browser\performance_manager\policies\page_discarding_helper.cc:139] Discarding multiple pages with target (kb): 0, discard_protected_tabs: 0
[15124:15128:0607/073044.159:WARNING:chrome\browser\performance_manager\policies\page_discarding_helper.cc:139] Discarding multiple pages with target (kb): 0, discard_protected_tabs: 0
[15124:15128:0607/073049.159:WARNING:chrome\browser\performance_manager\policies\page_discarding_helper.cc:139] Discarding multiple pages with target (kb): 0, discard_protected_tabs: 0
[15124:15128:0607/073109.199:WARNING:chrome\browser\performance_manager\policies\page_discarding_helper.cc:139] Discarding multiple pages with target (kb): 0, discard_protected_tabs: 0
[15124:15128:0607/073114.219:WARNING:chrome\browser\performance_manager\policies\page_discarding_helper.cc:139] Discarding multiple pages with target (kb): 0, discard_protected_tabs: 0
[15124:15128:0607/073119.239:WARNING:chrome\browser\performance_manager\policies\page_discarding_helper.cc:139] Discarding multiple pages with target (kb): 0, discard_protected_tabs: 0
[15124:15128:0607/073124.239:WARNING:chrome\browser\performance_manager\policies\page_discarding_helper.cc:139] Discarding multiple pages with target (kb): 0, discard_protected_tabs: 0
[15124:15128:0607/073129.259:WARNING:chrome\browser\performance_manager\policies\page_discarding_helper.cc:139] Discarding multiple pages with target (kb): 0, discard_protected_tabs: 0
[15124:15128:0607/073204.359:WARNING:chrome\browser\performance_manager\policies\page_discarding_helper.cc:139] Discarding multiple pages with target (kb): 0, discard_protected_tabs: 0
[15124:15128:0607/073209.359:WARNING:chrome\browser\performance_manager\policies\page_discarding_helper.cc:139] Discarding multiple pages with target (kb): 0, discard_protected_tabs: 0
[15124:15128:0607/073214.379:WARNING:chrome\browser\performance_manager\policies\page_discarding_helper.cc:139] Discarding multiple pages with target (kb): 0, discard_protected_tabs: 0
[15124:15128:0607/073219.380:WARNING:chrome\browser\performance_manager\policies\page_discarding_helper.cc:139] Discarding multiple pages with target (kb): 0, discard_protected_tabs: 0
[15124:15128:0607/073224.400:WARNING:chrome\browser\performance_manager\policies\page_discarding_helper.cc:139] Discarding multiple pages with target (kb): 0, discard_protected_tabs: 0
[15124:15128:0607/073229.419:WARNING:chrome\browser\performance_manager\policies\page_discarding_helper.cc:139] Discarding multiple pages with target (kb): 0, discard_protected_tabs: 0
[15124:15128:0607/073234.419:WARNING:chrome\browser\performance_manager\policies\page_discarding_helper.cc:139] Discarding multiple pages with target (kb): 0, discard_protected_tabs: 0
[15124:15128:0607/073239.439:WARNING:chrome\browser\performance_manager\policies\page_discarding_helper.cc:139] Discarding multiple pages with target (kb): 0, discard_protected_tabs: 0
[15124:15128:0607/073324.539:WARNING:chrome\browser\performance_manager\policies\page_discarding_helper.cc:139] Discarding multiple pages with target (kb): 0, discard_protected_tabs: 0
[15124:15128:0607/073344.599:WARNING:chrome\browser\performance_manager\policies\page_discarding_helper.cc:139] Discarding multiple pages with target (kb): 0, discard_protected_tabs: 0
[15124:15128:0607/073349.619:WARNING:chrome\browser\performance_manager\policies\page_discarding_helper.cc:139] Discarding multiple pages with target (kb): 0, discard_protected_tabs: 0
[15124:15128:0607/073424.680:WARNING:chrome\browser\performance_manager\policies\page_discarding_helper.cc:139] Discarding multiple pages with target (kb): 0, discard_protected_tabs: 0
[15124:15128:0607/073434.699:WARNING:chrome\browser\performance_manager\policies\page_discarding_helper.cc:139] Discarding multiple pages with target (kb): 0, discard_protected_tabs: 0
[15124:15128:0607/073439.719:WARNING:chrome\browser\performance_manager\policies\page_discarding_helper.cc:139] Discarding multiple pages with target (kb): 0, discard_protected_tabs: 0
[15124:15128:0607/073444.739:WARNING:chrome\browser\performance_manager\policies\page_discarding_helper.cc:139] Discarding multiple pages with target (kb): 0, discard_protected_tabs: 0
[15124:15128:0607/073449.740:WARNING:chrome\browser\performance_manager\policies\page_discarding_helper.cc:139] Discarding multiple pages with target (kb): 0, discard_protected_tabs: 0
[15124:15128:0607/073454.759:WARNING:chrome\browser\performance_manager\policies\page_discarding_helper.cc:139] Discarding multiple pages with target (kb): 0, discard_protected_tabs: 0
[15124:15128:0607/073459.779:WARNING:chrome\browser\performance_manager\policies\page_discarding_helper.cc:139] Discarding multiple pages with target (kb): 0, discard_protected_tabs: 0
[15124:15128:0607/073504.779:WARNING:chrome\browser\performance_manager\policies\page_discarding_helper.cc:139] Discarding multiple pages with target (kb): 0, discard_protected_tabs: 0
[15124:15128:0607/073514.799:WARNING:chrome\browser\performance_manager\policies\page_discarding_helper.cc:139] Discarding multiple pages with target (kb): 0, discard_protected_tabs: 0
[15124:15128:0607/073529.839:WARNING:chrome\browser\performance_manager\policies\page_discarding_helper.cc:139] Discarding multiple pages with target (kb): 0, discard_protected_tabs: 0
[15124:15128:0607/073534.839:WARNING:chrome\browser\performance_manager\policies\page_discarding_helper.cc:139] Discarding multiple pages with target (kb): 0, discard_protected_tabs: 0
[15124:15128:0607/073539.859:WARNING:chrome\browser\performance_manager\policies\page_discarding_helper.cc:139] Discarding multiple pages with target (kb): 0, discard_protected_tabs: 0
[15124:15128:0607/073544.879:WARNING:chrome\browser\performance_manager\policies\page_discarding_helper.cc:139] Discarding multiple pages with target (kb): 0, discard_protected_tabs: 0
[15124:15128:0607/073549.879:WARNING:chrome\browser\performance_manager\policies\page_discarding_helper.cc:139] Discarding multiple pages with target (kb): 0, discard_protected_tabs: 0
[15124:15128:0607/073554.899:WARNING:chrome\browser\performance_manager\policies\page_discarding_helper.cc:139] Discarding multiple pages with target (kb): 0, discard_protected_tabs: 0
[15124:15128:0607/073559.919:WARNING:chrome\browser\performance_manager\policies\page_discarding_helper.cc:139] Discarding multiple pages with target (kb): 0, discard_protected_tabs: 0
[15124:15128:0607/073604.919:WARNING:chrome\browser\performance_manager\policies\page_discarding_helper.cc:139] Discarding multiple pages with target (kb): 0, discard_protected_tabs: 0
[15124:15128:0607/073609.939:WARNING:chrome\browser\performance_manager\policies\page_discarding_helper.cc:139] Discarding multiple pages with target (kb): 0, discard_protected_tabs: 0
[15124:15128:0607/073614.940:WARNING:chrome\browser\performance_manager\policies\page_discarding_helper.cc:139] Discarding multiple pages with target (kb): 0, discard_protected_tabs: 0
[15124:15128:0607/073619.959:WARNING:chrome\browser\performance_manager\policies\page_discarding_helper.cc:139] Discarding multiple pages with target (kb): 0, discard_protected_tabs: 0
[15124:15128:0607/073624.959:WARNING:chrome\browser\performance_manager\policies\page_discarding_helper.cc:139] Discarding multiple pages with target (kb): 0, discard_protected_tabs: 0
[15124:15128:0607/073629.979:WARNING:chrome\browser\performance_manager\policies\page_discarding_helper.cc:139] Discarding multiple pages with target (kb): 0, discard_protected_tabs: 0
[15124:15128:0607/073634.999:WARNING:chrome\browser\performance_manager\policies\page_discarding_helper.cc:139] Discarding multiple pages with target (kb): 0, discard_protected_tabs: 0
[15124:15128:0607/073640.019:WARNING:chrome\browser\performance_manager\policies\page_discarding_helper.cc:139] Discarding multiple pages with target (kb): 0, discard_protected_tabs: 0
[15124:15128:0607/073645.019:WARNING:chrome\browser\performance_manager\policies\page_discarding_helper.cc:139] Discarding multiple pages with target (kb): 0, discard_protected_tabs: 0
[15124:15128:0607/073650.039:WARNING:chrome\browser\performance_manager\policies\page_discarding_helper.cc:139] Discarding multiple pages with target (kb): 0, discard_protected_tabs: 0
[15124:15128:0607/073700.039:WARNING:chrome\browser\performance_manager\policies\page_discarding_helper.cc:139] Discarding multiple pages with target (kb): 0, discard_protected_tabs: 0
[15124:15128:0607/073705.059:WARNING:chrome\browser\performance_manager\policies\page_discarding_helper.cc:139] Discarding multiple pages with target (kb): 0, discard_protected_tabs: 0
[15124:15128:0607/073710.059:WARNING:chrome\browser\performance_manager\policies\page_discarding_helper.cc:139] Discarding multiple pages with target (kb): 0, discard_protected_tabs: 0
[15124:15128:0607/073715.059:WARNING:chrome\browser\performance_manager\policies\page_discarding_helper.cc:139] Discarding multiple pages with target (kb): 0, discard_protected_tabs: 0
[15124:15128:0607/073720.079:WARNING:chrome\browser\performance_manager\policies\page_discarding_helper.cc:139] Discarding multiple pages with target (kb): 0, discard_protected_tabs: 0
[15124:15128:0607/073725.079:WARNING:chrome\browser\performance_manager\policies\page_discarding_helper.cc:139] Discarding multiple pages with target (kb): 0, discard_protected_tabs: 0
[15124:15128:0607/073730.079:WARNING:chrome\browser\performance_manager\policies\page_discarding_helper.cc:139] Discarding multiple pages with target (kb): 0, discard_protected_tabs: 0
[15124:15128:0607/073735.099:WARNING:chrome\browser\performance_manager\policies\page_discarding_helper.cc:139] Discarding multiple pages with target (kb): 0, discard_protected_tabs: 0
[15124:15128:0607/073740.119:WARNING:chrome\browser\performance_manager\policies\page_discarding_helper.cc:139] Discarding multiple pages with target (kb): 0, discard_protected_tabs: 0
[15124:15128:0607/073745.139:WARNING:chrome\browser\performance_manager\policies\page_discarding_helper.cc:139] Discarding multiple pages with target (kb): 0, discard_protected_tabs: 0
[15124:15128:0607/073750.139:WARNING:chrome\browser\performance_manager\policies\page_discarding_helper.cc:139] Discarding multiple pages with target (kb): 0, discard_protected_tabs: 0
[15124:15128:0607/073755.140:WARNING:chrome\browser\performance_manager\policies\page_discarding_helper.cc:139] Discarding multiple pages with target (kb): 0, discard_protected_tabs: 0
[15124:15128:0607/073800.159:WARNING:chrome\browser\performance_manager\policies\page_discarding_helper.cc:139] Discarding multiple pages with target (kb): 0, discard_protected_tabs: 0
[15124:15128:0607/073805.179:WARNING:chrome\browser\performance_manager\policies\page_discarding_helper.cc:139] Discarding multiple pages with target (kb): 0, discard_protected_tabs: 0
[15124:15128:0607/073810.199:WARNING:chrome\browser\performance_manager\policies\page_discarding_helper.cc:139] Discarding multiple pages with target (kb): 0, discard_protected_tabs: 0
[15124:15128:0607/073815.219:WARNING:chrome\browser\performance_manager\policies\page_discarding_helper.cc:139] Discarding multiple pages with target (kb): 0, discard_protected_tabs: 0
[15124:15128:0607/073820.220:WARNING:chrome\browser\performance_manager\policies\page_discarding_helper.cc:139] Discarding multiple pages with target (kb): 0, discard_protected_tabs: 0
[15124:15128:0607/073825.239:WARNING:chrome\browser\performance_manager\policies\page_discarding_helper.cc:139] Discarding multiple pages with target (kb): 0, discard_protected_tabs: 0
[15124:15128:0607/073830.260:WARNING:chrome\browser\performance_manager\policies\page_discarding_helper.cc:139] Discarding multiple pages with target (kb): 0, discard_protected_tabs: 0
[15124:15128:0607/073835.279:WARNING:chrome\browser\performance_manager\policies\page_discarding_helper.cc:139] Discarding multiple pages with target (kb): 0, discard_protected_tabs: 0
[15124:15128:0607/073840.299:WARNING:chrome\browser\performance_manager\policies\page_discarding_helper.cc:139] Discarding multiple pages with target (kb): 0, discard_protected_tabs: 0
[15124:15128:0607/073845.300:WARNING:chrome\browser\performance_manager\policies\page_discarding_helper.cc:139] Discarding multiple pages with target (kb): 0, discard_protected_tabs: 0
[15124:15128:0607/073850.300:WARNING:chrome\browser\performance_manager\policies\page_discarding_helper.cc:139] Discarding multiple pages with target (kb): 0, discard_protected_tabs: 0
[15124:15128:0607/073855.319:WARNING:chrome\browser\performance_manager\policies\page_discarding_helper.cc:139] Discarding multiple pages with target (kb): 0, discard_protected_tabs: 0
[15124:15128:0607/073900.319:WARNING:chrome\browser\performance_manager\policies\page_discarding_helper.cc:139] Discarding multiple pages with target (kb): 0, discard_protected_tabs: 0
[15124:15128:0607/073905.319:WARNING:chrome\browser\performance_manager\policies\page_discarding_helper.cc:139] Discarding multiple pages with target (kb): 0, discard_protected_tabs: 0
[15124:15128:0607/073910.339:WARNING:chrome\browser\performance_manager\policies\page_discarding_helper.cc:139] Discarding multiple pages with target (kb): 0, discard_protected_tabs: 0
[15124:15128:0607/073915.360:WARNING:chrome\browser\performance_manager\policies\page_discarding_helper.cc:139] Discarding multiple pages with target (kb): 0, discard_protected_tabs: 0
[15124:15128:0607/073920.379:WARNING:chrome\browser\performance_manager\policies\page_discarding_helper.cc:139] Discarding multiple pages with target (kb): 0, discard_protected_tabs: 0
[15124:15128:0607/073925.379:WARNING:chrome\browser\performance_manager\policies\page_discarding_helper.cc:139] Discarding multiple pages with target (kb): 0, discard_protected_tabs: 0
[15124:15128:0607/073930.399:WARNING:chrome\browser\performance_manager\policies\page_discarding_helper.cc:139] Discarding multiple pages with target (kb): 0, discard_protected_tabs: 0
[15124:15128:0607/073935.399:WARNING:chrome\browser\performance_manager\policies\page_discarding_helper.cc:139] Discarding multiple pages with target (kb): 0, discard_protected_tabs: 0
[15124:15128:0607/073940.419:WARNING:chrome\browser\performance_manager\policies\page_discarding_helper.cc:139] Discarding multiple pages with target (kb): 0, discard_protected_tabs: 0
[15124:15128:0607/073945.419:WARNING:chrome\browser\performance_manager\policies\page_discarding_helper.cc:139] Discarding multiple pages with target (kb): 0, discard_protected_tabs: 0
[15124:15128:0607/073950.439:WARNING:chrome\browser\performance_manager\policies\page_discarding_helper.cc:139] Discarding multiple pages with target (kb): 0, discard_protected_tabs: 0
[15124:15128:0607/073955.440:WARNING:chrome\browser\performance_manager\policies\page_discarding_helper.cc:139] Discarding multiple pages with target (kb): 0, discard_protected_tabs: 0
[15124:15128:0607/074000.459:WARNING:chrome\browser\performance_manager\policies\page_discarding_helper.cc:139] Discarding multiple pages with target (kb): 0, discard_protected_tabs: 0
[15124:15128:0607/074005.479:WARNING:chrome\browser\performance_manager\policies\page_discarding_helper.cc:139] Discarding multiple pages with target (kb): 0, discard_protected_tabs: 0
[15124:15128:0607/074010.480:WARNING:chrome\browser\performance_manager\policies\page_discarding_helper.cc:139] Discarding multiple pages with target (kb): 0, discard_protected_tabs: 0
[15124:15128:0607/074015.480:WARNING:chrome\browser\performance_manager\policies\page_discarding_helper.cc:139] Discarding multiple pages with target (kb): 0, discard_protected_tabs: 0
[15124:15128:0607/074020.499:WARNING:chrome\browser\performance_manager\policies\page_discarding_helper.cc:139] Discarding multiple pages with target (kb): 0, discard_protected_tabs: 0
[15124:15128:0607/074025.499:WARNING:chrome\browser\performance_manager\policies\page_discarding_helper.cc:139] Discarding multiple pages with target (kb): 0, discard_protected_tabs: 0
[15124:15128:0607/074030.519:WARNING:chrome\browser\performance_manager\policies\page_discarding_helper.cc:139] Discarding multiple pages with target (kb): 0, discard_protected_tabs: 0
[15124:15128:0607/074035.520:WARNING:chrome\browser\performance_manager\policies\page_discarding_helper.cc:139] Discarding multiple pages with target (kb): 0, discard_protected_tabs: 0
[15124:15128:0607/074040.539:WARNING:chrome\browser\performance_manager\policies\page_discarding_helper.cc:139] Discarding multiple pages with target (kb): 0, discard_protected_tabs: 0
[15124:15128:0607/074045.540:WARNING:chrome\browser\performance_manager\policies\page_discarding_helper.cc:139] Discarding multiple pages with target (kb): 0, discard_protected_tabs: 0
[15124:15128:0607/074050.559:WARNING:chrome\browser\performance_manager\policies\page_discarding_helper.cc:139] Discarding multiple pages with target (kb): 0, discard_protected_tabs: 0
[15124:15128:0607/074055.579:WARNING:chrome\browser\performance_manager\policies\page_discarding_helper.cc:139] Discarding multiple pages with target (kb): 0, discard_protected_tabs: 0
[15124:15128:0607/074100.599:WARNING:chrome\browser\performance_manager\policies\page_discarding_helper.cc:139] Discarding multiple pages with target (kb): 0, discard_protected_tabs: 0
[15124:15128:0607/074105.599:WARNING:chrome\browser\performance_manager\policies\page_discarding_helper.cc:139] Discarding multiple pages with target (kb): 0, discard_protected_tabs: 0
[15124:15128:0607/074110.600:WARNING:chrome\browser\performance_manager\policies\page_discarding_helper.cc:139] Discarding multiple pages with target (kb): 0, discard_protected_tabs: 0
[15124:15128:0607/074115.620:WARNING:chrome\browser\performance_manager\policies\page_discarding_helper.cc:139] Discarding multiple pages with target (kb): 0, discard_protected_tabs: 0
[15124:15128:0607/074120.639:WARNING:chrome\browser\performance_manager\policies\page_discarding_helper.cc:139] Discarding multiple pages with target (kb): 0, discard_protected_tabs: 0
[15124:15128:0607/074125.659:WARNING:chrome\browser\performance_manager\policies\page_discarding_helper.cc:139] Discarding multiple pages with target (kb): 0, discard_protected_tabs: 0
[15124:15128:0607/074130.659:WARNING:chrome\browser\performance_manager\policies\page_discarding_helper.cc:139] Discarding multiple pages with target (kb): 0, discard_protected_tabs: 0
[15124:15128:0607/074135.679:WARNING:chrome\browser\performance_manager\policies\page_discarding_helper.cc:139] Discarding multiple pages with target (kb): 0, discard_protected_tabs: 0
[15124:15128:0607/074140.679:WARNING:chrome\browser\performance_manager\policies\page_discarding_helper.cc:139] Discarding multiple pages with target (kb): 0, discard_protected_tabs: 0
[15124:15128:0607/074145.699:WARNING:chrome\browser\performance_manager\policies\page_discarding_helper.cc:139] Discarding multiple pages with target (kb): 0, discard_protected_tabs: 0
[15124:15128:0607/074150.700:WARNING:chrome\browser\performance_manager\policies\page_discarding_helper.cc:139] Discarding multiple pages with target (kb): 0, discard_protected_tabs: 0
[15124:15128:0607/074155.720:WARNING:chrome\browser\performance_manager\policies\page_discarding_helper.cc:139] Discarding multiple pages with target (kb): 0, discard_protected_tabs: 0
[15124:15128:0607/074200.739:WARNING:chrome\browser\performance_manager\policies\page_discarding_helper.cc:139] Discarding multiple pages with target (kb): 0, discard_protected_tabs: 0
[15124:15128:0607/074205.740:WARNING:chrome\browser\performance_manager\policies\page_discarding_helper.cc:139] Discarding multiple pages with target (kb): 0, discard_protected_tabs: 0
[15124:15128:0607/074210.760:WARNING:chrome\browser\performance_manager\policies\page_discarding_helper.cc:139] Discarding multiple pages with target (kb): 0, discard_protected_tabs: 0
[15124:15128:0607/074215.779:WARNING:chrome\browser\performance_manager\policies\page_discarding_helper.cc:139] Discarding multiple pages with target (kb): 0, discard_protected_tabs: 0
[15124:15128:0607/074220.779:WARNING:chrome\browser\performance_manager\policies\page_discarding_helper.cc:139] Discarding multiple pages with target (kb): 0, discard_protected_tabs: 0
[15124:15128:0607/074225.799:WARNING:chrome\browser\performance_manager\policies\page_discarding_helper.cc:139] Discarding multiple pages with target (kb): 0, discard_protected_tabs: 0
[15124:15128:0607/074230.799:WARNING:chrome\browser\performance_manager\policies\page_discarding_helper.cc:139] Discarding multiple pages with target (kb): 0, discard_protected_tabs: 0
[15124:15128:0607/074235.800:WARNING:chrome\browser\performance_manager\policies\page_discarding_helper.cc:139] Discarding multiple pages with target (kb): 0, discard_protected_tabs: 0
[15124:15128:0607/074240.820:WARNING:chrome\browser\performance_manager\policies\page_discarding_helper.cc:139] Discarding multiple pages with target (kb): 0, discard_protected_tabs: 0
[15124:15128:0607/074245.839:WARNING:chrome\browser\performance_manager\policies\page_discarding_helper.cc:139] Discarding multiple pages with target (kb): 0, discard_protected_tabs: 0
[15124:15128:0607/074250.859:WARNING:chrome\browser\performance_manager\policies\page_discarding_helper.cc:139] Discarding multiple pages with target (kb): 0, discard_protected_tabs: 0
[15124:15128:0607/074255.860:WARNING:chrome\browser\performance_manager\policies\page_discarding_helper.cc:139] Discarding multiple pages with target (kb): 0, discard_protected_tabs: 0
[15124:15128:0607/074300.879:WARNING:chrome\browser\performance_manager\policies\page_discarding_helper.cc:139] Discarding multiple pages with target (kb): 0, discard_protected_tabs: 0
[15124:15128:0607/074305.879:WARNING:chrome\browser\performance_manager\policies\page_discarding_helper.cc:139] Discarding multiple pages with target (kb): 0, discard_protected_tabs: 0
[15124:15128:0607/074310.879:WARNING:chrome\browser\performance_manager\policies\page_discarding_helper.cc:139] Discarding multiple pages with target (kb): 0, discard_protected_tabs: 0
[15124:15128:0607/074315.899:WARNING:chrome\browser\performance_manager\policies\page_discarding_helper.cc:139] Discarding multiple pages with target (kb): 0, discard_protected_tabs: 0
[15124:15128:0607/074320.919:WARNING:chrome\browser\performance_manager\policies\page_discarding_helper.cc:139] Discarding multiple pages with target (kb): 0, discard_protected_tabs: 0
[15124:15128:0607/074325.939:WARNING:chrome\browser\performance_manager\policies\page_discarding_helper.cc:139] Discarding multiple pages with target (kb): 0, discard_protected_tabs: 0
[15124:15128:0607/074330.939:WARNING:chrome\browser\performance_manager\policies\page_discarding_helper.cc:139] Discarding multiple pages with target (kb): 0, discard_protected_tabs: 0
[15124:15128:0607/074335.959:WARNING:chrome\browser\performance_manager\policies\page_discarding_helper.cc:139] Discarding multiple pages with target (kb): 0, discard_protected_tabs: 0
[15124:15128:0607/074345.979:WARNING:chrome\browser\performance_manager\policies\page_discarding_helper.cc:139] Discarding multiple pages with target (kb): 0, discard_protected_tabs: 0
[15124:15128:0607/074350.979:WARNING:chrome\browser\performance_manager\policies\page_discarding_helper.cc:139] Discarding multiple pages with target (kb): 0, discard_protected_tabs: 0
[15124:15128:0607/080028.299:WARNING:chrome\browser\performance_manager\policies\page_discarding_helper.cc:139] Discarding multiple pages with target (kb): 0, discard_protected_tabs: 0
[15124:15128:0607/080253.719:WARNING:chrome\browser\performance_manager\policies\page_discarding_helper.cc:139] Discarding multiple pages with target (kb): 0, discard_protected_tabs: 0
[15124:15128:0607/080258.720:WARNING:chrome\browser\performance_manager\policies\page_discarding_helper.cc:139] Discarding multiple pages with target (kb): 0, discard_protected_tabs: 0
[15124:15128:0607/080303.739:WARNING:chrome\browser\performance_manager\policies\page_discarding_helper.cc:139] Discarding multiple pages with target (kb): 0, discard_protected_tabs: 0
[15124:15128:0607/080308.759:WARNING:chrome\browser\performance_manager\policies\page_discarding_helper.cc:139] Discarding multiple pages with target (kb): 0, discard_protected_tabs: 0
[15124:15128:0607/080313.759:WARNING:chrome\browser\performance_manager\policies\page_discarding_helper.cc:139] Discarding multiple pages with target (kb): 0, discard_protected_tabs: 0
[15124:15128:0607/080318.780:WARNING:chrome\browser\performance_manager\policies\page_discarding_helper.cc:139] Discarding multiple pages with target (kb): 0, discard_protected_tabs: 0
[15124:15128:0607/080323.799:WARNING:chrome\browser\performance_manager\policies\page_discarding_helper.cc:139] Discarding multiple pages with target (kb): 0, discard_protected_tabs: 0
[15124:15128:0607/080338.820:WARNING:chrome\browser\performance_manager\policies\page_discarding_helper.cc:139] Discarding multiple pages with target (kb): 0, discard_protected_tabs: 0
[15124:15128:0607/080343.839:WARNING:chrome\browser\performance_manager\policies\page_discarding_helper.cc:139] Discarding multiple pages with target (kb): 0, discard_protected_tabs: 0
[15124:15128:0607/080348.839:WARNING:chrome\browser\performance_manager\policies\page_discarding_helper.cc:139] Discarding multiple pages with target (kb): 0, discard_protected_tabs: 0
[15124:15128:0607/080353.859:WARNING:chrome\browser\performance_manager\policies\page_discarding_helper.cc:139] Discarding multiple pages with target (kb): 0, discard_protected_tabs: 0
[15124:15128:0607/080358.879:WARNING:chrome\browser\performance_manager\policies\page_discarding_helper.cc:139] Discarding multiple pages with target (kb): 0, discard_protected_tabs: 0
[15124:15128:0607/080403.880:WARNING:chrome\browser\performance_manager\policies\page_discarding_helper.cc:139] Discarding multiple pages with target (kb): 0, discard_protected_tabs: 0
[15124:15128:0607/080408.880:WARNING:chrome\browser\performance_manager\policies\page_discarding_helper.cc:139] Discarding multiple pages with target (kb): 0, discard_protected_tabs: 0
[15124:15128:0607/080413.899:WARNING:chrome\browser\performance_manager\policies\page_discarding_helper.cc:139] Discarding multiple pages with target (kb): 0, discard_protected_tabs: 0
[15124:15128:0607/080418.899:WARNING:chrome\browser\performance_manager\policies\page_discarding_helper.cc:139] Discarding multiple pages with target (kb): 0, discard_protected_tabs: 0
[15124:15128:0607/080423.919:WARNING:chrome\browser\performance_manager\policies\page_discarding_helper.cc:139] Discarding multiple pages with target (kb): 0, discard_protected_tabs: 0
[15124:15128:0607/080428.919:WARNING:chrome\browser\performance_manager\policies\page_discarding_helper.cc:139] Discarding multiple pages with target (kb): 0, discard_protected_tabs: 0
[15124:15128:0607/080433.939:WARNING:chrome\browser\performance_manager\policies\page_discarding_helper.cc:139] Discarding multiple pages with target (kb): 0, discard_protected_tabs: 0
[15124:15128:0607/080438.939:WARNING:chrome\browser\performance_manager\policies\page_discarding_helper.cc:139] Discarding multiple pages with target (kb): 0, discard_protected_tabs: 0
[15124:15128:0607/080443.959:WARNING:chrome\browser\performance_manager\policies\page_discarding_helper.cc:139] Discarding multiple pages with target (kb): 0, discard_protected_tabs: 0
[15124:15128:0607/080448.959:WARNING:chrome\browser\performance_manager\policies\page_discarding_helper.cc:139] Discarding multiple pages with target (kb): 0, discard_protected_tabs: 0
[15124:15128:0607/080453.979:WARNING:chrome\browser\performance_manager\policies\page_discarding_helper.cc:139] Discarding multiple pages with target (kb): 0, discard_protected_tabs: 0
[15124:15128:0607/080458.999:WARNING:chrome\browser\performance_manager\policies\page_discarding_helper.cc:139] Discarding multiple pages with target (kb): 0, discard_protected_tabs: 0
[15124:15128:0607/080504.019:WARNING:chrome\browser\performance_manager\policies\page_discarding_helper.cc:139] Discarding multiple pages with target (kb): 0, discard_protected_tabs: 0
[15124:15128:0607/080509.019:WARNING:chrome\browser\performance_manager\policies\page_discarding_helper.cc:139] Discarding multiple pages with target (kb): 0, discard_protected_tabs: 0
[15124:15128:0607/080514.039:WARNING:chrome\browser\performance_manager\policies\page_discarding_helper.cc:139] Discarding multiple pages with target (kb): 0, discard_protected_tabs: 0
[15124:15128:0607/080519.059:WARNING:chrome\browser\performance_manager\policies\page_discarding_helper.cc:139] Discarding multiple pages with target (kb): 0, discard_protected_tabs: 0
[15124:15128:0607/080524.059:WARNING:chrome\browser\performance_manager\policies\page_discarding_helper.cc:139] Discarding multiple pages with target (kb): 0, discard_protected_tabs: 0
[15124:15128:0607/080529.060:WARNING:chrome\browser\performance_manager\policies\page_discarding_helper.cc:139] Discarding multiple pages with target (kb): 0, discard_protected_tabs: 0
[15124:15128:0607/080534.060:WARNING:chrome\browser\performance_manager\policies\page_discarding_helper.cc:139] Discarding multiple pages with target (kb): 0, discard_protected_tabs: 0
[15124:15128:0607/080619.200:WARNING:chrome\browser\performance_manager\policies\page_discarding_helper.cc:139] Discarding multiple pages with target (kb): 0, discard_protected_tabs: 0
[15124:15128:0607/080624.219:WARNING:chrome\browser\performance_manager\policies\page_discarding_helper.cc:139] Discarding multiple pages with target (kb): 0, discard_protected_tabs: 0
[15124:15128:0607/080629.219:WARNING:chrome\browser\performance_manager\policies\page_discarding_helper.cc:139] Discarding multiple pages with target (kb): 0, discard_protected_tabs: 0
[15124:15128:0607/080634.239:WARNING:chrome\browser\performance_manager\policies\page_discarding_helper.cc:139] Discarding multiple pages with target (kb): 0, discard_protected_tabs: 0
[15124:15128:0607/080639.240:WARNING:chrome\browser\performance_manager\policies\page_discarding_helper.cc:139] Discarding multiple pages with target (kb): 0, discard_protected_tabs: 0
[15124:15128:0607/080644.260:WARNING:chrome\browser\performance_manager\policies\page_discarding_helper.cc:139] Discarding multiple pages with target (kb): 0, discard_protected_tabs: 0
[15124:15128:0607/080649.279:WARNING:chrome\browser\performance_manager\policies\page_discarding_helper.cc:139] Discarding multiple pages with target (kb): 0, discard_protected_tabs: 0
[15124:15128:0607/080654.299:WARNING:chrome\browser\performance_manager\policies\page_discarding_helper.cc:139] Discarding multiple pages with target (kb): 0, discard_protected_tabs: 0
[15124:15128:0607/080659.300:WARNING:chrome\browser\performance_manager\policies\page_discarding_helper.cc:139] Discarding multiple pages with target (kb): 0, discard_protected_tabs: 0
[15124:15128:0607/080704.319:WARNING:chrome\browser\performance_manager\policies\page_discarding_helper.cc:139] Discarding multiple pages with target (kb): 0, discard_protected_tabs: 0
[15124:15128:0607/080709.320:WARNING:chrome\browser\performance_manager\policies\page_discarding_helper.cc:139] Discarding multiple pages with target (kb): 0, discard_protected_tabs: 0
[15124:15128:0607/080714.320:WARNING:chrome\browser\performance_manager\policies\page_discarding_helper.cc:139] Discarding multiple pages with target (kb): 0, discard_protected_tabs: 0
[15124:15128:0607/080719.339:WARNING:chrome\browser\performance_manager\policies\page_discarding_helper.cc:139] Discarding multiple pages with target (kb): 0, discard_protected_tabs: 0
[15124:15128:0607/080724.360:WARNING:chrome\browser\performance_manager\policies\page_discarding_helper.cc:139] Discarding multiple pages with target (kb): 0, discard_protected_tabs: 0
[15124:15128:0607/080729.379:WARNING:chrome\browser\performance_manager\policies\page_discarding_helper.cc:139] Discarding multiple pages with target (kb): 0, discard_protected_tabs: 0
[15124:15128:0607/080734.379:WARNING:chrome\browser\performance_manager\policies\page_discarding_helper.cc:139] Discarding multiple pages with target (kb): 0, discard_protected_tabs: 0
[15124:15128:0607/080739.399:WARNING:chrome\browser\performance_manager\policies\page_discarding_helper.cc:139] Discarding multiple pages with target (kb): 0, discard_protected_tabs: 0
[15124:15128:0607/080744.419:WARNING:chrome\browser\performance_manager\policies\page_discarding_helper.cc:139] Discarding multiple pages with target (kb): 0, discard_protected_tabs: 0
[15124:15128:0607/080749.419:WARNING:chrome\browser\performance_manager\policies\page_discarding_helper.cc:139] Discarding multiple pages with target (kb): 0, discard_protected_tabs: 0
[15124:15128:0607/080754.439:WARNING:chrome\browser\performance_manager\policies\page_discarding_helper.cc:139] Discarding multiple pages with target (kb): 0, discard_protected_tabs: 0
[15124:15128:0607/080759.439:WARNING:chrome\browser\performance_manager\policies\page_discarding_helper.cc:139] Discarding multiple pages with target (kb): 0, discard_protected_tabs: 0
[15124:15128:0607/080804.459:WARNING:chrome\browser\performance_manager\policies\page_discarding_helper.cc:139] Discarding multiple pages with target (kb): 0, discard_protected_tabs: 0
[15124:15128:0607/080809.479:WARNING:chrome\browser\performance_manager\policies\page_discarding_helper.cc:139] Discarding multiple pages with target (kb): 0, discard_protected_tabs: 0
[15124:15128:0607/080814.479:WARNING:chrome\browser\performance_manager\policies\page_discarding_helper.cc:139] Discarding multiple pages with target (kb): 0, discard_protected_tabs: 0
[15124:15128:0607/080819.499:WARNING:chrome\browser\performance_manager\policies\page_discarding_helper.cc:139] Discarding multiple pages with target (kb): 0, discard_protected_tabs: 0
[15124:15128:0607/080824.519:WARNING:chrome\browser\performance_manager\policies\page_discarding_helper.cc:139] Discarding multiple pages with target (kb): 0, discard_protected_tabs: 0
[15124:15128:0607/080829.520:WARNING:chrome\browser\performance_manager\policies\page_discarding_helper.cc:139] Discarding multiple pages with target (kb): 0, discard_protected_tabs: 0
[15124:15128:0607/080834.539:WARNING:chrome\browser\performance_manager\policies\page_discarding_helper.cc:139] Discarding multiple pages with target (kb): 0, discard_protected_tabs: 0
[15124:15128:0607/080839.540:WARNING:chrome\browser\performance_manager\policies\page_discarding_helper.cc:139] Discarding multiple pages with target (kb): 0, discard_protected_tabs: 0
[15124:15128:0607/080844.560:WARNING:chrome\browser\performance_manager\policies\page_discarding_helper.cc:139] Discarding multiple pages with target (kb): 0, discard_protected_tabs: 0
[15124:15128:0607/080849.580:WARNING:chrome\browser\performance_manager\policies\page_discarding_helper.cc:139] Discarding multiple pages with target (kb): 0, discard_protected_tabs: 0
[15124:15128:0607/080854.599:WARNING:chrome\browser\performance_manager\policies\page_discarding_helper.cc:139] Discarding multiple pages with target (kb): 0, discard_protected_tabs: 0
[15124:15128:0607/080859.619:WARNING:chrome\browser\performance_manager\policies\page_discarding_helper.cc:139] Discarding multiple pages with target (kb): 0, discard_protected_tabs: 0
[15124:15128:0607/080904.619:WARNING:chrome\browser\performance_manager\policies\page_discarding_helper.cc:139] Discarding multiple pages with target (kb): 0, discard_protected_tabs: 0
[15124:15128:0607/080909.639:WARNING:chrome\browser\performance_manager\policies\page_discarding_helper.cc:139] Discarding multiple pages with target (kb): 0, discard_protected_tabs: 0
[15124:15128:0607/080914.659:WARNING:chrome\browser\performance_manager\policies\page_discarding_helper.cc:139] Discarding multiple pages with target (kb): 0, discard_protected_tabs: 0
[15124:15128:0607/080919.659:WARNING:chrome\browser\performance_manager\policies\page_discarding_helper.cc:139] Discarding multiple pages with target (kb): 0, discard_protected_tabs: 0
[15124:15128:0607/080924.679:WARNING:chrome\browser\performance_manager\policies\page_discarding_helper.cc:139] Discarding multiple pages with target (kb): 0, discard_protected_tabs: 0
[15124:15128:0607/080929.680:WARNING:chrome\browser\performance_manager\policies\page_discarding_helper.cc:139] Discarding multiple pages with target (kb): 0, discard_protected_tabs: 0
[15124:15128:0607/080934.699:WARNING:chrome\browser\performance_manager\policies\page_discarding_helper.cc:139] Discarding multiple pages with target (kb): 0, discard_protected_tabs: 0
[15124:15128:0607/080939.699:WARNING:chrome\browser\performance_manager\policies\page_discarding_helper.cc:139] Discarding multiple pages with target (kb): 0, discard_protected_tabs: 0
[15124:15128:0607/080944.699:WARNING:chrome\browser\performance_manager\policies\page_discarding_helper.cc:139] Discarding multiple pages with target (kb): 0, discard_protected_tabs: 0
[15124:15128:0607/080949.700:WARNING:chrome\browser\performance_manager\policies\page_discarding_helper.cc:139] Discarding multiple pages with target (kb): 0, discard_protected_tabs: 0
[15124:15128:0607/080954.719:WARNING:chrome\browser\performance_manager\policies\page_discarding_helper.cc:139] Discarding multiple pages with target (kb): 0, discard_protected_tabs: 0
[15124:15128:0607/080959.740:WARNING:chrome\browser\performance_manager\policies\page_discarding_helper.cc:139] Discarding multiple pages with target (kb): 0, discard_protected_tabs: 0
[15124:15128:0607/081004.760:WARNING:chrome\browser\performance_manager\policies\page_discarding_helper.cc:139] Discarding multiple pages with target (kb): 0, discard_protected_tabs: 0
[15124:15128:0607/081009.779:WARNING:chrome\browser\performance_manager\policies\page_discarding_helper.cc:139] Discarding multiple pages with target (kb): 0, discard_protected_tabs: 0
[15124:15128:0607/081014.779:WARNING:chrome\browser\performance_manager\policies\page_discarding_helper.cc:139] Discarding multiple pages with target (kb): 0, discard_protected_tabs: 0
[15124:15128:0607/081019.799:WARNING:chrome\browser\performance_manager\policies\page_discarding_helper.cc:139] Discarding multiple pages with target (kb): 0, discard_protected_tabs: 0
[15124:15128:0607/081024.800:WARNING:chrome\browser\performance_manager\policies\page_discarding_helper.cc:139] Discarding multiple pages with target (kb): 0, discard_protected_tabs: 0
[15124:15128:0607/081029.819:WARNING:chrome\browser\performance_manager\policies\page_discarding_helper.cc:139] Discarding multiple pages with target (kb): 0, discard_protected_tabs: 0
[15124:15128:0607/081034.839:WARNING:chrome\browser\performance_manager\policies\page_discarding_helper.cc:139] Discarding multiple pages with target (kb): 0, discard_protected_tabs: 0
[15124:15128:0607/081039.859:WARNING:chrome\browser\performance_manager\policies\page_discarding_helper.cc:139] Discarding multiple pages with target (kb): 0, discard_protected_tabs: 0
[15124:15128:0607/081044.859:WARNING:chrome\browser\performance_manager\policies\page_discarding_helper.cc:139] Discarding multiple pages with target (kb): 0, discard_protected_tabs: 0
[15124:15128:0607/081049.859:WARNING:chrome\browser\performance_manager\policies\page_discarding_helper.cc:139] Discarding multiple pages with target (kb): 0, discard_protected_tabs: 0
[15124:15128:0607/081054.859:WARNING:chrome\browser\performance_manager\policies\page_discarding_helper.cc:139] Discarding multiple pages with target (kb): 0, discard_protected_tabs: 0
[15124:15128:0607/081059.879:WARNING:chrome\browser\performance_manager\policies\page_discarding_helper.cc:139] Discarding multiple pages with target (kb): 0, discard_protected_tabs: 0
[15124:15128:0607/081104.879:WARNING:chrome\browser\performance_manager\policies\page_discarding_helper.cc:139] Discarding multiple pages with target (kb): 0, discard_protected_tabs: 0
[15124:15128:0607/081109.899:WARNING:chrome\browser\performance_manager\policies\page_discarding_helper.cc:139] Discarding multiple pages with target (kb): 0, discard_protected_tabs: 0
[15124:15128:0607/083332.899:WARNING:chrome\browser\performance_manager\policies\page_discarding_helper.cc:139] Discarding multiple pages with target (kb): 0, discard_protected_tabs: 0
[15124:15128:0607/083352.939:WARNING:chrome\browser\performance_manager\policies\page_discarding_helper.cc:139] Discarding multiple pages with target (kb): 0, discard_protected_tabs: 0
[15124:15128:0607/083357.959:WARNING:chrome\browser\performance_manager\policies\page_discarding_helper.cc:139] Discarding multiple pages with target (kb): 0, discard_protected_tabs: 0
[15124:15128:0607/083402.960:WARNING:chrome\browser\performance_manager\policies\page_discarding_helper.cc:139] Discarding multiple pages with target (kb): 0, discard_protected_tabs: 0
[15124:15128:0607/083407.979:WARNING:chrome\browser\performance_manager\policies\page_discarding_helper.cc:139] Discarding multiple pages with target (kb): 0, discard_protected_tabs: 0
[15124:15128:0607/083412.999:WARNING:chrome\browser\performance_manager\policies\page_discarding_helper.cc:139] Discarding multiple pages with target (kb): 0, discard_protected_tabs: 0
[15124:15128:0607/083418.000:WARNING:chrome\browser\performance_manager\policies\page_discarding_helper.cc:139] Discarding multiple pages with target (kb): 0, discard_protected_tabs: 0
[15124:15128:0607/083422.999:WARNING:chrome\browser\performance_manager\policies\page_discarding_helper.cc:139] Discarding multiple pages with target (kb): 0, discard_protected_tabs: 0
[15124:15128:0607/083428.019:WARNING:chrome\browser\performance_manager\policies\page_discarding_helper.cc:139] Discarding multiple pages with target (kb): 0, discard_protected_tabs: 0
[15124:15128:0607/083433.019:WARNING:chrome\browser\performance_manager\policies\page_discarding_helper.cc:139] Discarding multiple pages with target (kb): 0, discard_protected_tabs: 0
[15124:15128:0607/083438.040:WARNING:chrome\browser\performance_manager\policies\page_discarding_helper.cc:139] Discarding multiple pages with target (kb): 0, discard_protected_tabs: 0
[15124:15128:0607/085641.180:WARNING:chrome\browser\performance_manager\policies\page_discarding_helper.cc:139] Discarding multiple pages with target (kb): 0, discard_protected_tabs: 0
[15124:15128:0607/085646.199:WARNING:chrome\browser\performance_manager\policies\page_discarding_helper.cc:139] Discarding multiple pages with target (kb): 0, discard_protected_tabs: 0
[15124:15128:0607/085651.219:WARNING:chrome\browser\performance_manager\policies\page_discarding_helper.cc:139] Discarding multiple pages with target (kb): 0, discard_protected_tabs: 0
[15124:15128:0607/085656.220:WARNING:chrome\browser\performance_manager\policies\page_discarding_helper.cc:139] Discarding multiple pages with target (kb): 0, discard_protected_tabs: 0
[15124:15128:0607/085711.279:WARNING:chrome\browser\performance_manager\policies\page_discarding_helper.cc:139] Discarding multiple pages with target (kb): 0, discard_protected_tabs: 0
[15124:15128:0607/085716.299:WARNING:chrome\browser\performance_manager\policies\page_discarding_helper.cc:139] Discarding multiple pages with target (kb): 0, discard_protected_tabs: 0
[15124:15128:0607/085741.359:WARNING:chrome\browser\performance_manager\policies\page_discarding_helper.cc:139] Discarding multiple pages with target (kb): 0, discard_protected_tabs: 0
[15124:15128:0607/085746.359:WARNING:chrome\browser\performance_manager\policies\page_discarding_helper.cc:139] Discarding multiple pages with target (kb): 0, discard_protected_tabs: 0
[15124:15128:0607/085841.520:WARNING:chrome\browser\performance_manager\policies\page_discarding_helper.cc:139] Discarding multiple pages with target (kb): 0, discard_protected_tabs: 0
[15124:15128:0607/085906.580:WARNING:chrome\browser\performance_manager\policies\page_discarding_helper.cc:139] Discarding multiple pages with target (kb): 0, discard_protected_tabs: 0
[15124:15128:0607/085911.599:WARNING:chrome\browser\performance_manager\policies\page_discarding_helper.cc:139] Discarding multiple pages with target (kb): 0, discard_protected_tabs: 0
[15124:15128:0607/085916.599:WARNING:chrome\browser\performance_manager\policies\page_discarding_helper.cc:139] Discarding multiple pages with target (kb): 0, discard_protected_tabs: 0
[15124:15128:0607/085921.600:WARNING:chrome\browser\performance_manager\policies\page_discarding_helper.cc:139] Discarding multiple pages with target (kb): 0, discard_protected_tabs: 0
[15124:15128:0607/085926.620:WARNING:chrome\browser\performance_manager\policies\page_discarding_helper.cc:139] Discarding multiple pages with target (kb): 0, discard_protected_tabs: 0
[15124:15128:0607/085941.659:WARNING:chrome\browser\performance_manager\policies\page_discarding_helper.cc:139] Discarding multiple pages with target (kb): 0, discard_protected_tabs: 0
[15124:15128:0607/085946.679:WARNING:chrome\browser\performance_manager\policies\page_discarding_helper.cc:139] Discarding multiple pages with target (kb): 0, discard_protected_tabs: 0
[15124:15128:0607/085951.679:WARNING:chrome\browser\performance_manager\policies\page_discarding_helper.cc:139] Discarding multiple pages with target (kb): 0, discard_protected_tabs: 0
[15124:15128:0607/085956.700:WARNING:chrome\browser\performance_manager\policies\page_discarding_helper.cc:139] Discarding multiple pages with target (kb): 0, discard_protected_tabs: 0
[15124:15128:0607/090001.719:WARNING:chrome\browser\performance_manager\policies\page_discarding_helper.cc:139] Discarding multiple pages with target (kb): 0, discard_protected_tabs: 0
[15124:15128:0607/090006.720:WARNING:chrome\browser\performance_manager\policies\page_discarding_helper.cc:139] Discarding multiple pages with target (kb): 0, discard_protected_tabs: 0
[15124:15128:0607/090011.739:WARNING:chrome\browser\performance_manager\policies\page_discarding_helper.cc:139] Discarding multiple pages with target (kb): 0, discard_protected_tabs: 0
[15124:15128:0607/090016.739:WARNING:chrome\browser\performance_manager\policies\page_discarding_helper.cc:139] Discarding multiple pages with target (kb): 0, discard_protected_tabs: 0
[15124:15128:0607/090021.759:WARNING:chrome\browser\performance_manager\policies\page_discarding_helper.cc:139] Discarding multiple pages with target (kb): 0, discard_protected_tabs: 0
[15124:15128:0607/090026.760:WARNING:chrome\browser\performance_manager\policies\page_discarding_helper.cc:139] Discarding multiple pages with target (kb): 0, discard_protected_tabs: 0
[15124:15128:0607/090031.759:WARNING:chrome\browser\performance_manager\policies\page_discarding_helper.cc:139] Discarding multiple pages with target (kb): 0, discard_protected_tabs: 0
[15124:15128:0607/090036.779:WARNING:chrome\browser\performance_manager\policies\page_discarding_helper.cc:139] Discarding multiple pages with target (kb): 0, discard_protected_tabs: 0
[15124:15128:0607/090041.779:WARNING:chrome\browser\performance_manager\policies\page_discarding_helper.cc:139] Discarding multiple pages with target (kb): 0, discard_protected_tabs: 0
[15124:15128:0607/090046.799:WARNING:chrome\browser\performance_manager\policies\page_discarding_helper.cc:139] Discarding multiple pages with target (kb): 0, discard_protected_tabs: 0
[15124:15128:0607/090051.819:WARNING:chrome\browser\performance_manager\policies\page_discarding_helper.cc:139] Discarding multiple pages with target (kb): 0, discard_protected_tabs: 0
[15124:15128:0607/090056.839:WARNING:chrome\browser\performance_manager\policies\page_discarding_helper.cc:139] Discarding multiple pages with target (kb): 0, discard_protected_tabs: 0
[15124:15128:0607/090101.840:WARNING:chrome\browser\performance_manager\policies\page_discarding_helper.cc:139] Discarding multiple pages with target (kb): 0, discard_protected_tabs: 0
[15124:15128:0607/090106.860:WARNING:chrome\browser\performance_manager\policies\page_discarding_helper.cc:139] Discarding multiple pages with target (kb): 0, discard_protected_tabs: 0
[15124:15128:0607/090111.879:WARNING:chrome\browser\performance_manager\policies\page_discarding_helper.cc:139] Discarding multiple pages with target (kb): 0, discard_protected_tabs: 0
[15124:15128:0607/090116.880:WARNING:chrome\browser\performance_manager\policies\page_discarding_helper.cc:139] Discarding multiple pages with target (kb): 0, discard_protected_tabs: 0
[15124:15128:0607/090121.900:WARNING:chrome\browser\performance_manager\policies\page_discarding_helper.cc:139] Discarding multiple pages with target (kb): 0, discard_protected_tabs: 0
[15124:15128:0607/090126.919:WARNING:chrome\browser\performance_manager\policies\page_discarding_helper.cc:139] Discarding multiple pages with target (kb): 0, discard_protected_tabs: 0
[15124:15128:0607/090131.939:WARNING:chrome\browser\performance_manager\policies\page_discarding_helper.cc:139] Discarding multiple pages with target (kb): 0, discard_protected_tabs: 0
[15124:15128:0607/090136.959:WARNING:chrome\browser\performance_manager\policies\page_discarding_helper.cc:139] Discarding multiple pages with target (kb): 0, discard_protected_tabs: 0
[15124:15128:0607/090141.960:WARNING:chrome\browser\performance_manager\policies\page_discarding_helper.cc:139] Discarding multiple pages with target (kb): 0, discard_protected_tabs: 0
[15124:15128:0607/090146.979:WARNING:chrome\browser\performance_manager\policies\page_discarding_helper.cc:139] Discarding multiple pages with target (kb): 0, discard_protected_tabs: 0
[15124:15128:0607/090151.979:WARNING:chrome\browser\performance_manager\policies\page_discarding_helper.cc:139] Discarding multiple pages with target (kb): 0, discard_protected_tabs: 0
[15124:15128:0607/090156.979:WARNING:chrome\browser\performance_manager\policies\page_discarding_helper.cc:139] Discarding multiple pages with target (kb): 0, discard_protected_tabs: 0
[15124:15128:0607/090201.999:WARNING:chrome\browser\performance_manager\policies\page_discarding_helper.cc:139] Discarding multiple pages with target (kb): 0, discard_protected_tabs: 0
[15124:15128:0607/090206.999:WARNING:chrome\browser\performance_manager\policies\page_discarding_helper.cc:139] Discarding multiple pages with target (kb): 0, discard_protected_tabs: 0
[15124:15128:0607/090212.019:WARNING:chrome\browser\performance_manager\policies\page_discarding_helper.cc:139] Discarding multiple pages with target (kb): 0, discard_protected_tabs: 0
[15124:15128:0607/090217.019:WARNING:chrome\browser\performance_manager\policies\page_discarding_helper.cc:139] Discarding multiple pages with target (kb): 0, discard_protected_tabs: 0
[15124:15128:0607/090222.020:WARNING:chrome\browser\performance_manager\policies\page_discarding_helper.cc:139] Discarding multiple pages with target (kb): 0, discard_protected_tabs: 0
[15124:15128:0607/090227.039:WARNING:chrome\browser\performance_manager\policies\page_discarding_helper.cc:139] Discarding multiple pages with target (kb): 0, discard_protected_tabs: 0
[15124:15128:0607/090232.059:WARNING:chrome\browser\performance_manager\policies\page_discarding_helper.cc:139] Discarding multiple pages with target (kb): 0, discard_protected_tabs: 0
[15124:15128:0607/090237.059:WARNING:chrome\browser\performance_manager\policies\page_discarding_helper.cc:139] Discarding multiple pages with target (kb): 0, discard_protected_tabs: 0
[15124:15128:0607/090242.079:WARNING:chrome\browser\performance_manager\policies\page_discarding_helper.cc:139] Discarding multiple pages with target (kb): 0, discard_protected_tabs: 0
[15124:15128:0607/090247.099:WARNING:chrome\browser\performance_manager\policies\page_discarding_helper.cc:139] Discarding multiple pages with target (kb): 0, discard_protected_tabs: 0
[15124:15128:0607/090252.099:WARNING:chrome\browser\performance_manager\policies\page_discarding_helper.cc:139] Discarding multiple pages with target (kb): 0, discard_protected_tabs: 0
[15124:15128:0607/090257.119:WARNING:chrome\browser\performance_manager\policies\page_discarding_helper.cc:139] Discarding multiple pages with target (kb): 0, discard_protected_tabs: 0
[15124:15128:0607/090302.139:WARNING:chrome\browser\performance_manager\policies\page_discarding_helper.cc:139] Discarding multiple pages with target (kb): 0, discard_protected_tabs: 0
[15124:15128:0607/090307.159:WARNING:chrome\browser\performance_manager\policies\page_discarding_helper.cc:139] Discarding multiple pages with target (kb): 0, discard_protected_tabs: 0
[15124:15128:0607/090312.179:WARNING:chrome\browser\performance_manager\policies\page_discarding_helper.cc:139] Discarding multiple pages with target (kb): 0, discard_protected_tabs: 0
[15124:15128:0607/090317.199:WARNING:chrome\browser\performance_manager\policies\page_discarding_helper.cc:139] Discarding multiple pages with target (kb): 0, discard_protected_tabs: 0
[15124:15128:0607/090322.200:WARNING:chrome\browser\performance_manager\policies\page_discarding_helper.cc:139] Discarding multiple pages with target (kb): 0, discard_protected_tabs: 0
[15124:15128:0607/090327.200:WARNING:chrome\browser\performance_manager\policies\page_discarding_helper.cc:139] Discarding multiple pages with target (kb): 0, discard_protected_tabs: 0
[15124:15128:0607/090332.219:WARNING:chrome\browser\performance_manager\policies\page_discarding_helper.cc:139] Discarding multiple pages with target (kb): 0, discard_protected_tabs: 0
[15124:15128:0607/090337.239:WARNING:chrome\browser\performance_manager\policies\page_discarding_helper.cc:139] Discarding multiple pages with target (kb): 0, discard_protected_tabs: 0
[15124:15128:0607/090342.259:WARNING:chrome\browser\performance_manager\policies\page_discarding_helper.cc:139] Discarding multiple pages with target (kb): 0, discard_protected_tabs: 0
[15124:15128:0607/090347.259:WARNING:chrome\browser\performance_manager\policies\page_discarding_helper.cc:139] Discarding multiple pages with target (kb): 0, discard_protected_tabs: 0
[15124:15128:0607/090352.279:WARNING:chrome\browser\performance_manager\policies\page_discarding_helper.cc:139] Discarding multiple pages with target (kb): 0, discard_protected_tabs: 0
[15124:15128:0607/090357.280:WARNING:chrome\browser\performance_manager\policies\page_discarding_helper.cc:139] Discarding multiple pages with target (kb): 0, discard_protected_tabs: 0
[15124:15128:0607/090402.299:WARNING:chrome\browser\performance_manager\policies\page_discarding_helper.cc:139] Discarding multiple pages with target (kb): 0, discard_protected_tabs: 0
[15124:15128:0607/090407.299:WARNING:chrome\browser\performance_manager\policies\page_discarding_helper.cc:139] Discarding multiple pages with target (kb): 0, discard_protected_tabs: 0
[15124:15128:0607/090412.319:WARNING:chrome\browser\performance_manager\policies\page_discarding_helper.cc:139] Discarding multiple pages with target (kb): 0, discard_protected_tabs: 0
[15124:15128:0607/090417.339:WARNING:chrome\browser\performance_manager\policies\page_discarding_helper.cc:139] Discarding multiple pages with target (kb): 0, discard_protected_tabs: 0
[15124:15128:0607/090422.340:WARNING:chrome\browser\performance_manager\policies\page_discarding_helper.cc:139] Discarding multiple pages with target (kb): 0, discard_protected_tabs: 0
[15124:15128:0607/090427.359:WARNING:chrome\browser\performance_manager\policies\page_discarding_helper.cc:139] Discarding multiple pages with target (kb): 0, discard_protected_tabs: 0
[15124:15128:0607/090432.379:WARNING:chrome\browser\performance_manager\policies\page_discarding_helper.cc:139] Discarding multiple pages with target (kb): 0, discard_protected_tabs: 0
[15124:15128:0607/090437.399:WARNING:chrome\browser\performance_manager\policies\page_discarding_helper.cc:139] Discarding multiple pages with target (kb): 0, discard_protected_tabs: 0
[15124:15128:0607/090442.399:WARNING:chrome\browser\performance_manager\policies\page_discarding_helper.cc:139] Discarding multiple pages with target (kb): 0, discard_protected_tabs: 0
[15124:15128:0607/090447.400:WARNING:chrome\browser\performance_manager\policies\page_discarding_helper.cc:139] Discarding multiple pages with target (kb): 0, discard_protected_tabs: 0
[15124:15128:0607/090452.419:WARNING:chrome\browser\performance_manager\policies\page_discarding_helper.cc:139] Discarding multiple pages with target (kb): 0, discard_protected_tabs: 0
[15124:15128:0607/090457.439:WARNING:chrome\browser\performance_manager\policies\page_discarding_helper.cc:139] Discarding multiple pages with target (kb): 0, discard_protected_tabs: 0
[15124:15128:0607/090502.440:WARNING:chrome\browser\performance_manager\policies\page_discarding_helper.cc:139] Discarding multiple pages with target (kb): 0, discard_protected_tabs: 0
[15124:15128:0607/090507.439:WARNING:chrome\browser\performance_manager\policies\page_discarding_helper.cc:139] Discarding multiple pages with target (kb): 0, discard_protected_tabs: 0
[15124:15128:0607/090512.459:WARNING:chrome\browser\performance_manager\policies\page_discarding_helper.cc:139] Discarding multiple pages with target (kb): 0, discard_protected_tabs: 0
[15124:15128:0607/090517.459:WARNING:chrome\browser\performance_manager\policies\page_discarding_helper.cc:139] Discarding multiple pages with target (kb): 0, discard_protected_tabs: 0
[15124:15128:0607/090522.479:WARNING:chrome\browser\performance_manager\policies\page_discarding_helper.cc:139] Discarding multiple pages with target (kb): 0, discard_protected_tabs: 0
[15124:15128:0607/090527.499:WARNING:chrome\browser\performance_manager\policies\page_discarding_helper.cc:139] Discarding multiple pages with target (kb): 0, discard_protected_tabs: 0
[15124:15128:0607/090532.519:WARNING:chrome\browser\performance_manager\policies\page_discarding_helper.cc:139] Discarding multiple pages with target (kb): 0, discard_protected_tabs: 0
[15124:15128:0607/090537.519:WARNING:chrome\browser\performance_manager\policies\page_discarding_helper.cc:139] Discarding multiple pages with target (kb): 0, discard_protected_tabs: 0
[15124:15128:0607/090542.540:WARNING:chrome\browser\performance_manager\policies\page_discarding_helper.cc:139] Discarding multiple pages with target (kb): 0, discard_protected_tabs: 0
[15124:15128:0607/090547.559:WARNING:chrome\browser\performance_manager\policies\page_discarding_helper.cc:139] Discarding multiple pages with target (kb): 0, discard_protected_tabs: 0
[15124:15128:0607/090552.579:WARNING:chrome\browser\performance_manager\policies\page_discarding_helper.cc:139] Discarding multiple pages with target (kb): 0, discard_protected_tabs: 0
[15124:15128:0607/090557.580:WARNING:chrome\browser\performance_manager\policies\page_discarding_helper.cc:139] Discarding multiple pages with target (kb): 0, discard_protected_tabs: 0
[15124:15128:0607/090602.599:WARNING:chrome\browser\performance_manager\policies\page_discarding_helper.cc:139] Discarding multiple pages with target (kb): 0, discard_protected_tabs: 0
[15124:15128:0607/090607.599:WARNING:chrome\browser\performance_manager\policies\page_discarding_helper.cc:139] Discarding multiple pages with target (kb): 0, discard_protected_tabs: 0
[15124:15128:0607/090612.619:WARNING:chrome\browser\performance_manager\policies\page_discarding_helper.cc:139] Discarding multiple pages with target (kb): 0, discard_protected_tabs: 0
[15124:15128:0607/090617.639:WARNING:chrome\browser\performance_manager\policies\page_discarding_helper.cc:139] Discarding multiple pages with target (kb): 0, discard_protected_tabs: 0
[15124:15128:0607/090622.660:WARNING:chrome\browser\performance_manager\policies\page_discarding_helper.cc:139] Discarding multiple pages with target (kb): 0, discard_protected_tabs: 0
[15124:15128:0607/090627.660:WARNING:chrome\browser\performance_manager\policies\page_discarding_helper.cc:139] Discarding multiple pages with target (kb): 0, discard_protected_tabs: 0
[15124:15128:0607/090632.679:WARNING:chrome\browser\performance_manager\policies\page_discarding_helper.cc:139] Discarding multiple pages with target (kb): 0, discard_protected_tabs: 0
[15124:15128:0607/090637.699:WARNING:chrome\browser\performance_manager\policies\page_discarding_helper.cc:139] Discarding multiple pages with target (kb): 0, discard_protected_tabs: 0
[15124:15128:0607/090642.700:WARNING:chrome\browser\performance_manager\policies\page_discarding_helper.cc:139] Discarding multiple pages with target (kb): 0, discard_protected_tabs: 0
[15124:15128:0607/090647.719:WARNING:chrome\browser\performance_manager\policies\page_discarding_helper.cc:139] Discarding multiple pages with target (kb): 0, discard_protected_tabs: 0
[15124:15128:0607/090652.720:WARNING:chrome\browser\performance_manager\policies\page_discarding_helper.cc:139] Discarding multiple pages with target (kb): 0, discard_protected_tabs: 0
[15124:15128:0607/090657.739:WARNING:chrome\browser\performance_manager\policies\page_discarding_helper.cc:139] Discarding multiple pages with target (kb): 0, discard_protected_tabs: 0
[15124:15128:0607/090702.759:WARNING:chrome\browser\performance_manager\policies\page_discarding_helper.cc:139] Discarding multiple pages with target (kb): 0, discard_protected_tabs: 0
[15124:15128:0607/090707.759:WARNING:chrome\browser\performance_manager\policies\page_discarding_helper.cc:139] Discarding multiple pages with target (kb): 0, discard_protected_tabs: 0
[15124:15128:0607/090712.779:WARNING:chrome\browser\performance_manager\policies\page_discarding_helper.cc:139] Discarding multiple pages with target (kb): 0, discard_protected_tabs: 0
[15124:15128:0607/090717.779:WARNING:chrome\browser\performance_manager\policies\page_discarding_helper.cc:139] Discarding multiple pages with target (kb): 0, discard_protected_tabs: 0
[15124:15128:0607/090722.800:WARNING:chrome\browser\performance_manager\policies\page_discarding_helper.cc:139] Discarding multiple pages with target (kb): 0, discard_protected_tabs: 0
[15124:15128:0607/090727.819:WARNING:chrome\browser\performance_manager\policies\page_discarding_helper.cc:139] Discarding multiple pages with target (kb): 0, discard_protected_tabs: 0
[15124:15128:0607/090732.820:WARNING:chrome\browser\performance_manager\policies\page_discarding_helper.cc:139] Discarding multiple pages with target (kb): 0, discard_protected_tabs: 0
[15124:15128:0607/090737.839:WARNING:chrome\browser\performance_manager\policies\page_discarding_helper.cc:139] Discarding multiple pages with target (kb): 0, discard_protected_tabs: 0
[15124:15128:0607/090742.860:WARNING:chrome\browser\performance_manager\policies\page_discarding_helper.cc:139] Discarding multiple pages with target (kb): 0, discard_protected_tabs: 0
[15124:15128:0607/090747.879:WARNING:chrome\browser\performance_manager\policies\page_discarding_helper.cc:139] Discarding multiple pages with target (kb): 0, discard_protected_tabs: 0
[15124:15128:0607/090752.899:WARNING:chrome\browser\performance_manager\policies\page_discarding_helper.cc:139] Discarding multiple pages with target (kb): 0, discard_protected_tabs: 0
[15124:15128:0607/090757.919:WARNING:chrome\browser\performance_manager\policies\page_discarding_helper.cc:139] Discarding multiple pages with target (kb): 0, discard_protected_tabs: 0
[15124:15128:0607/090802.939:WARNING:chrome\browser\performance_manager\policies\page_discarding_helper.cc:139] Discarding multiple pages with target (kb): 0, discard_protected_tabs: 0
[15124:15128:0607/090807.959:WARNING:chrome\browser\performance_manager\policies\page_discarding_helper.cc:139] Discarding multiple pages with target (kb): 0, discard_protected_tabs: 0
[15124:15128:0607/090812.959:WARNING:chrome\browser\performance_manager\policies\page_discarding_helper.cc:139] Discarding multiple pages with target (kb): 0, discard_protected_tabs: 0
[15124:15128:0607/090817.979:WARNING:chrome\browser\performance_manager\policies\page_discarding_helper.cc:139] Discarding multiple pages with target (kb): 0, discard_protected_tabs: 0
[15124:15128:0607/090822.999:WARNING:chrome\browser\performance_manager\policies\page_discarding_helper.cc:139] Discarding multiple pages with target (kb): 0, discard_protected_tabs: 0
[15124:15128:0607/090827.999:WARNING:chrome\browser\performance_manager\policies\page_discarding_helper.cc:139] Discarding multiple pages with target (kb): 0, discard_protected_tabs: 0
[15124:15128:0607/090833.000:WARNING:chrome\browser\performance_manager\policies\page_discarding_helper.cc:139] Discarding multiple pages with target (kb): 0, discard_protected_tabs: 0
[15124:15128:0607/090838.000:WARNING:chrome\browser\performance_manager\policies\page_discarding_helper.cc:139] Discarding multiple pages with target (kb): 0, discard_protected_tabs: 0
[15124:15128:0607/090843.019:WARNING:chrome\browser\performance_manager\policies\page_discarding_helper.cc:139] Discarding multiple pages with target (kb): 0, discard_protected_tabs: 0
[15124:15128:0607/090848.020:WARNING:chrome\browser\performance_manager\policies\page_discarding_helper.cc:139] Discarding multiple pages with target (kb): 0, discard_protected_tabs: 0
[15124:15128:0607/090853.039:WARNING:chrome\browser\performance_manager\policies\page_discarding_helper.cc:139] Discarding multiple pages with target (kb): 0, discard_protected_tabs: 0
[15124:15128:0607/090858.059:WARNING:chrome\browser\performance_manager\policies\page_discarding_helper.cc:139] Discarding multiple pages with target (kb): 0, discard_protected_tabs: 0
[15124:15128:0607/090903.079:WARNING:chrome\browser\performance_manager\policies\page_discarding_helper.cc:139] Discarding multiple pages with target (kb): 0, discard_protected_tabs: 0
[15124:15128:0607/090908.079:WARNING:chrome\browser\performance_manager\policies\page_discarding_helper.cc:139] Discarding multiple pages with target (kb): 0, discard_protected_tabs: 0
[15124:15128:0607/090913.080:WARNING:chrome\browser\performance_manager\policies\page_discarding_helper.cc:139] Discarding multiple pages with target (kb): 0, discard_protected_tabs: 0
[15124:15128:0607/090918.099:WARNING:chrome\browser\performance_manager\policies\page_discarding_helper.cc:139] Discarding multiple pages with target (kb): 0, discard_protected_tabs: 0
[15124:15128:0607/090923.119:WARNING:chrome\browser\performance_manager\policies\page_discarding_helper.cc:139] Discarding multiple pages with target (kb): 0, discard_protected_tabs: 0
[15124:15128:0607/090928.119:WARNING:chrome\browser\performance_manager\policies\page_discarding_helper.cc:139] Discarding multiple pages with target (kb): 0, discard_protected_tabs: 0
[15124:15128:0607/090933.139:WARNING:chrome\browser\performance_manager\policies\page_discarding_helper.cc:139] Discarding multiple pages with target (kb): 0, discard_protected_tabs: 0
[15124:15128:0607/090938.139:WARNING:chrome\browser\performance_manager\policies\page_discarding_helper.cc:139] Discarding multiple pages with target (kb): 0, discard_protected_tabs: 0
[15124:15128:0607/090943.159:WARNING:chrome\browser\performance_manager\policies\page_discarding_helper.cc:139] Discarding multiple pages with target (kb): 0, discard_protected_tabs: 0
[15124:15128:0607/090948.159:WARNING:chrome\browser\performance_manager\policies\page_discarding_helper.cc:139] Discarding multiple pages with target (kb): 0, discard_protected_tabs: 0
[15124:15128:0607/090953.179:WARNING:chrome\browser\performance_manager\policies\page_discarding_helper.cc:139] Discarding multiple pages with target (kb): 0, discard_protected_tabs: 0
[15124:15128:0607/090958.179:WARNING:chrome\browser\performance_manager\policies\page_discarding_helper.cc:139] Discarding multiple pages with target (kb): 0, discard_protected_tabs: 0
[15124:15128:0607/091003.199:WARNING:chrome\browser\performance_manager\policies\page_discarding_helper.cc:139] Discarding multiple pages with target (kb): 0, discard_protected_tabs: 0
[15124:15128:0607/091008.199:WARNING:chrome\browser\performance_manager\policies\page_discarding_helper.cc:139] Discarding multiple pages with target (kb): 0, discard_protected_tabs: 0
[15124:15128:0607/091013.199:WARNING:chrome\browser\performance_manager\policies\page_discarding_helper.cc:139] Discarding multiple pages with target (kb): 0, discard_protected_tabs: 0
[15124:15128:0607/091018.219:WARNING:chrome\browser\performance_manager\policies\page_discarding_helper.cc:139] Discarding multiple pages with target (kb): 0, discard_protected_tabs: 0
[15124:15128:0607/091023.239:WARNING:chrome\browser\performance_manager\policies\page_discarding_helper.cc:139] Discarding multiple pages with target (kb): 0, discard_protected_tabs: 0
[15124:15128:0607/091028.259:WARNING:chrome\browser\performance_manager\policies\page_discarding_helper.cc:139] Discarding multiple pages with target (kb): 0, discard_protected_tabs: 0
[15124:15128:0607/091033.260:WARNING:chrome\browser\performance_manager\policies\page_discarding_helper.cc:139] Discarding multiple pages with target (kb): 0, discard_protected_tabs: 0
[15124:15128:0607/091038.279:WARNING:chrome\browser\performance_manager\policies\page_discarding_helper.cc:139] Discarding multiple pages with target (kb): 0, discard_protected_tabs: 0
[15124:15128:0607/091043.279:WARNING:chrome\browser\performance_manager\policies\page_discarding_helper.cc:139] Discarding multiple pages with target (kb): 0, discard_protected_tabs: 0
[15124:15128:0607/091048.299:WARNING:chrome\browser\performance_manager\policies\page_discarding_helper.cc:139] Discarding multiple pages with target (kb): 0, discard_protected_tabs: 0
[15124:15128:0607/091053.300:WARNING:chrome\browser\performance_manager\policies\page_discarding_helper.cc:139] Discarding multiple pages with target (kb): 0, discard_protected_tabs: 0
[15124:15128:0607/091058.320:WARNING:chrome\browser\performance_manager\policies\page_discarding_helper.cc:139] Discarding multiple pages with target (kb): 0, discard_protected_tabs: 0
[15124:15128:0607/091103.339:WARNING:chrome\browser\performance_manager\policies\page_discarding_helper.cc:139] Discarding multiple pages with target (kb): 0, discard_protected_tabs: 0
[15124:15128:0607/091108.340:WARNING:chrome\browser\performance_manager\policies\page_discarding_helper.cc:139] Discarding multiple pages with target (kb): 0, discard_protected_tabs: 0
[15124:15128:0607/091113.359:WARNING:chrome\browser\performance_manager\policies\page_discarding_helper.cc:139] Discarding multiple pages with target (kb): 0, discard_protected_tabs: 0
[15124:15128:0607/091118.360:WARNING:chrome\browser\performance_manager\policies\page_discarding_helper.cc:139] Discarding multiple pages with target (kb): 0, discard_protected_tabs: 0
[15124:15128:0607/091123.379:WARNING:chrome\browser\performance_manager\policies\page_discarding_helper.cc:139] Discarding multiple pages with target (kb): 0, discard_protected_tabs: 0
[15124:15128:0607/091128.399:WARNING:chrome\browser\performance_manager\policies\page_discarding_helper.cc:139] Discarding multiple pages with target (kb): 0, discard_protected_tabs: 0
[15124:15128:0607/091133.399:WARNING:chrome\browser\performance_manager\policies\page_discarding_helper.cc:139] Discarding multiple pages with target (kb): 0, discard_protected_tabs: 0
[15124:15128:0607/091138.419:WARNING:chrome\browser\performance_manager\policies\page_discarding_helper.cc:139] Discarding multiple pages with target (kb): 0, discard_protected_tabs: 0
[15124:15128:0607/091143.419:WARNING:chrome\browser\performance_manager\policies\page_discarding_helper.cc:139] Discarding multiple pages with target (kb): 0, discard_protected_tabs: 0
[15124:15128:0607/091148.439:WARNING:chrome\browser\performance_manager\policies\page_discarding_helper.cc:139] Discarding multiple pages with target (kb): 0, discard_protected_tabs: 0
[15124:15128:0607/091153.439:WARNING:chrome\browser\performance_manager\policies\page_discarding_helper.cc:139] Discarding multiple pages with target (kb): 0, discard_protected_tabs: 0
[15124:15128:0607/091158.459:WARNING:chrome\browser\performance_manager\policies\page_discarding_helper.cc:139] Discarding multiple pages with target (kb): 0, discard_protected_tabs: 0
[15124:15128:0607/091203.479:WARNING:chrome\browser\performance_manager\policies\page_discarding_helper.cc:139] Discarding multiple pages with target (kb): 0, discard_protected_tabs: 0
[15124:15128:0607/091208.480:WARNING:chrome\browser\performance_manager\policies\page_discarding_helper.cc:139] Discarding multiple pages with target (kb): 0, discard_protected_tabs: 0
[15124:15128:0607/091213.499:WARNING:chrome\browser\performance_manager\policies\page_discarding_helper.cc:139] Discarding multiple pages with target (kb): 0, discard_protected_tabs: 0
[15124:15128:0607/091218.519:WARNING:chrome\browser\performance_manager\policies\page_discarding_helper.cc:139] Discarding multiple pages with target (kb): 0, discard_protected_tabs: 0
[15124:15128:0607/091223.539:WARNING:chrome\browser\performance_manager\policies\page_discarding_helper.cc:139] Discarding multiple pages with target (kb): 0, discard_protected_tabs: 0
[15124:15128:0607/091228.539:WARNING:chrome\browser\performance_manager\policies\page_discarding_helper.cc:139] Discarding multiple pages with target (kb): 0, discard_protected_tabs: 0
[15124:15128:0607/091233.540:WARNING:chrome\browser\performance_manager\policies\page_discarding_helper.cc:139] Discarding multiple pages with target (kb): 0, discard_protected_tabs: 0
[15124:15128:0607/091238.559:WARNING:chrome\browser\performance_manager\policies\page_discarding_helper.cc:139] Discarding multiple pages with target (kb): 0, discard_protected_tabs: 0
[15124:15128:0607/091243.579:WARNING:chrome\browser\performance_manager\policies\page_discarding_helper.cc:139] Discarding multiple pages with target (kb): 0, discard_protected_tabs: 0
[15124:15128:0607/091248.599:WARNING:chrome\browser\performance_manager\policies\page_discarding_helper.cc:139] Discarding multiple pages with target (kb): 0, discard_protected_tabs: 0
[15124:15128:0607/091253.600:WARNING:chrome\browser\performance_manager\policies\page_discarding_helper.cc:139] Discarding multiple pages with target (kb): 0, discard_protected_tabs: 0
[15124:15128:0607/091258.620:WARNING:chrome\browser\performance_manager\policies\page_discarding_helper.cc:139] Discarding multiple pages with target (kb): 0, discard_protected_tabs: 0
[15124:15128:0607/091303.639:WARNING:chrome\browser\performance_manager\policies\page_discarding_helper.cc:139] Discarding multiple pages with target (kb): 0, discard_protected_tabs: 0
[15124:15128:0607/091308.639:WARNING:chrome\browser\performance_manager\policies\page_discarding_helper.cc:139] Discarding multiple pages with target (kb): 0, discard_protected_tabs: 0
[15124:15128:0607/091313.659:WARNING:chrome\browser\performance_manager\policies\page_discarding_helper.cc:139] Discarding multiple pages with target (kb): 0, discard_protected_tabs: 0
[15124:15128:0607/091318.679:WARNING:chrome\browser\performance_manager\policies\page_discarding_helper.cc:139] Discarding multiple pages with target (kb): 0, discard_protected_tabs: 0
[15124:15128:0607/091323.680:WARNING:chrome\browser\performance_manager\policies\page_discarding_helper.cc:139] Discarding multiple pages with target (kb): 0, discard_protected_tabs: 0
[15124:15128:0607/091328.699:WARNING:chrome\browser\performance_manager\policies\page_discarding_helper.cc:139] Discarding multiple pages with target (kb): 0, discard_protected_tabs: 0
[15124:15128:0607/091333.719:WARNING:chrome\browser\performance_manager\policies\page_discarding_helper.cc:139] Discarding multiple pages with target (kb): 0, discard_protected_tabs: 0
[15124:15128:0607/091338.720:WARNING:chrome\browser\performance_manager\policies\page_discarding_helper.cc:139] Discarding multiple pages with target (kb): 0, discard_protected_tabs: 0
[15124:15128:0607/091343.739:WARNING:chrome\browser\performance_manager\policies\page_discarding_helper.cc:139] Discarding multiple pages with target (kb): 0, discard_protected_tabs: 0
[15124:15128:0607/091348.759:WARNING:chrome\browser\performance_manager\policies\page_discarding_helper.cc:139] Discarding multiple pages with target (kb): 0, discard_protected_tabs: 0
[15124:15128:0607/091353.759:WARNING:chrome\browser\performance_manager\policies\page_discarding_helper.cc:139] Discarding multiple pages with target (kb): 0, discard_protected_tabs: 0
[15124:15128:0607/091358.760:WARNING:chrome\browser\performance_manager\policies\page_discarding_helper.cc:139] Discarding multiple pages with target (kb): 0, discard_protected_tabs: 0
[15124:15128:0607/091403.779:WARNING:chrome\browser\performance_manager\policies\page_discarding_helper.cc:139] Discarding multiple pages with target (kb): 0, discard_protected_tabs: 0
[15124:15128:0607/091408.779:WARNING:chrome\browser\performance_manager\policies\page_discarding_helper.cc:139] Discarding multiple pages with target (kb): 0, discard_protected_tabs: 0
[15124:15128:0607/091413.799:WARNING:chrome\browser\performance_manager\policies\page_discarding_helper.cc:139] Discarding multiple pages with target (kb): 0, discard_protected_tabs: 0
[15124:15128:0607/091418.819:WARNING:chrome\browser\performance_manager\policies\page_discarding_helper.cc:139] Discarding multiple pages with target (kb): 0, discard_protected_tabs: 0
[15124:15128:0607/091423.839:WARNING:chrome\browser\performance_manager\policies\page_discarding_helper.cc:139] Discarding multiple pages with target (kb): 0, discard_protected_tabs: 0
[15124:15128:0607/091428.859:WARNING:chrome\browser\performance_manager\policies\page_discarding_helper.cc:139] Discarding multiple pages with target (kb): 0, discard_protected_tabs: 0
[15124:15128:0607/091433.859:WARNING:chrome\browser\performance_manager\policies\page_discarding_helper.cc:139] Discarding multiple pages with target (kb): 0, discard_protected_tabs: 0
[15124:15128:0607/091438.879:WARNING:chrome\browser\performance_manager\policies\page_discarding_helper.cc:139] Discarding multiple pages with target (kb): 0, discard_protected_tabs: 0
[15124:15128:0607/091443.880:WARNING:chrome\browser\performance_manager\policies\page_discarding_helper.cc:139] Discarding multiple pages with target (kb): 0, discard_protected_tabs: 0
[15124:15128:0607/091448.899:WARNING:chrome\browser\performance_manager\policies\page_discarding_helper.cc:139] Discarding multiple pages with target (kb): 0, discard_protected_tabs: 0
[15124:15128:0607/091453.899:WARNING:chrome\browser\performance_manager\policies\page_discarding_helper.cc:139] Discarding multiple pages with target (kb): 0, discard_protected_tabs: 0
[15124:15128:0607/091458.919:WARNING:chrome\browser\performance_manager\policies\page_discarding_helper.cc:139] Discarding multiple pages with target (kb): 0, discard_protected_tabs: 0
[15124:15128:0607/091503.939:WARNING:chrome\browser\performance_manager\policies\page_discarding_helper.cc:139] Discarding multiple pages with target (kb): 0, discard_protected_tabs: 0
[15124:15128:0607/091508.939:WARNING:chrome\browser\performance_manager\policies\page_discarding_helper.cc:139] Discarding multiple pages with target (kb): 0, discard_protected_tabs: 0
[15124:15128:0607/091513.959:WARNING:chrome\browser\performance_manager\policies\page_discarding_helper.cc:139] Discarding multiple pages with target (kb): 0, discard_protected_tabs: 0
[15124:15128:0607/091518.960:WARNING:chrome\browser\performance_manager\policies\page_discarding_helper.cc:139] Discarding multiple pages with target (kb): 0, discard_protected_tabs: 0
[15124:15128:0607/091523.980:WARNING:chrome\browser\performance_manager\policies\page_discarding_helper.cc:139] Discarding multiple pages with target (kb): 0, discard_protected_tabs: 0
[15124:15128:0607/091528.999:WARNING:chrome\browser\performance_manager\policies\page_discarding_helper.cc:139] Discarding multiple pages with target (kb): 0, discard_protected_tabs: 0
[15124:15128:0607/091534.000:WARNING:chrome\browser\performance_manager\policies\page_discarding_helper.cc:139] Discarding multiple pages with target (kb): 0, discard_protected_tabs: 0
[15124:15128:0607/091539.019:WARNING:chrome\browser\performance_manager\policies\page_discarding_helper.cc:139] Discarding multiple pages with target (kb): 0, discard_protected_tabs: 0
[15124:15128:0607/091544.020:WARNING:chrome\browser\performance_manager\policies\page_discarding_helper.cc:139] Discarding multiple pages with target (kb): 0, discard_protected_tabs: 0
[15124:15128:0607/091549.020:WARNING:chrome\browser\performance_manager\policies\page_discarding_helper.cc:139] Discarding multiple pages with target (kb): 0, discard_protected_tabs: 0
[15124:15128:0607/091554.039:WARNING:chrome\browser\performance_manager\policies\page_discarding_helper.cc:139] Discarding multiple pages with target (kb): 0, discard_protected_tabs: 0
[15124:15128:0607/091559.039:WARNING:chrome\browser\performance_manager\policies\page_discarding_helper.cc:139] Discarding multiple pages with target (kb): 0, discard_protected_tabs: 0
[15124:15128:0607/091604.059:WARNING:chrome\browser\performance_manager\policies\page_discarding_helper.cc:139] Discarding multiple pages with target (kb): 0, discard_protected_tabs: 0
[15124:15128:0607/091609.059:WARNING:chrome\browser\performance_manager\policies\page_discarding_helper.cc:139] Discarding multiple pages with target (kb): 0, discard_protected_tabs: 0
[15124:15128:0607/091614.079:WARNING:chrome\browser\performance_manager\policies\page_discarding_helper.cc:139] Discarding multiple pages with target (kb): 0, discard_protected_tabs: 0
[15124:15128:0607/091619.080:WARNING:chrome\browser\performance_manager\policies\page_discarding_helper.cc:139] Discarding multiple pages with target (kb): 0, discard_protected_tabs: 0
[15124:15128:0607/091624.099:WARNING:chrome\browser\performance_manager\policies\page_discarding_helper.cc:139] Discarding multiple pages with target (kb): 0, discard_protected_tabs: 0
[15124:15128:0607/091629.119:WARNING:chrome\browser\performance_manager\policies\page_discarding_helper.cc:139] Discarding multiple pages with target (kb): 0, discard_protected_tabs: 0
[15124:15128:0607/091634.120:WARNING:chrome\browser\performance_manager\policies\page_discarding_helper.cc:139] Discarding multiple pages with target (kb): 0, discard_protected_tabs: 0
[15124:15128:0607/091639.120:WARNING:chrome\browser\performance_manager\policies\page_discarding_helper.cc:139] Discarding multiple pages with target (kb): 0, discard_protected_tabs: 0
[15124:15128:0607/091644.139:WARNING:chrome\browser\performance_manager\policies\page_discarding_helper.cc:139] Discarding multiple pages with target (kb): 0, discard_protected_tabs: 0
[15124:15128:0607/091649.159:WARNING:chrome\browser\performance_manager\policies\page_discarding_helper.cc:139] Discarding multiple pages with target (kb): 0, discard_protected_tabs: 0
[15124:15128:0607/091654.179:WARNING:chrome\browser\performance_manager\policies\page_discarding_helper.cc:139] Discarding multiple pages with target (kb): 0, discard_protected_tabs: 0
[15124:15128:0607/091659.179:WARNING:chrome\browser\performance_manager\policies\page_discarding_helper.cc:139] Discarding multiple pages with target (kb): 0, discard_protected_tabs: 0
[15124:15128:0607/091704.180:WARNING:chrome\browser\performance_manager\policies\page_discarding_helper.cc:139] Discarding multiple pages with target (kb): 0, discard_protected_tabs: 0
[15124:15128:0607/091709.199:WARNING:chrome\browser\performance_manager\policies\page_discarding_helper.cc:139] Discarding multiple pages with target (kb): 0, discard_protected_tabs: 0
[15124:15128:0607/091714.219:WARNING:chrome\browser\performance_manager\policies\page_discarding_helper.cc:139] Discarding multiple pages with target (kb): 0, discard_protected_tabs: 0
[15124:15128:0607/091719.219:WARNING:chrome\browser\performance_manager\policies\page_discarding_helper.cc:139] Discarding multiple pages with target (kb): 0, discard_protected_tabs: 0
[15124:15128:0607/091724.239:WARNING:chrome\browser\performance_manager\policies\page_discarding_helper.cc:139] Discarding multiple pages with target (kb): 0, discard_protected_tabs: 0
[15124:15128:0607/091729.259:WARNING:chrome\browser\performance_manager\policies\page_discarding_helper.cc:139] Discarding multiple pages with target (kb): 0, discard_protected_tabs: 0
[15124:15128:0607/091734.259:WARNING:chrome\browser\performance_manager\policies\page_discarding_helper.cc:139] Discarding multiple pages with target (kb): 0, discard_protected_tabs: 0
[15124:15128:0607/091739.279:WARNING:chrome\browser\performance_manager\policies\page_discarding_helper.cc:139] Discarding multiple pages with target (kb): 0, discard_protected_tabs: 0
[15124:15128:0607/091744.280:WARNING:chrome\browser\performance_manager\policies\page_discarding_helper.cc:139] Discarding multiple pages with target (kb): 0, discard_protected_tabs: 0
[15124:15128:0607/091749.299:WARNING:chrome\browser\performance_manager\policies\page_discarding_helper.cc:139] Discarding multiple pages with target (kb): 0, discard_protected_tabs: 0
[15124:15128:0607/091754.319:WARNING:chrome\browser\performance_manager\policies\page_discarding_helper.cc:139] Discarding multiple pages with target (kb): 0, discard_protected_tabs: 0
[15124:15128:0607/091759.339:WARNING:chrome\browser\performance_manager\policies\page_discarding_helper.cc:139] Discarding multiple pages with target (kb): 0, discard_protected_tabs: 0
[15124:15128:0607/091804.340:WARNING:chrome\browser\performance_manager\policies\page_discarding_helper.cc:139] Discarding multiple pages with target (kb): 0, discard_protected_tabs: 0
[15124:15128:0607/091809.360:WARNING:chrome\browser\performance_manager\policies\page_discarding_helper.cc:139] Discarding multiple pages with target (kb): 0, discard_protected_tabs: 0
[15124:15128:0607/091814.379:WARNING:chrome\browser\performance_manager\policies\page_discarding_helper.cc:139] Discarding multiple pages with target (kb): 0, discard_protected_tabs: 0
[15124:15128:0607/091819.379:WARNING:chrome\browser\performance_manager\policies\page_discarding_helper.cc:139] Discarding multiple pages with target (kb): 0, discard_protected_tabs: 0
[15124:15128:0607/091824.399:WARNING:chrome\browser\performance_manager\policies\page_discarding_helper.cc:139] Discarding multiple pages with target (kb): 0, discard_protected_tabs: 0
[15124:15128:0607/091829.399:WARNING:chrome\browser\performance_manager\policies\page_discarding_helper.cc:139] Discarding multiple pages with target (kb): 0, discard_protected_tabs: 0
[15124:15128:0607/091834.399:WARNING:chrome\browser\performance_manager\policies\page_discarding_helper.cc:139] Discarding multiple pages with target (kb): 0, discard_protected_tabs: 0
[15124:15128:0607/091839.419:WARNING:chrome\browser\performance_manager\policies\page_discarding_helper.cc:139] Discarding multiple pages with target (kb): 0, discard_protected_tabs: 0
[15124:15128:0607/091844.439:WARNING:chrome\browser\performance_manager\policies\page_discarding_helper.cc:139] Discarding multiple pages with target (kb): 0, discard_protected_tabs: 0
[15124:15128:0607/091849.440:WARNING:chrome\browser\performance_manager\policies\page_discarding_helper.cc:139] Discarding multiple pages with target (kb): 0, discard_protected_tabs: 0
[15124:15128:0607/091854.459:WARNING:chrome\browser\performance_manager\policies\page_discarding_helper.cc:139] Discarding multiple pages with target (kb): 0, discard_protected_tabs: 0
[15124:15128:0607/091859.460:WARNING:chrome\browser\performance_manager\policies\page_discarding_helper.cc:139] Discarding multiple pages with target (kb): 0, discard_protected_tabs: 0
[15124:15128:0607/091904.480:WARNING:chrome\browser\performance_manager\policies\page_discarding_helper.cc:139] Discarding multiple pages with target (kb): 0, discard_protected_tabs: 0
[15124:15128:0607/091909.499:WARNING:chrome\browser\performance_manager\policies\page_discarding_helper.cc:139] Discarding multiple pages with target (kb): 0, discard_protected_tabs: 0
[15124:15128:0607/091914.500:WARNING:chrome\browser\performance_manager\policies\page_discarding_helper.cc:139] Discarding multiple pages with target (kb): 0, discard_protected_tabs: 0
[15124:15128:0607/091919.519:WARNING:chrome\browser\performance_manager\policies\page_discarding_helper.cc:139] Discarding multiple pages with target (kb): 0, discard_protected_tabs: 0
[15124:15128:0607/091924.539:WARNING:chrome\browser\performance_manager\policies\page_discarding_helper.cc:139] Discarding multiple pages with target (kb): 0, discard_protected_tabs: 0
[15124:15128:0607/091929.539:WARNING:chrome\browser\performance_manager\policies\page_discarding_helper.cc:139] Discarding multiple pages with target (kb): 0, discard_protected_tabs: 0
[15124:15128:0607/091934.559:WARNING:chrome\browser\performance_manager\policies\page_discarding_helper.cc:139] Discarding multiple pages with target (kb): 0, discard_protected_tabs: 0
[15124:15128:0607/091939.579:WARNING:chrome\browser\performance_manager\policies\page_discarding_helper.cc:139] Discarding multiple pages with target (kb): 0, discard_protected_tabs: 0
[15124:15128:0607/091944.580:WARNING:chrome\browser\performance_manager\policies\page_discarding_helper.cc:139] Discarding multiple pages with target (kb): 0, discard_protected_tabs: 0
[15124:15128:0607/091949.599:WARNING:chrome\browser\performance_manager\policies\page_discarding_helper.cc:139] Discarding multiple pages with target (kb): 0, discard_protected_tabs: 0
[15124:15128:0607/091954.600:WARNING:chrome\browser\performance_manager\policies\page_discarding_helper.cc:139] Discarding multiple pages with target (kb): 0, discard_protected_tabs: 0
[15124:15128:0607/091959.600:WARNING:chrome\browser\performance_manager\policies\page_discarding_helper.cc:139] Discarding multiple pages with target (kb): 0, discard_protected_tabs: 0
[15124:15128:0607/092004.620:WARNING:chrome\browser\performance_manager\policies\page_discarding_helper.cc:139] Discarding multiple pages with target (kb): 0, discard_protected_tabs: 0
[15124:15128:0607/092009.639:WARNING:chrome\browser\performance_manager\policies\page_discarding_helper.cc:139] Discarding multiple pages with target (kb): 0, discard_protected_tabs: 0
[15124:15128:0607/092014.659:WARNING:chrome\browser\performance_manager\policies\page_discarding_helper.cc:139] Discarding multiple pages with target (kb): 0, discard_protected_tabs: 0
[15124:15128:0607/092019.679:WARNING:chrome\browser\performance_manager\policies\page_discarding_helper.cc:139] Discarding multiple pages with target (kb): 0, discard_protected_tabs: 0
[15124:15128:0607/092024.679:WARNING:chrome\browser\performance_manager\policies\page_discarding_helper.cc:139] Discarding multiple pages with target (kb): 0, discard_protected_tabs: 0
[15124:15128:0607/092029.699:WARNING:chrome\browser\performance_manager\policies\page_discarding_helper.cc:139] Discarding multiple pages with target (kb): 0, discard_protected_tabs: 0
[15124:15128:0607/092034.699:WARNING:chrome\browser\performance_manager\policies\page_discarding_helper.cc:139] Discarding multiple pages with target (kb): 0, discard_protected_tabs: 0
[15124:15128:0607/092039.720:WARNING:chrome\browser\performance_manager\policies\page_discarding_helper.cc:139] Discarding multiple pages with target (kb): 0, discard_protected_tabs: 0
[15124:15128:0607/092044.720:WARNING:chrome\browser\performance_manager\policies\page_discarding_helper.cc:139] Discarding multiple pages with target (kb): 0, discard_protected_tabs: 0
[15124:15128:0607/092049.739:WARNING:chrome\browser\performance_manager\policies\page_discarding_helper.cc:139] Discarding multiple pages with target (kb): 0, discard_protected_tabs: 0
[15124:15128:0607/092054.759:WARNING:chrome\browser\performance_manager\policies\page_discarding_helper.cc:139] Discarding multiple pages with target (kb): 0, discard_protected_tabs: 0
[15124:15128:0607/092059.779:WARNING:chrome\browser\performance_manager\policies\page_discarding_helper.cc:139] Discarding multiple pages with target (kb): 0, discard_protected_tabs: 0
[15124:15128:0607/092104.779:WARNING:chrome\browser\performance_manager\policies\page_discarding_helper.cc:139] Discarding multiple pages with target (kb): 0, discard_protected_tabs: 0
[15124:15128:0607/092109.780:WARNING:chrome\browser\performance_manager\policies\page_discarding_helper.cc:139] Discarding multiple pages with target (kb): 0, discard_protected_tabs: 0
[15124:15128:0607/092114.799:WARNING:chrome\browser\performance_manager\policies\page_discarding_helper.cc:139] Discarding multiple pages with target (kb): 0, discard_protected_tabs: 0
[15124:15128:0607/092119.800:WARNING:chrome\browser\performance_manager\policies\page_discarding_helper.cc:139] Discarding multiple pages with target (kb): 0, discard_protected_tabs: 0
[15124:15128:0607/092124.820:WARNING:chrome\browser\performance_manager\policies\page_discarding_helper.cc:139] Discarding multiple pages with target (kb): 0, discard_protected_tabs: 0
[15124:15128:0607/092129.840:WARNING:chrome\browser\performance_manager\policies\page_discarding_helper.cc:139] Discarding multiple pages with target (kb): 0, discard_protected_tabs: 0
[15124:15128:0607/092134.859:WARNING:chrome\browser\performance_manager\policies\page_discarding_helper.cc:139] Discarding multiple pages with target (kb): 0, discard_protected_tabs: 0
[15124:15128:0607/093832.319:WARNING:chrome\browser\performance_manager\policies\page_discarding_helper.cc:139] Discarding multiple pages with target (kb): 0, discard_protected_tabs: 0
[15124:15128:0607/093842.339:WARNING:chrome\browser\performance_manager\policies\page_discarding_helper.cc:139] Discarding multiple pages with target (kb): 0, discard_protected_tabs: 0
[15124:15128:0607/093847.359:WARNING:chrome\browser\performance_manager\policies\page_discarding_helper.cc:139] Discarding multiple pages with target (kb): 0, discard_protected_tabs: 0
[15124:15128:0607/094137.779:WARNING:chrome\browser\performance_manager\policies\page_discarding_helper.cc:139] Discarding multiple pages with target (kb): 0, discard_protected_tabs: 0
[15124:15128:0607/094142.780:WARNING:chrome\browser\performance_manager\policies\page_discarding_helper.cc:139] Discarding multiple pages with target (kb): 0, discard_protected_tabs: 0
[15124:15128:0607/094257.999:WARNING:chrome\browser\performance_manager\policies\page_discarding_helper.cc:139] Discarding multiple pages with target (kb): 0, discard_protected_tabs: 0
[15124:15128:0607/094308.020:WARNING:chrome\browser\performance_manager\policies\page_discarding_helper.cc:139] Discarding multiple pages with target (kb): 0, discard_protected_tabs: 0
[15124:15128:0607/094313.039:WARNING:chrome\browser\performance_manager\policies\page_discarding_helper.cc:139] Discarding multiple pages with target (kb): 0, discard_protected_tabs: 0
[15124:15128:0607/094318.059:WARNING:chrome\browser\performance_manager\policies\page_discarding_helper.cc:139] Discarding multiple pages with target (kb): 0, discard_protected_tabs: 0
[15124:15128:0607/094323.079:WARNING:chrome\browser\performance_manager\policies\page_discarding_helper.cc:139] Discarding multiple pages with target (kb): 0, discard_protected_tabs: 0
[15124:15128:0607/094328.079:WARNING:chrome\browser\performance_manager\policies\page_discarding_helper.cc:139] Discarding multiple pages with target (kb): 0, discard_protected_tabs: 0
[15124:15128:0607/094333.099:WARNING:chrome\browser\performance_manager\policies\page_discarding_helper.cc:139] Discarding multiple pages with target (kb): 0, discard_protected_tabs: 0
[15124:15128:0607/094338.119:WARNING:chrome\browser\performance_manager\policies\page_discarding_helper.cc:139] Discarding multiple pages with target (kb): 0, discard_protected_tabs: 0
[15124:15128:0607/094343.119:WARNING:chrome\browser\performance_manager\policies\page_discarding_helper.cc:139] Discarding multiple pages with target (kb): 0, discard_protected_tabs: 0
[15124:15128:0607/094348.139:WARNING:chrome\browser\performance_manager\policies\page_discarding_helper.cc:139] Discarding multiple pages with target (kb): 0, discard_protected_tabs: 0
[15124:15128:0607/094353.139:WARNING:chrome\browser\performance_manager\policies\page_discarding_helper.cc:139] Discarding multiple pages with target (kb): 0, discard_protected_tabs: 0
[15124:15128:0607/094358.159:WARNING:chrome\browser\performance_manager\policies\page_discarding_helper.cc:139] Discarding multiple pages with target (kb): 0, discard_protected_tabs: 0
[15124:15128:0607/094413.200:WARNING:chrome\browser\performance_manager\policies\page_discarding_helper.cc:139] Discarding multiple pages with target (kb): 0, discard_protected_tabs: 0
[15124:15128:0607/094418.220:WARNING:chrome\browser\performance_manager\policies\page_discarding_helper.cc:139] Discarding multiple pages with target (kb): 0, discard_protected_tabs: 0
[15124:15128:0607/094423.239:WARNING:chrome\browser\performance_manager\policies\page_discarding_helper.cc:139] Discarding multiple pages with target (kb): 0, discard_protected_tabs: 0
[15124:15128:0607/094428.239:WARNING:chrome\browser\performance_manager\policies\page_discarding_helper.cc:139] Discarding multiple pages with target (kb): 0, discard_protected_tabs: 0
[15124:15128:0607/094433.260:WARNING:chrome\browser\performance_manager\policies\page_discarding_helper.cc:139] Discarding multiple pages with target (kb): 0, discard_protected_tabs: 0
[15124:15128:0607/094438.279:WARNING:chrome\browser\performance_manager\policies\page_discarding_helper.cc:139] Discarding multiple pages with target (kb): 0, discard_protected_tabs: 0
[15124:15128:0607/094443.280:WARNING:chrome\browser\performance_manager\policies\page_discarding_helper.cc:139] Discarding multiple pages with target (kb): 0, discard_protected_tabs: 0
[15124:15128:0607/094448.299:WARNING:chrome\browser\performance_manager\policies\page_discarding_helper.cc:139] Discarding multiple pages with target (kb): 0, discard_protected_tabs: 0
[15124:15128:0607/094453.299:WARNING:chrome\browser\performance_manager\policies\page_discarding_helper.cc:139] Discarding multiple pages with target (kb): 0, discard_protected_tabs: 0
[15124:15128:0607/094458.300:WARNING:chrome\browser\performance_manager\policies\page_discarding_helper.cc:139] Discarding multiple pages with target (kb): 0, discard_protected_tabs: 0
[15124:15128:0607/094503.319:WARNING:chrome\browser\performance_manager\policies\page_discarding_helper.cc:139] Discarding multiple pages with target (kb): 0, discard_protected_tabs: 0
[15124:15128:0607/094508.320:WARNING:chrome\browser\performance_manager\policies\page_discarding_helper.cc:139] Discarding multiple pages with target (kb): 0, discard_protected_tabs: 0
[15124:15128:0607/100150.599:WARNING:chrome\browser\performance_manager\policies\page_discarding_helper.cc:139] Discarding multiple pages with target (kb): 0, discard_protected_tabs: 0
[15124:15128:0607/100716.360:WARNING:chrome\browser\performance_manager\policies\page_discarding_helper.cc:139] Discarding multiple pages with target (kb): 0, discard_protected_tabs: 0
[15124:15128:0607/100721.379:WARNING:chrome\browser\performance_manager\policies\page_discarding_helper.cc:139] Discarding multiple pages with target (kb): 0, discard_protected_tabs: 0
[15124:15128:0607/100726.379:WARNING:chrome\browser\performance_manager\policies\page_discarding_helper.cc:139] Discarding multiple pages with target (kb): 0, discard_protected_tabs: 0
[15124:15128:0607/100731.380:WARNING:chrome\browser\performance_manager\policies\page_discarding_helper.cc:139] Discarding multiple pages with target (kb): 0, discard_protected_tabs: 0
[15124:15128:0607/100736.399:WARNING:chrome\browser\performance_manager\policies\page_discarding_helper.cc:139] Discarding multiple pages with target (kb): 0, discard_protected_tabs: 0
[15124:15128:0607/100741.399:WARNING:chrome\browser\performance_manager\policies\page_discarding_helper.cc:139] Discarding multiple pages with target (kb): 0, discard_protected_tabs: 0
[15124:15128:0607/100746.419:WARNING:chrome\browser\performance_manager\policies\page_discarding_helper.cc:139] Discarding multiple pages with target (kb): 0, discard_protected_tabs: 0
[15124:15128:0607/100751.419:WARNING:chrome\browser\performance_manager\policies\page_discarding_helper.cc:139] Discarding multiple pages with target (kb): 0, discard_protected_tabs: 0
[15124:15128:0607/100756.439:WARNING:chrome\browser\performance_manager\policies\page_discarding_helper.cc:139] Discarding multiple pages with target (kb): 0, discard_protected_tabs: 0
[15124:15128:0607/100801.459:WARNING:chrome\browser\performance_manager\policies\page_discarding_helper.cc:139] Discarding multiple pages with target (kb): 0, discard_protected_tabs: 0
[15124:15128:0607/100806.459:WARNING:chrome\browser\performance_manager\policies\page_discarding_helper.cc:139] Discarding multiple pages with target (kb): 0, discard_protected_tabs: 0
[15124:15128:0607/100811.479:WARNING:chrome\browser\performance_manager\policies\page_discarding_helper.cc:139] Discarding multiple pages with target (kb): 0, discard_protected_tabs: 0
[15124:15128:0607/100816.480:WARNING:chrome\browser\performance_manager\policies\page_discarding_helper.cc:139] Discarding multiple pages with target (kb): 0, discard_protected_tabs: 0
[15124:15128:0607/100821.499:WARNING:chrome\browser\performance_manager\policies\page_discarding_helper.cc:139] Discarding multiple pages with target (kb): 0, discard_protected_tabs: 0
[15124:15128:0607/100826.499:WARNING:chrome\browser\performance_manager\policies\page_discarding_helper.cc:139] Discarding multiple pages with target (kb): 0, discard_protected_tabs: 0
[15124:15128:0607/100831.519:WARNING:chrome\browser\performance_manager\policies\page_discarding_helper.cc:139] Discarding multiple pages with target (kb): 0, discard_protected_tabs: 0
[15124:15128:0607/100836.519:WARNING:chrome\browser\performance_manager\policies\page_discarding_helper.cc:139] Discarding multiple pages with target (kb): 0, discard_protected_tabs: 0
[15124:15128:0607/100841.520:WARNING:chrome\browser\performance_manager\policies\page_discarding_helper.cc:139] Discarding multiple pages with target (kb): 0, discard_protected_tabs: 0
[15124:15128:0607/100846.539:WARNING:chrome\browser\performance_manager\policies\page_discarding_helper.cc:139] Discarding multiple pages with target (kb): 0, discard_protected_tabs: 0
[15124:15128:0607/100851.539:WARNING:chrome\browser\performance_manager\policies\page_discarding_helper.cc:139] Discarding multiple pages with target (kb): 0, discard_protected_tabs: 0
[15124:15128:0607/100856.540:WARNING:chrome\browser\performance_manager\policies\page_discarding_helper.cc:139] Discarding multiple pages with target (kb): 0, discard_protected_tabs: 0
[15124:15128:0607/100901.559:WARNING:chrome\browser\performance_manager\policies\page_discarding_helper.cc:139] Discarding multiple pages with target (kb): 0, discard_protected_tabs: 0
[15124:15128:0607/100906.579:WARNING:chrome\browser\performance_manager\policies\page_discarding_helper.cc:139] Discarding multiple pages with target (kb): 0, discard_protected_tabs: 0
[15124:15128:0607/100911.580:WARNING:chrome\browser\performance_manager\policies\page_discarding_helper.cc:139] Discarding multiple pages with target (kb): 0, discard_protected_tabs: 0
[15124:15128:0607/100916.599:WARNING:chrome\browser\performance_manager\policies\page_discarding_helper.cc:139] Discarding multiple pages with target (kb): 0, discard_protected_tabs: 0
[15124:15128:0607/100921.619:WARNING:chrome\browser\performance_manager\policies\page_discarding_helper.cc:139] Discarding multiple pages with target (kb): 0, discard_protected_tabs: 0
[15124:15128:0607/100926.619:WARNING:chrome\browser\performance_manager\policies\page_discarding_helper.cc:139] Discarding multiple pages with target (kb): 0, discard_protected_tabs: 0
[15124:15128:0607/100931.620:WARNING:chrome\browser\performance_manager\policies\page_discarding_helper.cc:139] Discarding multiple pages with target (kb): 0, discard_protected_tabs: 0
[15124:15128:0607/100936.619:WARNING:chrome\browser\performance_manager\policies\page_discarding_helper.cc:139] Discarding multiple pages with target (kb): 0, discard_protected_tabs: 0
[15124:15128:0607/100941.639:WARNING:chrome\browser\performance_manager\policies\page_discarding_helper.cc:139] Discarding multiple pages with target (kb): 0, discard_protected_tabs: 0
[15124:15128:0607/100946.640:WARNING:chrome\browser\performance_manager\policies\page_discarding_helper.cc:139] Discarding multiple pages with target (kb): 0, discard_protected_tabs: 0
[15124:15128:0607/100951.659:WARNING:chrome\browser\performance_manager\policies\page_discarding_helper.cc:139] Discarding multiple pages with target (kb): 0, discard_protected_tabs: 0
[15124:15128:0607/100956.679:WARNING:chrome\browser\performance_manager\policies\page_discarding_helper.cc:139] Discarding multiple pages with target (kb): 0, discard_protected_tabs: 0
[15124:15128:0607/101001.680:WARNING:chrome\browser\performance_manager\policies\page_discarding_helper.cc:139] Discarding multiple pages with target (kb): 0, discard_protected_tabs: 0
[15124:15128:0607/101006.699:WARNING:chrome\browser\performance_manager\policies\page_discarding_helper.cc:139] Discarding multiple pages with target (kb): 0, discard_protected_tabs: 0
[15124:15128:0607/101011.719:WARNING:chrome\browser\performance_manager\policies\page_discarding_helper.cc:139] Discarding multiple pages with target (kb): 0, discard_protected_tabs: 0
[15124:15128:0607/101016.720:WARNING:chrome\browser\performance_manager\policies\page_discarding_helper.cc:139] Discarding multiple pages with target (kb): 0, discard_protected_tabs: 0
[15124:15128:0607/101021.739:WARNING:chrome\browser\performance_manager\policies\page_discarding_helper.cc:139] Discarding multiple pages with target (kb): 0, discard_protected_tabs: 0
[15124:15128:0607/101026.740:WARNING:chrome\browser\performance_manager\policies\page_discarding_helper.cc:139] Discarding multiple pages with target (kb): 0, discard_protected_tabs: 0
[15124:15128:0607/101031.759:WARNING:chrome\browser\performance_manager\policies\page_discarding_helper.cc:139] Discarding multiple pages with target (kb): 0, discard_protected_tabs: 0
[15124:15128:0607/101036.779:WARNING:chrome\browser\performance_manager\policies\page_discarding_helper.cc:139] Discarding multiple pages with target (kb): 0, discard_protected_tabs: 0
[15124:15128:0607/101041.799:WARNING:chrome\browser\performance_manager\policies\page_discarding_helper.cc:139] Discarding multiple pages with target (kb): 0, discard_protected_tabs: 0
[15124:15128:0607/101046.800:WARNING:chrome\browser\performance_manager\policies\page_discarding_helper.cc:139] Discarding multiple pages with target (kb): 0, discard_protected_tabs: 0
[15124:15128:0607/101051.819:WARNING:chrome\browser\performance_manager\policies\page_discarding_helper.cc:139] Discarding multiple pages with target (kb): 0, discard_protected_tabs: 0
[15124:15128:0607/101056.839:WARNING:chrome\browser\performance_manager\policies\page_discarding_helper.cc:139] Discarding multiple pages with target (kb): 0, discard_protected_tabs: 0
[15124:15128:0607/101101.839:WARNING:chrome\browser\performance_manager\policies\page_discarding_helper.cc:139] Discarding multiple pages with target (kb): 0, discard_protected_tabs: 0
[15124:15128:0607/101106.859:WARNING:chrome\browser\performance_manager\policies\page_discarding_helper.cc:139] Discarding multiple pages with target (kb): 0, discard_protected_tabs: 0
[15124:15128:0607/101111.859:WARNING:chrome\browser\performance_manager\policies\page_discarding_helper.cc:139] Discarding multiple pages with target (kb): 0, discard_protected_tabs: 0
[15124:15128:0607/101116.879:WARNING:chrome\browser\performance_manager\policies\page_discarding_helper.cc:139] Discarding multiple pages with target (kb): 0, discard_protected_tabs: 0
[15124:15128:0607/101121.879:WARNING:chrome\browser\performance_manager\policies\page_discarding_helper.cc:139] Discarding multiple pages with target (kb): 0, discard_protected_tabs: 0
[15124:15128:0607/101126.880:WARNING:chrome\browser\performance_manager\policies\page_discarding_helper.cc:139] Discarding multiple pages with target (kb): 0, discard_protected_tabs: 0
[15124:15128:0607/101131.899:WARNING:chrome\browser\performance_manager\policies\page_discarding_helper.cc:139] Discarding multiple pages with target (kb): 0, discard_protected_tabs: 0
[15124:15128:0607/101136.900:WARNING:chrome\browser\performance_manager\policies\page_discarding_helper.cc:139] Discarding multiple pages with target (kb): 0, discard_protected_tabs: 0
[15124:15128:0607/101141.920:WARNING:chrome\browser\performance_manager\policies\page_discarding_helper.cc:139] Discarding multiple pages with target (kb): 0, discard_protected_tabs: 0
[15124:15128:0607/101146.940:WARNING:chrome\browser\performance_manager\policies\page_discarding_helper.cc:139] Discarding multiple pages with target (kb): 0, discard_protected_tabs: 0
[15124:15128:0607/101151.959:WARNING:chrome\browser\performance_manager\policies\page_discarding_helper.cc:139] Discarding multiple pages with target (kb): 0, discard_protected_tabs: 0
[15124:15128:0607/101156.959:WARNING:chrome\browser\performance_manager\policies\page_discarding_helper.cc:139] Discarding multiple pages with target (kb): 0, discard_protected_tabs: 0
[15124:15128:0607/101201.979:WARNING:chrome\browser\performance_manager\policies\page_discarding_helper.cc:139] Discarding multiple pages with target (kb): 0, discard_protected_tabs: 0
[15124:15128:0607/101206.999:WARNING:chrome\browser\performance_manager\policies\page_discarding_helper.cc:139] Discarding multiple pages with target (kb): 0, discard_protected_tabs: 0
[15124:15128:0607/101212.000:WARNING:chrome\browser\performance_manager\policies\page_discarding_helper.cc:139] Discarding multiple pages with target (kb): 0, discard_protected_tabs: 0
[15124:15128:0607/101217.019:WARNING:chrome\browser\performance_manager\policies\page_discarding_helper.cc:139] Discarding multiple pages with target (kb): 0, discard_protected_tabs: 0
[15124:15128:0607/101222.039:WARNING:chrome\browser\performance_manager\policies\page_discarding_helper.cc:139] Discarding multiple pages with target (kb): 0, discard_protected_tabs: 0
[15124:15128:0607/101227.059:WARNING:chrome\browser\performance_manager\policies\page_discarding_helper.cc:139] Discarding multiple pages with target (kb): 0, discard_protected_tabs: 0
[15124:15128:0607/101232.059:WARNING:chrome\browser\performance_manager\policies\page_discarding_helper.cc:139] Discarding multiple pages with target (kb): 0, discard_protected_tabs: 0
[15124:15128:0607/101237.079:WARNING:chrome\browser\performance_manager\policies\page_discarding_helper.cc:139] Discarding multiple pages with target (kb): 0, discard_protected_tabs: 0
[15124:15128:0607/101242.080:WARNING:chrome\browser\performance_manager\policies\page_discarding_helper.cc:139] Discarding multiple pages with target (kb): 0, discard_protected_tabs: 0
[15124:15128:0607/101247.099:WARNING:chrome\browser\performance_manager\policies\page_discarding_helper.cc:139] Discarding multiple pages with target (kb): 0, discard_protected_tabs: 0
[15124:15128:0607/101252.099:WARNING:chrome\browser\performance_manager\policies\page_discarding_helper.cc:139] Discarding multiple pages with target (kb): 0, discard_protected_tabs: 0
[15124:15128:0607/101257.119:WARNING:chrome\browser\performance_manager\policies\page_discarding_helper.cc:139] Discarding multiple pages with target (kb): 0, discard_protected_tabs: 0
[15124:15128:0607/101302.139:WARNING:chrome\browser\performance_manager\policies\page_discarding_helper.cc:139] Discarding multiple pages with target (kb): 0, discard_protected_tabs: 0
[15124:15128:0607/101307.139:WARNING:chrome\browser\performance_manager\policies\page_discarding_helper.cc:139] Discarding multiple pages with target (kb): 0, discard_protected_tabs: 0
[15124:15128:0607/101312.140:WARNING:chrome\browser\performance_manager\policies\page_discarding_helper.cc:139] Discarding multiple pages with target (kb): 0, discard_protected_tabs: 0
[15124:15128:0607/101317.159:WARNING:chrome\browser\performance_manager\policies\page_discarding_helper.cc:139] Discarding multiple pages with target (kb): 0, discard_protected_tabs: 0
[15124:15128:0607/101322.159:WARNING:chrome\browser\performance_manager\policies\page_discarding_helper.cc:139] Discarding multiple pages with target (kb): 0, discard_protected_tabs: 0
[15124:15128:0607/101327.179:WARNING:chrome\browser\performance_manager\policies\page_discarding_helper.cc:139] Discarding multiple pages with target (kb): 0, discard_protected_tabs: 0
[15124:15128:0607/101332.199:WARNING:chrome\browser\performance_manager\policies\page_discarding_helper.cc:139] Discarding multiple pages with target (kb): 0, discard_protected_tabs: 0
[15124:15128:0607/101337.219:WARNING:chrome\browser\performance_manager\policies\page_discarding_helper.cc:139] Discarding multiple pages with target (kb): 0, discard_protected_tabs: 0
[15124:15128:0607/101342.219:WARNING:chrome\browser\performance_manager\policies\page_discarding_helper.cc:139] Discarding multiple pages with target (kb): 0, discard_protected_tabs: 0
[15124:15128:0607/101347.239:WARNING:chrome\browser\performance_manager\policies\page_discarding_helper.cc:139] Discarding multiple pages with target (kb): 0, discard_protected_tabs: 0
[15124:15128:0607/101352.240:WARNING:chrome\browser\performance_manager\policies\page_discarding_helper.cc:139] Discarding multiple pages with target (kb): 0, discard_protected_tabs: 0
[15124:15128:0607/101357.259:WARNING:chrome\browser\performance_manager\policies\page_discarding_helper.cc:139] Discarding multiple pages with target (kb): 0, discard_protected_tabs: 0
[15124:15128:0607/101402.259:WARNING:chrome\browser\performance_manager\policies\page_discarding_helper.cc:139] Discarding multiple pages with target (kb): 0, discard_protected_tabs: 0
[15124:15128:0607/101407.280:WARNING:chrome\browser\performance_manager\policies\page_discarding_helper.cc:139] Discarding multiple pages with target (kb): 0, discard_protected_tabs: 0
[15124:15128:0607/101412.299:WARNING:chrome\browser\performance_manager\policies\page_discarding_helper.cc:139] Discarding multiple pages with target (kb): 0, discard_protected_tabs: 0
[15124:15128:0607/101417.319:WARNING:chrome\browser\performance_manager\policies\page_discarding_helper.cc:139] Discarding multiple pages with target (kb): 0, discard_protected_tabs: 0
[15124:15128:0607/101422.320:WARNING:chrome\browser\performance_manager\policies\page_discarding_helper.cc:139] Discarding multiple pages with target (kb): 0, discard_protected_tabs: 0
[15124:15128:0607/101427.319:WARNING:chrome\browser\performance_manager\policies\page_discarding_helper.cc:139] Discarding multiple pages with target (kb): 0, discard_protected_tabs: 0
[15124:15128:0607/101432.339:WARNING:chrome\browser\performance_manager\policies\page_discarding_helper.cc:139] Discarding multiple pages with target (kb): 0, discard_protected_tabs: 0
[15124:15128:0607/101437.340:WARNING:chrome\browser\performance_manager\policies\page_discarding_helper.cc:139] Discarding multiple pages with target (kb): 0, discard_protected_tabs: 0
[15124:15128:0607/101442.340:WARNING:chrome\browser\performance_manager\policies\page_discarding_helper.cc:139] Discarding multiple pages with target (kb): 0, discard_protected_tabs: 0
[15124:15128:0607/101447.359:WARNING:chrome\browser\performance_manager\policies\page_discarding_helper.cc:139] Discarding multiple pages with target (kb): 0, discard_protected_tabs: 0
[15124:15128:0607/101452.360:WARNING:chrome\browser\performance_manager\policies\page_discarding_helper.cc:139] Discarding multiple pages with target (kb): 0, discard_protected_tabs: 0
[15124:15128:0607/101457.379:WARNING:chrome\browser\performance_manager\policies\page_discarding_helper.cc:139] Discarding multiple pages with target (kb): 0, discard_protected_tabs: 0
[15124:15128:0607/101502.400:WARNING:chrome\browser\performance_manager\policies\page_discarding_helper.cc:139] Discarding multiple pages with target (kb): 0, discard_protected_tabs: 0
[15124:15128:0607/101507.419:WARNING:chrome\browser\performance_manager\policies\page_discarding_helper.cc:139] Discarding multiple pages with target (kb): 0, discard_protected_tabs: 0
[15124:15128:0607/101512.419:WARNING:chrome\browser\performance_manager\policies\page_discarding_helper.cc:139] Discarding multiple pages with target (kb): 0, discard_protected_tabs: 0
[15124:15128:0607/101517.439:WARNING:chrome\browser\performance_manager\policies\page_discarding_helper.cc:139] Discarding multiple pages with target (kb): 0, discard_protected_tabs: 0
[15124:15128:0607/101522.459:WARNING:chrome\browser\performance_manager\policies\page_discarding_helper.cc:139] Discarding multiple pages with target (kb): 0, discard_protected_tabs: 0
[15124:15128:0607/101527.459:WARNING:chrome\browser\performance_manager\policies\page_discarding_helper.cc:139] Discarding multiple pages with target (kb): 0, discard_protected_tabs: 0
[15124:15128:0607/101532.459:WARNING:chrome\browser\performance_manager\policies\page_discarding_helper.cc:139] Discarding multiple pages with target (kb): 0, discard_protected_tabs: 0
[15124:15128:0607/101537.479:WARNING:chrome\browser\performance_manager\policies\page_discarding_helper.cc:139] Discarding multiple pages with target (kb): 0, discard_protected_tabs: 0
[15124:15128:0607/101542.479:WARNING:chrome\browser\performance_manager\policies\page_discarding_helper.cc:139] Discarding multiple pages with target (kb): 0, discard_protected_tabs: 0
[15124:15128:0607/101547.499:WARNING:chrome\browser\performance_manager\policies\page_discarding_helper.cc:139] Discarding multiple pages with target (kb): 0, discard_protected_tabs: 0
[15124:15128:0607/101552.519:WARNING:chrome\browser\performance_manager\policies\page_discarding_helper.cc:139] Discarding multiple pages with target (kb): 0, discard_protected_tabs: 0
[15124:15128:0607/101557.519:WARNING:chrome\browser\performance_manager\policies\page_discarding_helper.cc:139] Discarding multiple pages with target (kb): 0, discard_protected_tabs: 0
[15124:15128:0607/101602.520:WARNING:chrome\browser\performance_manager\policies\page_discarding_helper.cc:139] Discarding multiple pages with target (kb): 0, discard_protected_tabs: 0
[15124:15128:0607/101607.539:WARNING:chrome\browser\performance_manager\policies\page_discarding_helper.cc:139] Discarding multiple pages with target (kb): 0, discard_protected_tabs: 0
[15124:15128:0607/101612.559:WARNING:chrome\browser\performance_manager\policies\page_discarding_helper.cc:139] Discarding multiple pages with target (kb): 0, discard_protected_tabs: 0
[15124:15128:0607/101617.559:WARNING:chrome\browser\performance_manager\policies\page_discarding_helper.cc:139] Discarding multiple pages with target (kb): 0, discard_protected_tabs: 0
[15124:15128:0607/101622.559:WARNING:chrome\browser\performance_manager\policies\page_discarding_helper.cc:139] Discarding multiple pages with target (kb): 0, discard_protected_tabs: 0
[15124:15128:0607/101627.579:WARNING:chrome\browser\performance_manager\policies\page_discarding_helper.cc:139] Discarding multiple pages with target (kb): 0, discard_protected_tabs: 0
[15124:15128:0607/101632.599:WARNING:chrome\browser\performance_manager\policies\page_discarding_helper.cc:139] Discarding multiple pages with target (kb): 0, discard_protected_tabs: 0
[15124:15128:0607/101637.619:WARNING:chrome\browser\performance_manager\policies\page_discarding_helper.cc:139] Discarding multiple pages with target (kb): 0, discard_protected_tabs: 0
[15124:15128:0607/101642.620:WARNING:chrome\browser\performance_manager\policies\page_discarding_helper.cc:139] Discarding multiple pages with target (kb): 0, discard_protected_tabs: 0
[15124:15128:0607/101647.639:WARNING:chrome\browser\performance_manager\policies\page_discarding_helper.cc:139] Discarding multiple pages with target (kb): 0, discard_protected_tabs: 0
[15124:15128:0607/101652.659:WARNING:chrome\browser\performance_manager\policies\page_discarding_helper.cc:139] Discarding multiple pages with target (kb): 0, discard_protected_tabs: 0
[15124:15128:0607/101657.659:WARNING:chrome\browser\performance_manager\policies\page_discarding_helper.cc:139] Discarding multiple pages with target (kb): 0, discard_protected_tabs: 0
[15124:15128:0607/101702.679:WARNING:chrome\browser\performance_manager\policies\page_discarding_helper.cc:139] Discarding multiple pages with target (kb): 0, discard_protected_tabs: 0
[15124:15128:0607/101707.699:WARNING:chrome\browser\performance_manager\policies\page_discarding_helper.cc:139] Discarding multiple pages with target (kb): 0, discard_protected_tabs: 0
[15124:15128:0607/101712.699:WARNING:chrome\browser\performance_manager\policies\page_discarding_helper.cc:139] Discarding multiple pages with target (kb): 0, discard_protected_tabs: 0
[15124:15128:0607/101717.700:WARNING:chrome\browser\performance_manager\policies\page_discarding_helper.cc:139] Discarding multiple pages with target (kb): 0, discard_protected_tabs: 0
[15124:15128:0607/101722.719:WARNING:chrome\browser\performance_manager\policies\page_discarding_helper.cc:139] Discarding multiple pages with target (kb): 0, discard_protected_tabs: 0
[15124:15128:0607/101727.720:WARNING:chrome\browser\performance_manager\policies\page_discarding_helper.cc:139] Discarding multiple pages with target (kb): 0, discard_protected_tabs: 0
[15124:15128:0607/101732.739:WARNING:chrome\browser\performance_manager\policies\page_discarding_helper.cc:139] Discarding multiple pages with target (kb): 0, discard_protected_tabs: 0
[15124:15128:0607/101737.759:WARNING:chrome\browser\performance_manager\policies\page_discarding_helper.cc:139] Discarding multiple pages with target (kb): 0, discard_protected_tabs: 0
[15124:15128:0607/101742.779:WARNING:chrome\browser\performance_manager\policies\page_discarding_helper.cc:139] Discarding multiple pages with target (kb): 0, discard_protected_tabs: 0
[15124:15128:0607/101747.779:WARNING:chrome\browser\performance_manager\policies\page_discarding_helper.cc:139] Discarding multiple pages with target (kb): 0, discard_protected_tabs: 0
[15124:15128:0607/101752.799:WARNING:chrome\browser\performance_manager\policies\page_discarding_helper.cc:139] Discarding multiple pages with target (kb): 0, discard_protected_tabs: 0
[15124:15128:0607/101757.800:WARNING:chrome\browser\performance_manager\policies\page_discarding_helper.cc:139] Discarding multiple pages with target (kb): 0, discard_protected_tabs: 0
[15124:15128:0607/101802.819:WARNING:chrome\browser\performance_manager\policies\page_discarding_helper.cc:139] Discarding multiple pages with target (kb): 0, discard_protected_tabs: 0
[15124:15128:0607/101807.820:WARNING:chrome\browser\performance_manager\policies\page_discarding_helper.cc:139] Discarding multiple pages with target (kb): 0, discard_protected_tabs: 0
[15124:15128:0607/101812.840:WARNING:chrome\browser\performance_manager\policies\page_discarding_helper.cc:139] Discarding multiple pages with target (kb): 0, discard_protected_tabs: 0
[15124:15128:0607/101817.859:WARNING:chrome\browser\performance_manager\policies\page_discarding_helper.cc:139] Discarding multiple pages with target (kb): 0, discard_protected_tabs: 0
[15124:15128:0607/101822.879:WARNING:chrome\browser\performance_manager\policies\page_discarding_helper.cc:139] Discarding multiple pages with target (kb): 0, discard_protected_tabs: 0
[15124:15128:0607/101827.880:WARNING:chrome\browser\performance_manager\policies\page_discarding_helper.cc:139] Discarding multiple pages with target (kb): 0, discard_protected_tabs: 0
[15124:15128:0607/101832.900:WARNING:chrome\browser\performance_manager\policies\page_discarding_helper.cc:139] Discarding multiple pages with target (kb): 0, discard_protected_tabs: 0
[15124:15128:0607/101837.919:WARNING:chrome\browser\performance_manager\policies\page_discarding_helper.cc:139] Discarding multiple pages with target (kb): 0, discard_protected_tabs: 0
[15124:15128:0607/101842.939:WARNING:chrome\browser\performance_manager\policies\page_discarding_helper.cc:139] Discarding multiple pages with target (kb): 0, discard_protected_tabs: 0
[15124:15128:0607/101847.939:WARNING:chrome\browser\performance_manager\policies\page_discarding_helper.cc:139] Discarding multiple pages with target (kb): 0, discard_protected_tabs: 0
[15124:15128:0607/101852.959:WARNING:chrome\browser\performance_manager\policies\page_discarding_helper.cc:139] Discarding multiple pages with target (kb): 0, discard_protected_tabs: 0
[15124:15128:0607/101857.979:WARNING:chrome\browser\performance_manager\policies\page_discarding_helper.cc:139] Discarding multiple pages with target (kb): 0, discard_protected_tabs: 0
[15124:15128:0607/101902.979:WARNING:chrome\browser\performance_manager\policies\page_discarding_helper.cc:139] Discarding multiple pages with target (kb): 0, discard_protected_tabs: 0
[15124:15128:0607/101907.999:WARNING:chrome\browser\performance_manager\policies\page_discarding_helper.cc:139] Discarding multiple pages with target (kb): 0, discard_protected_tabs: 0
[15124:15128:0607/101913.019:WARNING:chrome\browser\performance_manager\policies\page_discarding_helper.cc:139] Discarding multiple pages with target (kb): 0, discard_protected_tabs: 0
[15124:15128:0607/101918.020:WARNING:chrome\browser\performance_manager\policies\page_discarding_helper.cc:139] Discarding multiple pages with target (kb): 0, discard_protected_tabs: 0
[15124:15128:0607/101923.039:WARNING:chrome\browser\performance_manager\policies\page_discarding_helper.cc:139] Discarding multiple pages with target (kb): 0, discard_protected_tabs: 0
[15124:15128:0607/101928.059:WARNING:chrome\browser\performance_manager\policies\page_discarding_helper.cc:139] Discarding multiple pages with target (kb): 0, discard_protected_tabs: 0
[15124:15128:0607/101933.059:WARNING:chrome\browser\performance_manager\policies\page_discarding_helper.cc:139] Discarding multiple pages with target (kb): 0, discard_protected_tabs: 0
[15124:15128:0607/101938.079:WARNING:chrome\browser\performance_manager\policies\page_discarding_helper.cc:139] Discarding multiple pages with target (kb): 0, discard_protected_tabs: 0
[15124:15128:0607/101943.099:WARNING:chrome\browser\performance_manager\policies\page_discarding_helper.cc:139] Discarding multiple pages with target (kb): 0, discard_protected_tabs: 0
[15124:15128:0607/101948.119:WARNING:chrome\browser\performance_manager\policies\page_discarding_helper.cc:139] Discarding multiple pages with target (kb): 0, discard_protected_tabs: 0
[15124:15128:0607/101953.120:WARNING:chrome\browser\performance_manager\policies\page_discarding_helper.cc:139] Discarding multiple pages with target (kb): 0, discard_protected_tabs: 0
[15124:15128:0607/101958.140:WARNING:chrome\browser\performance_manager\policies\page_discarding_helper.cc:139] Discarding multiple pages with target (kb): 0, discard_protected_tabs: 0
[15124:15128:0607/102003.159:WARNING:chrome\browser\performance_manager\policies\page_discarding_helper.cc:139] Discarding multiple pages with target (kb): 0, discard_protected_tabs: 0
[15124:15128:0607/102008.159:WARNING:chrome\browser\performance_manager\policies\page_discarding_helper.cc:139] Discarding multiple pages with target (kb): 0, discard_protected_tabs: 0
[15124:15128:0607/102013.180:WARNING:chrome\browser\performance_manager\policies\page_discarding_helper.cc:139] Discarding multiple pages with target (kb): 0, discard_protected_tabs: 0
[15124:15128:0607/102018.199:WARNING:chrome\browser\performance_manager\policies\page_discarding_helper.cc:139] Discarding multiple pages with target (kb): 0, discard_protected_tabs: 0
[15124:15128:0607/102023.219:WARNING:chrome\browser\performance_manager\policies\page_discarding_helper.cc:139] Discarding multiple pages with target (kb): 0, discard_protected_tabs: 0
[15124:15128:0607/102028.219:WARNING:chrome\browser\performance_manager\policies\page_discarding_helper.cc:139] Discarding multiple pages with target (kb): 0, discard_protected_tabs: 0
[15124:15128:0607/102033.220:WARNING:chrome\browser\performance_manager\policies\page_discarding_helper.cc:139] Discarding multiple pages with target (kb): 0, discard_protected_tabs: 0
[15124:15128:0607/102038.239:WARNING:chrome\browser\performance_manager\policies\page_discarding_helper.cc:139] Discarding multiple pages with target (kb): 0, discard_protected_tabs: 0
[15124:15128:0607/102043.259:WARNING:chrome\browser\performance_manager\policies\page_discarding_helper.cc:139] Discarding multiple pages with target (kb): 0, discard_protected_tabs: 0
[15124:15128:0607/102048.260:WARNING:chrome\browser\performance_manager\policies\page_discarding_helper.cc:139] Discarding multiple pages with target (kb): 0, discard_protected_tabs: 0
[15124:15128:0607/102053.279:WARNING:chrome\browser\performance_manager\policies\page_discarding_helper.cc:139] Discarding multiple pages with target (kb): 0, discard_protected_tabs: 0
[15124:15128:0607/102058.299:WARNING:chrome\browser\performance_manager\policies\page_discarding_helper.cc:139] Discarding multiple pages with target (kb): 0, discard_protected_tabs: 0
[15124:15128:0607/102103.319:WARNING:chrome\browser\performance_manager\policies\page_discarding_helper.cc:139] Discarding multiple pages with target (kb): 0, discard_protected_tabs: 0
[15124:15128:0607/102108.319:WARNING:chrome\browser\performance_manager\policies\page_discarding_helper.cc:139] Discarding multiple pages with target (kb): 0, discard_protected_tabs: 0
[15124:15128:0607/102113.339:WARNING:chrome\browser\performance_manager\policies\page_discarding_helper.cc:139] Discarding multiple pages with target (kb): 0, discard_protected_tabs: 0
[15124:15128:0607/102118.359:WARNING:chrome\browser\performance_manager\policies\page_discarding_helper.cc:139] Discarding multiple pages with target (kb): 0, discard_protected_tabs: 0
[15124:15128:0607/102123.360:WARNING:chrome\browser\performance_manager\policies\page_discarding_helper.cc:139] Discarding multiple pages with target (kb): 0, discard_protected_tabs: 0
[15124:15128:0607/102128.379:WARNING:chrome\browser\performance_manager\policies\page_discarding_helper.cc:139] Discarding multiple pages with target (kb): 0, discard_protected_tabs: 0
[15124:15128:0607/102133.379:WARNING:chrome\browser\performance_manager\policies\page_discarding_helper.cc:139] Discarding multiple pages with target (kb): 0, discard_protected_tabs: 0
[15124:15128:0607/102138.399:WARNING:chrome\browser\performance_manager\policies\page_discarding_helper.cc:139] Discarding multiple pages with target (kb): 0, discard_protected_tabs: 0
[15124:15128:0607/102143.419:WARNING:chrome\browser\performance_manager\policies\page_discarding_helper.cc:139] Discarding multiple pages with target (kb): 0, discard_protected_tabs: 0
[15124:15128:0607/102148.420:WARNING:chrome\browser\performance_manager\policies\page_discarding_helper.cc:139] Discarding multiple pages with target (kb): 0, discard_protected_tabs: 0
[15124:15128:0607/102153.439:WARNING:chrome\browser\performance_manager\policies\page_discarding_helper.cc:139] Discarding multiple pages with target (kb): 0, discard_protected_tabs: 0
[15124:15128:0607/102158.439:WARNING:chrome\browser\performance_manager\policies\page_discarding_helper.cc:139] Discarding multiple pages with target (kb): 0, discard_protected_tabs: 0
[15124:15128:0607/102203.459:WARNING:chrome\browser\performance_manager\policies\page_discarding_helper.cc:139] Discarding multiple pages with target (kb): 0, discard_protected_tabs: 0
[15124:15128:0607/102208.459:WARNING:chrome\browser\performance_manager\policies\page_discarding_helper.cc:139] Discarding multiple pages with target (kb): 0, discard_protected_tabs: 0
[15124:15128:0607/102213.479:WARNING:chrome\browser\performance_manager\policies\page_discarding_helper.cc:139] Discarding multiple pages with target (kb): 0, discard_protected_tabs: 0
[15124:15128:0607/102218.480:WARNING:chrome\browser\performance_manager\policies\page_discarding_helper.cc:139] Discarding multiple pages with target (kb): 0, discard_protected_tabs: 0
[15124:15128:0607/102223.499:WARNING:chrome\browser\performance_manager\policies\page_discarding_helper.cc:139] Discarding multiple pages with target (kb): 0, discard_protected_tabs: 0
[15124:15128:0607/102228.499:WARNING:chrome\browser\performance_manager\policies\page_discarding_helper.cc:139] Discarding multiple pages with target (kb): 0, discard_protected_tabs: 0
[15124:15128:0607/102233.519:WARNING:chrome\browser\performance_manager\policies\page_discarding_helper.cc:139] Discarding multiple pages with target (kb): 0, discard_protected_tabs: 0
[15124:15128:0607/102238.520:WARNING:chrome\browser\performance_manager\policies\page_discarding_helper.cc:139] Discarding multiple pages with target (kb): 0, discard_protected_tabs: 0
[15124:15128:0607/102243.539:WARNING:chrome\browser\performance_manager\policies\page_discarding_helper.cc:139] Discarding multiple pages with target (kb): 0, discard_protected_tabs: 0
[15124:15128:0607/102248.539:WARNING:chrome\browser\performance_manager\policies\page_discarding_helper.cc:139] Discarding multiple pages with target (kb): 0, discard_protected_tabs: 0
[15124:15128:0607/102253.539:WARNING:chrome\browser\performance_manager\policies\page_discarding_helper.cc:139] Discarding multiple pages with target (kb): 0, discard_protected_tabs: 0
[15124:15128:0607/102258.559:WARNING:chrome\browser\performance_manager\policies\page_discarding_helper.cc:139] Discarding multiple pages with target (kb): 0, discard_protected_tabs: 0
[15124:15128:0607/102303.579:WARNING:chrome\browser\performance_manager\policies\page_discarding_helper.cc:139] Discarding multiple pages with target (kb): 0, discard_protected_tabs: 0
[15124:15128:0607/102308.599:WARNING:chrome\browser\performance_manager\policies\page_discarding_helper.cc:139] Discarding multiple pages with target (kb): 0, discard_protected_tabs: 0
[15124:15128:0607/102313.599:WARNING:chrome\browser\performance_manager\policies\page_discarding_helper.cc:139] Discarding multiple pages with target (kb): 0, discard_protected_tabs: 0
[15124:15128:0607/102318.619:WARNING:chrome\browser\performance_manager\policies\page_discarding_helper.cc:139] Discarding multiple pages with target (kb): 0, discard_protected_tabs: 0
[15124:15128:0607/102323.639:WARNING:chrome\browser\performance_manager\policies\page_discarding_helper.cc:139] Discarding multiple pages with target (kb): 0, discard_protected_tabs: 0
[15124:15128:0607/102328.639:WARNING:chrome\browser\performance_manager\policies\page_discarding_helper.cc:139] Discarding multiple pages with target (kb): 0, discard_protected_tabs: 0
[15124:15128:0607/102333.659:WARNING:chrome\browser\performance_manager\policies\page_discarding_helper.cc:139] Discarding multiple pages with target (kb): 0, discard_protected_tabs: 0
[15124:15128:0607/102338.659:WARNING:chrome\browser\performance_manager\policies\page_discarding_helper.cc:139] Discarding multiple pages with target (kb): 0, discard_protected_tabs: 0
[15124:15128:0607/102343.679:WARNING:chrome\browser\performance_manager\policies\page_discarding_helper.cc:139] Discarding multiple pages with target (kb): 0, discard_protected_tabs: 0
[15124:15128:0607/102348.679:WARNING:chrome\browser\performance_manager\policies\page_discarding_helper.cc:139] Discarding multiple pages with target (kb): 0, discard_protected_tabs: 0
[15124:15128:0607/102353.699:WARNING:chrome\browser\performance_manager\policies\page_discarding_helper.cc:139] Discarding multiple pages with target (kb): 0, discard_protected_tabs: 0
[15124:15128:0607/102358.699:WARNING:chrome\browser\performance_manager\policies\page_discarding_helper.cc:139] Discarding multiple pages with target (kb): 0, discard_protected_tabs: 0
[15124:15128:0607/102403.699:WARNING:chrome\browser\performance_manager\policies\page_discarding_helper.cc:139] Discarding multiple pages with target (kb): 0, discard_protected_tabs: 0
[15124:15128:0607/102408.719:WARNING:chrome\browser\performance_manager\policies\page_discarding_helper.cc:139] Discarding multiple pages with target (kb): 0, discard_protected_tabs: 0
[15124:15128:0607/102413.739:WARNING:chrome\browser\performance_manager\policies\page_discarding_helper.cc:139] Discarding multiple pages with target (kb): 0, discard_protected_tabs: 0
[15124:15128:0607/102418.739:WARNING:chrome\browser\performance_manager\policies\page_discarding_helper.cc:139] Discarding multiple pages with target (kb): 0, discard_protected_tabs: 0
[15124:15128:0607/102423.740:WARNING:chrome\browser\performance_manager\policies\page_discarding_helper.cc:139] Discarding multiple pages with target (kb): 0, discard_protected_tabs: 0
[15124:15128:0607/102428.760:WARNING:chrome\browser\performance_manager\policies\page_discarding_helper.cc:139] Discarding multiple pages with target (kb): 0, discard_protected_tabs: 0
[15124:15128:0607/102433.779:WARNING:chrome\browser\performance_manager\policies\page_discarding_helper.cc:139] Discarding multiple pages with target (kb): 0, discard_protected_tabs: 0
[15124:15128:0607/102438.779:WARNING:chrome\browser\performance_manager\policies\page_discarding_helper.cc:139] Discarding multiple pages with target (kb): 0, discard_protected_tabs: 0
[15124:15128:0607/102443.780:WARNING:chrome\browser\performance_manager\policies\page_discarding_helper.cc:139] Discarding multiple pages with target (kb): 0, discard_protected_tabs: 0
[15124:15128:0607/102448.799:WARNING:chrome\browser\performance_manager\policies\page_discarding_helper.cc:139] Discarding multiple pages with target (kb): 0, discard_protected_tabs: 0
[15124:15128:0607/102453.799:WARNING:chrome\browser\performance_manager\policies\page_discarding_helper.cc:139] Discarding multiple pages with target (kb): 0, discard_protected_tabs: 0
[15124:15128:0607/102458.819:WARNING:chrome\browser\performance_manager\policies\page_discarding_helper.cc:139] Discarding multiple pages with target (kb): 0, discard_protected_tabs: 0
[15124:15128:0607/102503.819:WARNING:chrome\browser\performance_manager\policies\page_discarding_helper.cc:139] Discarding multiple pages with target (kb): 0, discard_protected_tabs: 0
[15124:15128:0607/102508.839:WARNING:chrome\browser\performance_manager\policies\page_discarding_helper.cc:139] Discarding multiple pages with target (kb): 0, discard_protected_tabs: 0
[15124:15128:0607/102513.840:WARNING:chrome\browser\performance_manager\policies\page_discarding_helper.cc:139] Discarding multiple pages with target (kb): 0, discard_protected_tabs: 0
[15124:15128:0607/102518.839:WARNING:chrome\browser\performance_manager\policies\page_discarding_helper.cc:139] Discarding multiple pages with target (kb): 0, discard_protected_tabs: 0
[15124:15128:0607/102523.859:WARNING:chrome\browser\performance_manager\policies\page_discarding_helper.cc:139] Discarding multiple pages with target (kb): 0, discard_protected_tabs: 0
[15124:15128:0607/102528.859:WARNING:chrome\browser\performance_manager\policies\page_discarding_helper.cc:139] Discarding multiple pages with target (kb): 0, discard_protected_tabs: 0
[15124:15128:0607/102533.879:WARNING:chrome\browser\performance_manager\policies\page_discarding_helper.cc:139] Discarding multiple pages with target (kb): 0, discard_protected_tabs: 0
[15124:15128:0607/102538.879:WARNING:chrome\browser\performance_manager\policies\page_discarding_helper.cc:139] Discarding multiple pages with target (kb): 0, discard_protected_tabs: 0
[15124:15128:0607/102543.899:WARNING:chrome\browser\performance_manager\policies\page_discarding_helper.cc:139] Discarding multiple pages with target (kb): 0, discard_protected_tabs: 0
[15124:15128:0607/102548.900:WARNING:chrome\browser\performance_manager\policies\page_discarding_helper.cc:139] Discarding multiple pages with target (kb): 0, discard_protected_tabs: 0
[15124:15128:0607/102553.919:WARNING:chrome\browser\performance_manager\policies\page_discarding_helper.cc:139] Discarding multiple pages with target (kb): 0, discard_protected_tabs: 0
[15124:15128:0607/102558.940:WARNING:chrome\browser\performance_manager\policies\page_discarding_helper.cc:139] Discarding multiple pages with target (kb): 0, discard_protected_tabs: 0
[15124:15128:0607/102603.959:WARNING:chrome\browser\performance_manager\policies\page_discarding_helper.cc:139] Discarding multiple pages with target (kb): 0, discard_protected_tabs: 0
[15124:15128:0607/102608.959:WARNING:chrome\browser\performance_manager\policies\page_discarding_helper.cc:139] Discarding multiple pages with target (kb): 0, discard_protected_tabs: 0
[15124:15128:0607/102613.979:WARNING:chrome\browser\performance_manager\policies\page_discarding_helper.cc:139] Discarding multiple pages with target (kb): 0, discard_protected_tabs: 0
[15124:15128:0607/102618.979:WARNING:chrome\browser\performance_manager\policies\page_discarding_helper.cc:139] Discarding multiple pages with target (kb): 0, discard_protected_tabs: 0
[15124:15128:0607/102623.999:WARNING:chrome\browser\performance_manager\policies\page_discarding_helper.cc:139] Discarding multiple pages with target (kb): 0, discard_protected_tabs: 0
[15124:15128:0607/102629.019:WARNING:chrome\browser\performance_manager\policies\page_discarding_helper.cc:139] Discarding multiple pages with target (kb): 0, discard_protected_tabs: 0
[15124:15128:0607/102634.039:WARNING:chrome\browser\performance_manager\policies\page_discarding_helper.cc:139] Discarding multiple pages with target (kb): 0, discard_protected_tabs: 0
[15124:15128:0607/102639.059:WARNING:chrome\browser\performance_manager\policies\page_discarding_helper.cc:139] Discarding multiple pages with target (kb): 0, discard_protected_tabs: 0
[15124:15128:0607/102644.079:WARNING:chrome\browser\performance_manager\policies\page_discarding_helper.cc:139] Discarding multiple pages with target (kb): 0, discard_protected_tabs: 0
[15124:15128:0607/102649.079:WARNING:chrome\browser\performance_manager\policies\page_discarding_helper.cc:139] Discarding multiple pages with target (kb): 0, discard_protected_tabs: 0
[15124:15128:0607/102654.099:WARNING:chrome\browser\performance_manager\policies\page_discarding_helper.cc:139] Discarding multiple pages with target (kb): 0, discard_protected_tabs: 0
[15124:15128:0607/102659.100:WARNING:chrome\browser\performance_manager\policies\page_discarding_helper.cc:139] Discarding multiple pages with target (kb): 0, discard_protected_tabs: 0
[15124:15128:0607/102704.119:WARNING:chrome\browser\performance_manager\policies\page_discarding_helper.cc:139] Discarding multiple pages with target (kb): 0, discard_protected_tabs: 0
[15124:15128:0607/102709.139:WARNING:chrome\browser\performance_manager\policies\page_discarding_helper.cc:139] Discarding multiple pages with target (kb): 0, discard_protected_tabs: 0
[15124:15128:0607/102714.139:WARNING:chrome\browser\performance_manager\policies\page_discarding_helper.cc:139] Discarding multiple pages with target (kb): 0, discard_protected_tabs: 0
[15124:15128:0607/102719.139:WARNING:chrome\browser\performance_manager\policies\page_discarding_helper.cc:139] Discarding multiple pages with target (kb): 0, discard_protected_tabs: 0
[15124:15128:0607/102724.140:WARNING:chrome\browser\performance_manager\policies\page_discarding_helper.cc:139] Discarding multiple pages with target (kb): 0, discard_protected_tabs: 0
[15124:15128:0607/102729.159:WARNING:chrome\browser\performance_manager\policies\page_discarding_helper.cc:139] Discarding multiple pages with target (kb): 0, discard_protected_tabs: 0
[15124:15128:0607/102734.179:WARNING:chrome\browser\performance_manager\policies\page_discarding_helper.cc:139] Discarding multiple pages with target (kb): 0, discard_protected_tabs: 0
[15124:15128:0607/102739.180:WARNING:chrome\browser\performance_manager\policies\page_discarding_helper.cc:139] Discarding multiple pages with target (kb): 0, discard_protected_tabs: 0
[15124:15128:0607/102744.199:WARNING:chrome\browser\performance_manager\policies\page_discarding_helper.cc:139] Discarding multiple pages with target (kb): 0, discard_protected_tabs: 0
[15124:15128:0607/102749.219:WARNING:chrome\browser\performance_manager\policies\page_discarding_helper.cc:139] Discarding multiple pages with target (kb): 0, discard_protected_tabs: 0
[15124:15128:0607/102754.239:WARNING:chrome\browser\performance_manager\policies\page_discarding_helper.cc:139] Discarding multiple pages with target (kb): 0, discard_protected_tabs: 0
[15124:15128:0607/102759.240:WARNING:chrome\browser\performance_manager\policies\page_discarding_helper.cc:139] Discarding multiple pages with target (kb): 0, discard_protected_tabs: 0
[15124:15128:0607/102804.259:WARNING:chrome\browser\performance_manager\policies\page_discarding_helper.cc:139] Discarding multiple pages with target (kb): 0, discard_protected_tabs: 0
[15124:15128:0607/102809.259:WARNING:chrome\browser\performance_manager\policies\page_discarding_helper.cc:139] Discarding multiple pages with target (kb): 0, discard_protected_tabs: 0
[15124:15128:0607/102814.259:WARNING:chrome\browser\performance_manager\policies\page_discarding_helper.cc:139] Discarding multiple pages with target (kb): 0, discard_protected_tabs: 0
[15124:15128:0607/102819.280:WARNING:chrome\browser\performance_manager\policies\page_discarding_helper.cc:139] Discarding multiple pages with target (kb): 0, discard_protected_tabs: 0
[15124:15128:0607/102824.299:WARNING:chrome\browser\performance_manager\policies\page_discarding_helper.cc:139] Discarding multiple pages with target (kb): 0, discard_protected_tabs: 0
[15124:15128:0607/102829.300:WARNING:chrome\browser\performance_manager\policies\page_discarding_helper.cc:139] Discarding multiple pages with target (kb): 0, discard_protected_tabs: 0
[15124:15128:0607/102834.319:WARNING:chrome\browser\performance_manager\policies\page_discarding_helper.cc:139] Discarding multiple pages with target (kb): 0, discard_protected_tabs: 0
[15124:15128:0607/102839.339:WARNING:chrome\browser\performance_manager\policies\page_discarding_helper.cc:139] Discarding multiple pages with target (kb): 0, discard_protected_tabs: 0
[15124:15128:0607/102844.340:WARNING:chrome\browser\performance_manager\policies\page_discarding_helper.cc:139] Discarding multiple pages with target (kb): 0, discard_protected_tabs: 0
[15124:15128:0607/102849.359:WARNING:chrome\browser\performance_manager\policies\page_discarding_helper.cc:139] Discarding multiple pages with target (kb): 0, discard_protected_tabs: 0
[15124:15128:0607/102854.360:WARNING:chrome\browser\performance_manager\policies\page_discarding_helper.cc:139] Discarding multiple pages with target (kb): 0, discard_protected_tabs: 0
[15124:15128:0607/102859.379:WARNING:chrome\browser\performance_manager\policies\page_discarding_helper.cc:139] Discarding multiple pages with target (kb): 0, discard_protected_tabs: 0
[15124:15128:0607/102904.399:WARNING:chrome\browser\performance_manager\policies\page_discarding_helper.cc:139] Discarding multiple pages with target (kb): 0, discard_protected_tabs: 0
[15124:15128:0607/102909.399:WARNING:chrome\browser\performance_manager\policies\page_discarding_helper.cc:139] Discarding multiple pages with target (kb): 0, discard_protected_tabs: 0
[15124:15128:0607/102914.419:WARNING:chrome\browser\performance_manager\policies\page_discarding_helper.cc:139] Discarding multiple pages with target (kb): 0, discard_protected_tabs: 0
[15124:15128:0607/102919.419:WARNING:chrome\browser\performance_manager\policies\page_discarding_helper.cc:139] Discarding multiple pages with target (kb): 0, discard_protected_tabs: 0
[15124:15128:0607/102924.439:WARNING:chrome\browser\performance_manager\policies\page_discarding_helper.cc:139] Discarding multiple pages with target (kb): 0, discard_protected_tabs: 0
[15124:15128:0607/102929.459:WARNING:chrome\browser\performance_manager\policies\page_discarding_helper.cc:139] Discarding multiple pages with target (kb): 0, discard_protected_tabs: 0
[15124:15128:0607/102934.459:WARNING:chrome\browser\performance_manager\policies\page_discarding_helper.cc:139] Discarding multiple pages with target (kb): 0, discard_protected_tabs: 0
[15124:15128:0607/102939.480:WARNING:chrome\browser\performance_manager\policies\page_discarding_helper.cc:139] Discarding multiple pages with target (kb): 0, discard_protected_tabs: 0
[15124:15128:0607/102944.480:WARNING:chrome\browser\performance_manager\policies\page_discarding_helper.cc:139] Discarding multiple pages with target (kb): 0, discard_protected_tabs: 0
[15124:15128:0607/102949.499:WARNING:chrome\browser\performance_manager\policies\page_discarding_helper.cc:139] Discarding multiple pages with target (kb): 0, discard_protected_tabs: 0
[15124:15128:0607/102954.519:WARNING:chrome\browser\performance_manager\policies\page_discarding_helper.cc:139] Discarding multiple pages with target (kb): 0, discard_protected_tabs: 0
[15124:15128:0607/102959.520:WARNING:chrome\browser\performance_manager\policies\page_discarding_helper.cc:139] Discarding multiple pages with target (kb): 0, discard_protected_tabs: 0
[15124:15128:0607/103004.520:WARNING:chrome\browser\performance_manager\policies\page_discarding_helper.cc:139] Discarding multiple pages with target (kb): 0, discard_protected_tabs: 0
[15124:15128:0607/103009.539:WARNING:chrome\browser\performance_manager\policies\page_discarding_helper.cc:139] Discarding multiple pages with target (kb): 0, discard_protected_tabs: 0
[15124:15128:0607/103014.540:WARNING:chrome\browser\performance_manager\policies\page_discarding_helper.cc:139] Discarding multiple pages with target (kb): 0, discard_protected_tabs: 0
[15124:15128:0607/103029.579:WARNING:chrome\browser\performance_manager\policies\page_discarding_helper.cc:139] Discarding multiple pages with target (kb): 0, discard_protected_tabs: 0
[15124:15128:0607/103209.819:WARNING:chrome\browser\performance_manager\policies\page_discarding_helper.cc:139] Discarding multiple pages with target (kb): 0, discard_protected_tabs: 0
[15124:15128:0607/103214.819:WARNING:chrome\browser\performance_manager\policies\page_discarding_helper.cc:139] Discarding multiple pages with target (kb): 0, discard_protected_tabs: 0
[15124:15128:0607/103219.839:WARNING:chrome\browser\performance_manager\policies\page_discarding_helper.cc:139] Discarding multiple pages with target (kb): 0, discard_protected_tabs: 0
[15124:15128:0607/103224.840:WARNING:chrome\browser\performance_manager\policies\page_discarding_helper.cc:139] Discarding multiple pages with target (kb): 0, discard_protected_tabs: 0
[15124:15128:0607/103229.859:WARNING:chrome\browser\performance_manager\policies\page_discarding_helper.cc:139] Discarding multiple pages with target (kb): 0, discard_protected_tabs: 0
[15124:15128:0607/103234.879:WARNING:chrome\browser\performance_manager\policies\page_discarding_helper.cc:139] Discarding multiple pages with target (kb): 0, discard_protected_tabs: 0
[15124:15128:0607/103239.899:WARNING:chrome\browser\performance_manager\policies\page_discarding_helper.cc:139] Discarding multiple pages with target (kb): 0, discard_protected_tabs: 0
[15124:15128:0607/103244.899:WARNING:chrome\browser\performance_manager\policies\page_discarding_helper.cc:139] Discarding multiple pages with target (kb): 0, discard_protected_tabs: 0
[15124:15128:0607/103249.919:WARNING:chrome\browser\performance_manager\policies\page_discarding_helper.cc:139] Discarding multiple pages with target (kb): 0, discard_protected_tabs: 0
[15124:15128:0607/103254.939:WARNING:chrome\browser\performance_manager\policies\page_discarding_helper.cc:139] Discarding multiple pages with target (kb): 0, discard_protected_tabs: 0
[15124:15128:0607/103259.939:WARNING:chrome\browser\performance_manager\policies\page_discarding_helper.cc:139] Discarding multiple pages with target (kb): 0, discard_protected_tabs: 0
[15124:15128:0607/103304.940:WARNING:chrome\browser\performance_manager\policies\page_discarding_helper.cc:139] Discarding multiple pages with target (kb): 0, discard_protected_tabs: 0
[15124:15128:0607/103309.960:WARNING:chrome\browser\performance_manager\policies\page_discarding_helper.cc:139] Discarding multiple pages with target (kb): 0, discard_protected_tabs: 0
[15124:15128:0607/103314.979:WARNING:chrome\browser\performance_manager\policies\page_discarding_helper.cc:139] Discarding multiple pages with target (kb): 0, discard_protected_tabs: 0
[15124:15128:0607/103319.980:WARNING:chrome\browser\performance_manager\policies\page_discarding_helper.cc:139] Discarding multiple pages with target (kb): 0, discard_protected_tabs: 0
[15124:15128:0607/103324.980:WARNING:chrome\browser\performance_manager\policies\page_discarding_helper.cc:139] Discarding multiple pages with target (kb): 0, discard_protected_tabs: 0
[15124:15128:0607/103329.999:WARNING:chrome\browser\performance_manager\policies\page_discarding_helper.cc:139] Discarding multiple pages with target (kb): 0, discard_protected_tabs: 0
[15124:15128:0607/103334.999:WARNING:chrome\browser\performance_manager\policies\page_discarding_helper.cc:139] Discarding multiple pages with target (kb): 0, discard_protected_tabs: 0
[15124:15128:0607/103340.000:WARNING:chrome\browser\performance_manager\policies\page_discarding_helper.cc:139] Discarding multiple pages with target (kb): 0, discard_protected_tabs: 0
[15124:15128:0607/103345.019:WARNING:chrome\browser\performance_manager\policies\page_discarding_helper.cc:139] Discarding multiple pages with target (kb): 0, discard_protected_tabs: 0
[15124:15128:0607/103350.039:WARNING:chrome\browser\performance_manager\policies\page_discarding_helper.cc:139] Discarding multiple pages with target (kb): 0, discard_protected_tabs: 0
[15124:15128:0607/103355.059:WARNING:chrome\browser\performance_manager\policies\page_discarding_helper.cc:139] Discarding multiple pages with target (kb): 0, discard_protected_tabs: 0
[15124:15128:0607/103400.079:WARNING:chrome\browser\performance_manager\policies\page_discarding_helper.cc:139] Discarding multiple pages with target (kb): 0, discard_protected_tabs: 0
[15124:15128:0607/103405.080:WARNING:chrome\browser\performance_manager\policies\page_discarding_helper.cc:139] Discarding multiple pages with target (kb): 0, discard_protected_tabs: 0
[15124:15128:0607/103410.099:WARNING:chrome\browser\performance_manager\policies\page_discarding_helper.cc:139] Discarding multiple pages with target (kb): 0, discard_protected_tabs: 0
[15124:15128:0607/103415.119:WARNING:chrome\browser\performance_manager\policies\page_discarding_helper.cc:139] Discarding multiple pages with target (kb): 0, discard_protected_tabs: 0
[15124:15128:0607/103420.119:WARNING:chrome\browser\performance_manager\policies\page_discarding_helper.cc:139] Discarding multiple pages with target (kb): 0, discard_protected_tabs: 0
[15124:15128:0607/103425.139:WARNING:chrome\browser\performance_manager\policies\page_discarding_helper.cc:139] Discarding multiple pages with target (kb): 0, discard_protected_tabs: 0
[15124:15128:0607/103430.139:WARNING:chrome\browser\performance_manager\policies\page_discarding_helper.cc:139] Discarding multiple pages with target (kb): 0, discard_protected_tabs: 0
[15124:15128:0607/103435.159:WARNING:chrome\browser\performance_manager\policies\page_discarding_helper.cc:139] Discarding multiple pages with target (kb): 0, discard_protected_tabs: 0
[15124:15128:0607/103440.159:WARNING:chrome\browser\performance_manager\policies\page_discarding_helper.cc:139] Discarding multiple pages with target (kb): 0, discard_protected_tabs: 0
[15124:15128:0607/103445.179:WARNING:chrome\browser\performance_manager\policies\page_discarding_helper.cc:139] Discarding multiple pages with target (kb): 0, discard_protected_tabs: 0
[15124:15128:0607/103450.179:WARNING:chrome\browser\performance_manager\policies\page_discarding_helper.cc:139] Discarding multiple pages with target (kb): 0, discard_protected_tabs: 0
[15124:15128:0607/103535.319:WARNING:chrome\browser\performance_manager\policies\page_discarding_helper.cc:139] Discarding multiple pages with target (kb): 0, discard_protected_tabs: 0
[15124:15128:0607/103540.319:WARNING:chrome\browser\performance_manager\policies\page_discarding_helper.cc:139] Discarding multiple pages with target (kb): 0, discard_protected_tabs: 0
[15124:15128:0607/103545.340:WARNING:chrome\browser\performance_manager\policies\page_discarding_helper.cc:139] Discarding multiple pages with target (kb): 0, discard_protected_tabs: 0
[15124:15128:0607/103550.359:WARNING:chrome\browser\performance_manager\policies\page_discarding_helper.cc:139] Discarding multiple pages with target (kb): 0, discard_protected_tabs: 0
[15124:15128:0607/103555.379:WARNING:chrome\browser\performance_manager\policies\page_discarding_helper.cc:139] Discarding multiple pages with target (kb): 0, discard_protected_tabs: 0
[15124:15128:0607/103600.380:WARNING:chrome\browser\performance_manager\policies\page_discarding_helper.cc:139] Discarding multiple pages with target (kb): 0, discard_protected_tabs: 0
[15124:15128:0607/103605.400:WARNING:chrome\browser\performance_manager\policies\page_discarding_helper.cc:139] Discarding multiple pages with target (kb): 0, discard_protected_tabs: 0
[15124:15128:0607/103610.419:WARNING:chrome\browser\performance_manager\policies\page_discarding_helper.cc:139] Discarding multiple pages with target (kb): 0, discard_protected_tabs: 0
[15124:15128:0607/103615.419:WARNING:chrome\browser\performance_manager\policies\page_discarding_helper.cc:139] Discarding multiple pages with target (kb): 0, discard_protected_tabs: 0
[15124:15128:0607/103620.439:WARNING:chrome\browser\performance_manager\policies\page_discarding_helper.cc:139] Discarding multiple pages with target (kb): 0, discard_protected_tabs: 0
[15124:15128:0607/103625.439:WARNING:chrome\browser\performance_manager\policies\page_discarding_helper.cc:139] Discarding multiple pages with target (kb): 0, discard_protected_tabs: 0
[15124:15128:0607/103630.440:WARNING:chrome\browser\performance_manager\policies\page_discarding_helper.cc:139] Discarding multiple pages with target (kb): 0, discard_protected_tabs: 0
[15124:15128:0607/103635.459:WARNING:chrome\browser\performance_manager\policies\page_discarding_helper.cc:139] Discarding multiple pages with target (kb): 0, discard_protected_tabs: 0
[15124:15128:0607/103640.460:WARNING:chrome\browser\performance_manager\policies\page_discarding_helper.cc:139] Discarding multiple pages with target (kb): 0, discard_protected_tabs: 0
[15124:15128:0607/103645.479:WARNING:chrome\browser\performance_manager\policies\page_discarding_helper.cc:139] Discarding multiple pages with target (kb): 0, discard_protected_tabs: 0
[15124:15128:0607/103650.480:WARNING:chrome\browser\performance_manager\policies\page_discarding_helper.cc:139] Discarding multiple pages with target (kb): 0, discard_protected_tabs: 0
[15124:15128:0607/103655.499:WARNING:chrome\browser\performance_manager\policies\page_discarding_helper.cc:139] Discarding multiple pages with target (kb): 0, discard_protected_tabs: 0
[15124:15128:0607/103700.500:WARNING:chrome\browser\performance_manager\policies\page_discarding_helper.cc:139] Discarding multiple pages with target (kb): 0, discard_protected_tabs: 0
[15124:15128:0607/103705.500:WARNING:chrome\browser\performance_manager\policies\page_discarding_helper.cc:139] Discarding multiple pages with target (kb): 0, discard_protected_tabs: 0
[15124:15128:0607/103710.519:WARNING:chrome\browser\performance_manager\policies\page_discarding_helper.cc:139] Discarding multiple pages with target (kb): 0, discard_protected_tabs: 0
[15124:15128:0607/103715.539:WARNING:chrome\browser\performance_manager\policies\page_discarding_helper.cc:139] Discarding multiple pages with target (kb): 0, discard_protected_tabs: 0
[15124:15128:0607/103720.540:WARNING:chrome\browser\performance_manager\policies\page_discarding_helper.cc:139] Discarding multiple pages with target (kb): 0, discard_protected_tabs: 0
[15124:15128:0607/103725.559:WARNING:chrome\browser\performance_manager\policies\page_discarding_helper.cc:139] Discarding multiple pages with target (kb): 0, discard_protected_tabs: 0
[15124:15128:0607/103730.560:WARNING:chrome\browser\performance_manager\policies\page_discarding_helper.cc:139] Discarding multiple pages with target (kb): 0, discard_protected_tabs: 0
[15124:15128:0607/103735.579:WARNING:chrome\browser\performance_manager\policies\page_discarding_helper.cc:139] Discarding multiple pages with target (kb): 0, discard_protected_tabs: 0
[15124:15128:0607/103740.599:WARNING:chrome\browser\performance_manager\policies\page_discarding_helper.cc:139] Discarding multiple pages with target (kb): 0, discard_protected_tabs: 0
[15124:15128:0607/103745.599:WARNING:chrome\browser\performance_manager\policies\page_discarding_helper.cc:139] Discarding multiple pages with target (kb): 0, discard_protected_tabs: 0
[15124:15128:0607/103750.599:WARNING:chrome\browser\performance_manager\policies\page_discarding_helper.cc:139] Discarding multiple pages with target (kb): 0, discard_protected_tabs: 0
[15124:15128:0607/103755.619:WARNING:chrome\browser\performance_manager\policies\page_discarding_helper.cc:139] Discarding multiple pages with target (kb): 0, discard_protected_tabs: 0
[15124:15128:0607/103800.619:WARNING:chrome\browser\performance_manager\policies\page_discarding_helper.cc:139] Discarding multiple pages with target (kb): 0, discard_protected_tabs: 0
[15124:15128:0607/104101.060:WARNING:chrome\browser\performance_manager\policies\page_discarding_helper.cc:139] Discarding multiple pages with target (kb): 0, discard_protected_tabs: 0
[15124:15128:0607/104106.059:WARNING:chrome\browser\performance_manager\policies\page_discarding_helper.cc:139] Discarding multiple pages with target (kb): 0, discard_protected_tabs: 0
[15124:15128:0607/104111.079:WARNING:chrome\browser\performance_manager\policies\page_discarding_helper.cc:139] Discarding multiple pages with target (kb): 0, discard_protected_tabs: 0
[15124:15128:0607/104116.079:WARNING:chrome\browser\performance_manager\policies\page_discarding_helper.cc:139] Discarding multiple pages with target (kb): 0, discard_protected_tabs: 0
[15124:15128:0607/104121.099:WARNING:chrome\browser\performance_manager\policies\page_discarding_helper.cc:139] Discarding multiple pages with target (kb): 0, discard_protected_tabs: 0
[15124:15128:0607/104126.119:WARNING:chrome\browser\performance_manager\policies\page_discarding_helper.cc:139] Discarding multiple pages with target (kb): 0, discard_protected_tabs: 0
[15124:15128:0607/104311.339:WARNING:chrome\browser\performance_manager\policies\page_discarding_helper.cc:139] Discarding multiple pages with target (kb): 0, discard_protected_tabs: 0
[15124:15128:0607/104316.359:WARNING:chrome\browser\performance_manager\policies\page_discarding_helper.cc:139] Discarding multiple pages with target (kb): 0, discard_protected_tabs: 0
[15124:15128:0607/104321.379:WARNING:chrome\browser\performance_manager\policies\page_discarding_helper.cc:139] Discarding multiple pages with target (kb): 0, discard_protected_tabs: 0
[15124:15128:0607/104326.379:WARNING:chrome\browser\performance_manager\policies\page_discarding_helper.cc:139] Discarding multiple pages with target (kb): 0, discard_protected_tabs: 0
[15124:15128:0607/104331.379:WARNING:chrome\browser\performance_manager\policies\page_discarding_helper.cc:139] Discarding multiple pages with target (kb): 0, discard_protected_tabs: 0
[15124:15128:0607/104336.380:WARNING:chrome\browser\performance_manager\policies\page_discarding_helper.cc:139] Discarding multiple pages with target (kb): 0, discard_protected_tabs: 0
[15124:15128:0607/104341.399:WARNING:chrome\browser\performance_manager\policies\page_discarding_helper.cc:139] Discarding multiple pages with target (kb): 0, discard_protected_tabs: 0
[15124:15128:0607/104346.419:WARNING:chrome\browser\performance_manager\policies\page_discarding_helper.cc:139] Discarding multiple pages with target (kb): 0, discard_protected_tabs: 0
[15124:15128:0607/104351.439:WARNING:chrome\browser\performance_manager\policies\page_discarding_helper.cc:139] Discarding multiple pages with target (kb): 0, discard_protected_tabs: 0
[15124:15128:0607/104356.439:WARNING:chrome\browser\performance_manager\policies\page_discarding_helper.cc:139] Discarding multiple pages with target (kb): 0, discard_protected_tabs: 0
[15124:15128:0607/104401.459:WARNING:chrome\browser\performance_manager\policies\page_discarding_helper.cc:139] Discarding multiple pages with target (kb): 0, discard_protected_tabs: 0
[15124:15128:0607/104406.459:WARNING:chrome\browser\performance_manager\policies\page_discarding_helper.cc:139] Discarding multiple pages with target (kb): 0, discard_protected_tabs: 0
[15124:15128:0607/104411.479:WARNING:chrome\browser\performance_manager\policies\page_discarding_helper.cc:139] Discarding multiple pages with target (kb): 0, discard_protected_tabs: 0
[15124:15128:0607/104416.479:WARNING:chrome\browser\performance_manager\policies\page_discarding_helper.cc:139] Discarding multiple pages with target (kb): 0, discard_protected_tabs: 0
[15124:15128:0607/104421.480:WARNING:chrome\browser\performance_manager\policies\page_discarding_helper.cc:139] Discarding multiple pages with target (kb): 0, discard_protected_tabs: 0
[15124:15128:0607/104426.499:WARNING:chrome\browser\performance_manager\policies\page_discarding_helper.cc:139] Discarding multiple pages with target (kb): 0, discard_protected_tabs: 0
[15124:15128:0607/104431.519:WARNING:chrome\browser\performance_manager\policies\page_discarding_helper.cc:139] Discarding multiple pages with target (kb): 0, discard_protected_tabs: 0
[15124:15128:0607/104436.539:WARNING:chrome\browser\performance_manager\policies\page_discarding_helper.cc:139] Discarding multiple pages with target (kb): 0, discard_protected_tabs: 0
[15124:15128:0607/104441.540:WARNING:chrome\browser\performance_manager\policies\page_discarding_helper.cc:139] Discarding multiple pages with target (kb): 0, discard_protected_tabs: 0
[15124:15128:0607/104446.559:WARNING:chrome\browser\performance_manager\policies\page_discarding_helper.cc:139] Discarding multiple pages with target (kb): 0, discard_protected_tabs: 0
[15124:15128:0607/104451.579:WARNING:chrome\browser\performance_manager\policies\page_discarding_helper.cc:139] Discarding multiple pages with target (kb): 0, discard_protected_tabs: 0
[15124:15128:0607/104456.580:WARNING:chrome\browser\performance_manager\policies\page_discarding_helper.cc:139] Discarding multiple pages with target (kb): 0, discard_protected_tabs: 0
[15124:15128:0607/104501.599:WARNING:chrome\browser\performance_manager\policies\page_discarding_helper.cc:139] Discarding multiple pages with target (kb): 0, discard_protected_tabs: 0
[15124:15128:0607/104516.639:WARNING:chrome\browser\performance_manager\policies\page_discarding_helper.cc:139] Discarding multiple pages with target (kb): 0, discard_protected_tabs: 0
[15124:15128:0607/104521.659:WARNING:chrome\browser\performance_manager\policies\page_discarding_helper.cc:139] Discarding multiple pages with target (kb): 0, discard_protected_tabs: 0
[15124:15128:0607/104531.680:WARNING:chrome\browser\performance_manager\policies\page_discarding_helper.cc:139] Discarding multiple pages with target (kb): 0, discard_protected_tabs: 0
[15124:15128:0607/104536.699:WARNING:chrome\browser\performance_manager\policies\page_discarding_helper.cc:139] Discarding multiple pages with target (kb): 0, discard_protected_tabs: 0
[15124:15128:0607/104541.719:WARNING:chrome\browser\performance_manager\policies\page_discarding_helper.cc:139] Discarding multiple pages with target (kb): 0, discard_protected_tabs: 0
[15124:15128:0607/104546.739:WARNING:chrome\browser\performance_manager\policies\page_discarding_helper.cc:139] Discarding multiple pages with target (kb): 0, discard_protected_tabs: 0
[15124:15128:0607/104551.739:WARNING:chrome\browser\performance_manager\policies\page_discarding_helper.cc:139] Discarding multiple pages with target (kb): 0, discard_protected_tabs: 0
[15124:15128:0607/104556.759:WARNING:chrome\browser\performance_manager\policies\page_discarding_helper.cc:139] Discarding multiple pages with target (kb): 0, discard_protected_tabs: 0
[15124:15128:0607/104601.779:WARNING:chrome\browser\performance_manager\policies\page_discarding_helper.cc:139] Discarding multiple pages with target (kb): 0, discard_protected_tabs: 0
[15124:15128:0607/104606.780:WARNING:chrome\browser\performance_manager\policies\page_discarding_helper.cc:139] Discarding multiple pages with target (kb): 0, discard_protected_tabs: 0
[15124:15128:0607/104611.799:WARNING:chrome\browser\performance_manager\policies\page_discarding_helper.cc:139] Discarding multiple pages with target (kb): 0, discard_protected_tabs: 0
[15124:15128:0607/104616.799:WARNING:chrome\browser\performance_manager\policies\page_discarding_helper.cc:139] Discarding multiple pages with target (kb): 0, discard_protected_tabs: 0
[15124:15128:0607/104621.799:WARNING:chrome\browser\performance_manager\policies\page_discarding_helper.cc:139] Discarding multiple pages with target (kb): 0, discard_protected_tabs: 0
[15124:15128:0607/104626.819:WARNING:chrome\browser\performance_manager\policies\page_discarding_helper.cc:139] Discarding multiple pages with target (kb): 0, discard_protected_tabs: 0
[15124:15128:0607/104631.819:WARNING:chrome\browser\performance_manager\policies\page_discarding_helper.cc:139] Discarding multiple pages with target (kb): 0, discard_protected_tabs: 0
[15124:15128:0607/104636.839:WARNING:chrome\browser\performance_manager\policies\page_discarding_helper.cc:139] Discarding multiple pages with target (kb): 0, discard_protected_tabs: 0
[15124:15128:0607/104641.840:WARNING:chrome\browser\performance_manager\policies\page_discarding_helper.cc:139] Discarding multiple pages with target (kb): 0, discard_protected_tabs: 0
[15124:15128:0607/104646.840:WARNING:chrome\browser\performance_manager\policies\page_discarding_helper.cc:139] Discarding multiple pages with target (kb): 0, discard_protected_tabs: 0
[15124:15128:0607/104651.859:WARNING:chrome\browser\performance_manager\policies\page_discarding_helper.cc:139] Discarding multiple pages with target (kb): 0, discard_protected_tabs: 0
[15124:15128:0607/104656.860:WARNING:chrome\browser\performance_manager\policies\page_discarding_helper.cc:139] Discarding multiple pages with target (kb): 0, discard_protected_tabs: 0
[15124:15128:0607/104701.879:WARNING:chrome\browser\performance_manager\policies\page_discarding_helper.cc:139] Discarding multiple pages with target (kb): 0, discard_protected_tabs: 0
[15124:15128:0607/104706.899:WARNING:chrome\browser\performance_manager\policies\page_discarding_helper.cc:139] Discarding multiple pages with target (kb): 0, discard_protected_tabs: 0
[15124:15128:0607/104716.899:WARNING:chrome\browser\performance_manager\policies\page_discarding_helper.cc:139] Discarding multiple pages with target (kb): 0, discard_protected_tabs: 0
[15124:15128:0607/104721.919:WARNING:chrome\browser\performance_manager\policies\page_discarding_helper.cc:139] Discarding multiple pages with target (kb): 0, discard_protected_tabs: 0
[15124:15128:0607/104922.159:WARNING:chrome\browser\performance_manager\policies\page_discarding_helper.cc:139] Discarding multiple pages with target (kb): 0, discard_protected_tabs: 0
[15124:15128:0607/104927.179:WARNING:chrome\browser\performance_manager\policies\page_discarding_helper.cc:139] Discarding multiple pages with target (kb): 0, discard_protected_tabs: 0
[15124:15128:0607/105147.520:WARNING:chrome\browser\performance_manager\policies\page_discarding_helper.cc:139] Discarding multiple pages with target (kb): 0, discard_protected_tabs: 0
[15124:15128:0607/105157.559:WARNING:chrome\browser\performance_manager\policies\page_discarding_helper.cc:139] Discarding multiple pages with target (kb): 0, discard_protected_tabs: 0
[15124:15128:0607/105217.599:WARNING:chrome\browser\performance_manager\policies\page_discarding_helper.cc:139] Discarding multiple pages with target (kb): 0, discard_protected_tabs: 0
[15124:15128:0607/105222.600:WARNING:chrome\browser\performance_manager\policies\page_discarding_helper.cc:139] Discarding multiple pages with target (kb): 0, discard_protected_tabs: 0
[15124:15128:0607/105227.619:WARNING:chrome\browser\performance_manager\policies\page_discarding_helper.cc:139] Discarding multiple pages with target (kb): 0, discard_protected_tabs: 0
[15124:15128:0607/105232.639:WARNING:chrome\browser\performance_manager\policies\page_discarding_helper.cc:139] Discarding multiple pages with target (kb): 0, discard_protected_tabs: 0
[15124:15128:0607/105242.640:WARNING:chrome\browser\performance_manager\policies\page_discarding_helper.cc:139] Discarding multiple pages with target (kb): 0, discard_protected_tabs: 0
[15124:15128:0607/105247.660:WARNING:chrome\browser\performance_manager\policies\page_discarding_helper.cc:139] Discarding multiple pages with target (kb): 0, discard_protected_tabs: 0
[15124:15128:0607/105252.660:WARNING:chrome\browser\performance_manager\policies\page_discarding_helper.cc:139] Discarding multiple pages with target (kb): 0, discard_protected_tabs: 0
[15124:15128:0607/105257.679:WARNING:chrome\browser\performance_manager\policies\page_discarding_helper.cc:139] Discarding multiple pages with target (kb): 0, discard_protected_tabs: 0
[15124:15128:0607/105302.699:WARNING:chrome\browser\performance_manager\policies\page_discarding_helper.cc:139] Discarding multiple pages with target (kb): 0, discard_protected_tabs: 0
[15124:15128:0607/105307.699:WARNING:chrome\browser\performance_manager\policies\page_discarding_helper.cc:139] Discarding multiple pages with target (kb): 0, discard_protected_tabs: 0
[15124:15128:0607/105317.719:WARNING:chrome\browser\performance_manager\policies\page_discarding_helper.cc:139] Discarding multiple pages with target (kb): 0, discard_protected_tabs: 0
[15124:15128:0607/105322.719:WARNING:chrome\browser\performance_manager\policies\page_discarding_helper.cc:139] Discarding multiple pages with target (kb): 0, discard_protected_tabs: 0
[15124:15128:0607/105327.740:WARNING:chrome\browser\performance_manager\policies\page_discarding_helper.cc:139] Discarding multiple pages with target (kb): 0, discard_protected_tabs: 0
[15124:15128:0607/105337.779:WARNING:chrome\browser\performance_manager\policies\page_discarding_helper.cc:139] Discarding multiple pages with target (kb): 0, discard_protected_tabs: 0
[15124:15128:0607/105342.779:WARNING:chrome\browser\performance_manager\policies\page_discarding_helper.cc:139] Discarding multiple pages with target (kb): 0, discard_protected_tabs: 0
[15124:15128:0607/105432.919:WARNING:chrome\browser\performance_manager\policies\page_discarding_helper.cc:139] Discarding multiple pages with target (kb): 0, discard_protected_tabs: 0
[15124:15128:0607/105437.939:WARNING:chrome\browser\performance_manager\policies\page_discarding_helper.cc:139] Discarding multiple pages with target (kb): 0, discard_protected_tabs: 0
[15124:15128:0607/105447.959:WARNING:chrome\browser\performance_manager\policies\page_discarding_helper.cc:139] Discarding multiple pages with target (kb): 0, discard_protected_tabs: 0
[15124:15128:0607/105508.019:WARNING:chrome\browser\performance_manager\policies\page_discarding_helper.cc:139] Discarding multiple pages with target (kb): 0, discard_protected_tabs: 0
[15124:15128:0607/105513.039:WARNING:chrome\browser\performance_manager\policies\page_discarding_helper.cc:139] Discarding multiple pages with target (kb): 0, discard_protected_tabs: 0
[15124:15128:0607/105518.059:WARNING:chrome\browser\performance_manager\policies\page_discarding_helper.cc:139] Discarding multiple pages with target (kb): 0, discard_protected_tabs: 0
[15124:15128:0607/105523.059:WARNING:chrome\browser\performance_manager\policies\page_discarding_helper.cc:139] Discarding multiple pages with target (kb): 0, discard_protected_tabs: 0
[15124:15128:0607/105528.079:WARNING:chrome\browser\performance_manager\policies\page_discarding_helper.cc:139] Discarding multiple pages with target (kb): 0, discard_protected_tabs: 0
[15124:15128:0607/105533.079:WARNING:chrome\browser\performance_manager\policies\page_discarding_helper.cc:139] Discarding multiple pages with target (kb): 0, discard_protected_tabs: 0
[15124:15128:0607/111641.120:WARNING:chrome\browser\performance_manager\policies\page_discarding_helper.cc:139] Discarding multiple pages with target (kb): 0, discard_protected_tabs: 0
[15124:15128:0607/111646.139:WARNING:chrome\browser\performance_manager\policies\page_discarding_helper.cc:139] Discarding multiple pages with target (kb): 0, discard_protected_tabs: 0
[15124:15128:0607/111651.139:WARNING:chrome\browser\performance_manager\policies\page_discarding_helper.cc:139] Discarding multiple pages with target (kb): 0, discard_protected_tabs: 0
[15124:15128:0607/111656.159:WARNING:chrome\browser\performance_manager\policies\page_discarding_helper.cc:139] Discarding multiple pages with target (kb): 0, discard_protected_tabs: 0
[15124:15128:0607/111701.159:WARNING:chrome\browser\performance_manager\policies\page_discarding_helper.cc:139] Discarding multiple pages with target (kb): 0, discard_protected_tabs: 0
[15124:15128:0607/111721.200:WARNING:chrome\browser\performance_manager\policies\page_discarding_helper.cc:139] Discarding multiple pages with target (kb): 0, discard_protected_tabs: 0
[15124:15128:0607/111726.219:WARNING:chrome\browser\performance_manager\policies\page_discarding_helper.cc:139] Discarding multiple pages with target (kb): 0, discard_protected_tabs: 0
[15124:15128:0607/111731.239:WARNING:chrome\browser\performance_manager\policies\page_discarding_helper.cc:139] Discarding multiple pages with target (kb): 0, discard_protected_tabs: 0
[15124:15128:0607/111736.239:WARNING:chrome\browser\performance_manager\policies\page_discarding_helper.cc:139] Discarding multiple pages with target (kb): 0, discard_protected_tabs: 0
[15124:15128:0607/111741.259:WARNING:chrome\browser\performance_manager\policies\page_discarding_helper.cc:139] Discarding multiple pages with target (kb): 0, discard_protected_tabs: 0
[15124:15128:0607/111746.279:WARNING:chrome\browser\performance_manager\policies\page_discarding_helper.cc:139] Discarding multiple pages with target (kb): 0, discard_protected_tabs: 0
[15124:15128:0607/111751.280:WARNING:chrome\browser\performance_manager\policies\page_discarding_helper.cc:139] Discarding multiple pages with target (kb): 0, discard_protected_tabs: 0
[15124:15128:0607/111756.280:WARNING:chrome\browser\performance_manager\policies\page_discarding_helper.cc:139] Discarding multiple pages with target (kb): 0, discard_protected_tabs: 0
[15124:15128:0607/111801.300:WARNING:chrome\browser\performance_manager\policies\page_discarding_helper.cc:139] Discarding multiple pages with target (kb): 0, discard_protected_tabs: 0
[15124:15128:0607/111806.319:WARNING:chrome\browser\performance_manager\policies\page_discarding_helper.cc:139] Discarding multiple pages with target (kb): 0, discard_protected_tabs: 0
[15124:15128:0607/111811.339:WARNING:chrome\browser\performance_manager\policies\page_discarding_helper.cc:139] Discarding multiple pages with target (kb): 0, discard_protected_tabs: 0
[15124:15128:0607/111816.359:WARNING:chrome\browser\performance_manager\policies\page_discarding_helper.cc:139] Discarding multiple pages with target (kb): 0, discard_protected_tabs: 0
[15124:15128:0607/111821.359:WARNING:chrome\browser\performance_manager\policies\page_discarding_helper.cc:139] Discarding multiple pages with target (kb): 0, discard_protected_tabs: 0
[15124:15128:0607/111826.360:WARNING:chrome\browser\performance_manager\policies\page_discarding_helper.cc:139] Discarding multiple pages with target (kb): 0, discard_protected_tabs: 0
[15124:15128:0607/111831.360:WARNING:chrome\browser\performance_manager\policies\page_discarding_helper.cc:139] Discarding multiple pages with target (kb): 0, discard_protected_tabs: 0
[15124:15128:0607/111836.379:WARNING:chrome\browser\performance_manager\policies\page_discarding_helper.cc:139] Discarding multiple pages with target (kb): 0, discard_protected_tabs: 0
[15124:15128:0607/111841.380:WARNING:chrome\browser\performance_manager\policies\page_discarding_helper.cc:139] Discarding multiple pages with target (kb): 0, discard_protected_tabs: 0
[15124:15128:0607/111846.399:WARNING:chrome\browser\performance_manager\policies\page_discarding_helper.cc:139] Discarding multiple pages with target (kb): 0, discard_protected_tabs: 0
[15124:15128:0607/114054.339:WARNING:chrome\browser\performance_manager\policies\page_discarding_helper.cc:139] Discarding multiple pages with target (kb): 0, discard_protected_tabs: 0
[15124:15128:0607/114059.340:WARNING:chrome\browser\performance_manager\policies\page_discarding_helper.cc:139] Discarding multiple pages with target (kb): 0, discard_protected_tabs: 0
[15124:15128:0607/114104.359:WARNING:chrome\browser\performance_manager\policies\page_discarding_helper.cc:139] Discarding multiple pages with target (kb): 0, discard_protected_tabs: 0
[15124:15128:0607/114109.360:WARNING:chrome\browser\performance_manager\policies\page_discarding_helper.cc:139] Discarding multiple pages with target (kb): 0, discard_protected_tabs: 0
[15124:15128:0607/114114.380:WARNING:chrome\browser\performance_manager\policies\page_discarding_helper.cc:139] Discarding multiple pages with target (kb): 0, discard_protected_tabs: 0
[15124:15128:0607/114119.399:WARNING:chrome\browser\performance_manager\policies\page_discarding_helper.cc:139] Discarding multiple pages with target (kb): 0, discard_protected_tabs: 0
[15124:15128:0607/114124.400:WARNING:chrome\browser\performance_manager\policies\page_discarding_helper.cc:139] Discarding multiple pages with target (kb): 0, discard_protected_tabs: 0
[15124:15128:0607/114129.400:WARNING:chrome\browser\performance_manager\policies\page_discarding_helper.cc:139] Discarding multiple pages with target (kb): 0, discard_protected_tabs: 0
[15124:15128:0607/114134.419:WARNING:chrome\browser\performance_manager\policies\page_discarding_helper.cc:139] Discarding multiple pages with target (kb): 0, discard_protected_tabs: 0
[15124:15128:0607/114149.420:WARNING:chrome\browser\performance_manager\policies\page_discarding_helper.cc:139] Discarding multiple pages with target (kb): 0, discard_protected_tabs: 0
[15124:15128:0607/114154.439:WARNING:chrome\browser\performance_manager\policies\page_discarding_helper.cc:139] Discarding multiple pages with target (kb): 0, discard_protected_tabs: 0
[15124:15128:0607/114159.459:WARNING:chrome\browser\performance_manager\policies\page_discarding_helper.cc:139] Discarding multiple pages with target (kb): 0, discard_protected_tabs: 0
[15124:15128:0607/114204.459:WARNING:chrome\browser\performance_manager\policies\page_discarding_helper.cc:139] Discarding multiple pages with target (kb): 0, discard_protected_tabs: 0
[15124:15128:0607/114214.499:WARNING:chrome\browser\performance_manager\policies\page_discarding_helper.cc:139] Discarding multiple pages with target (kb): 0, discard_protected_tabs: 0
[15124:15128:0607/114219.499:WARNING:chrome\browser\performance_manager\policies\page_discarding_helper.cc:139] Discarding multiple pages with target (kb): 0, discard_protected_tabs: 0
[15124:15128:0607/114224.500:WARNING:chrome\browser\performance_manager\policies\page_discarding_helper.cc:139] Discarding multiple pages with target (kb): 0, discard_protected_tabs: 0
[15124:15128:0607/114229.499:WARNING:chrome\browser\performance_manager\policies\page_discarding_helper.cc:139] Discarding multiple pages with target (kb): 0, discard_protected_tabs: 0
[15124:15128:0607/114234.520:WARNING:chrome\browser\performance_manager\policies\page_discarding_helper.cc:139] Discarding multiple pages with target (kb): 0, discard_protected_tabs: 0
[15124:15128:0607/114239.540:WARNING:chrome\browser\performance_manager\policies\page_discarding_helper.cc:139] Discarding multiple pages with target (kb): 0, discard_protected_tabs: 0
[15124:15128:0607/114244.540:WARNING:chrome\browser\performance_manager\policies\page_discarding_helper.cc:139] Discarding multiple pages with target (kb): 0, discard_protected_tabs: 0
[15124:15128:0607/114249.559:WARNING:chrome\browser\performance_manager\policies\page_discarding_helper.cc:139] Discarding multiple pages with target (kb): 0, discard_protected_tabs: 0
[15124:15128:0607/114254.579:WARNING:chrome\browser\performance_manager\policies\page_discarding_helper.cc:139] Discarding multiple pages with target (kb): 0, discard_protected_tabs: 0
[15124:15128:0607/114259.579:WARNING:chrome\browser\performance_manager\policies\page_discarding_helper.cc:139] Discarding multiple pages with target (kb): 0, discard_protected_tabs: 0
[15124:15128:0607/114304.599:WARNING:chrome\browser\performance_manager\policies\page_discarding_helper.cc:139] Discarding multiple pages with target (kb): 0, discard_protected_tabs: 0
[15124:15128:0607/114309.599:WARNING:chrome\browser\performance_manager\policies\page_discarding_helper.cc:139] Discarding multiple pages with target (kb): 0, discard_protected_tabs: 0
[15124:15128:0607/114314.619:WARNING:chrome\browser\performance_manager\policies\page_discarding_helper.cc:139] Discarding multiple pages with target (kb): 0, discard_protected_tabs: 0
[15124:15128:0607/114319.619:WARNING:chrome\browser\performance_manager\policies\page_discarding_helper.cc:139] Discarding multiple pages with target (kb): 0, discard_protected_tabs: 0
[15124:15128:0607/114324.640:WARNING:chrome\browser\performance_manager\policies\page_discarding_helper.cc:139] Discarding multiple pages with target (kb): 0, discard_protected_tabs: 0
[15124:15128:0607/114329.640:WARNING:chrome\browser\performance_manager\policies\page_discarding_helper.cc:139] Discarding multiple pages with target (kb): 0, discard_protected_tabs: 0
[15124:15128:0607/114334.640:WARNING:chrome\browser\performance_manager\policies\page_discarding_helper.cc:139] Discarding multiple pages with target (kb): 0, discard_protected_tabs: 0
[15124:15128:0607/114339.659:WARNING:chrome\browser\performance_manager\policies\page_discarding_helper.cc:139] Discarding multiple pages with target (kb): 0, discard_protected_tabs: 0
[15124:15128:0607/114344.659:WARNING:chrome\browser\performance_manager\policies\page_discarding_helper.cc:139] Discarding multiple pages with target (kb): 0, discard_protected_tabs: 0
[15124:15128:0607/114349.660:WARNING:chrome\browser\performance_manager\policies\page_discarding_helper.cc:139] Discarding multiple pages with target (kb): 0, discard_protected_tabs: 0
[15124:15128:0607/114354.679:WARNING:chrome\browser\performance_manager\policies\page_discarding_helper.cc:139] Discarding multiple pages with target (kb): 0, discard_protected_tabs: 0
[15124:15128:0607/114359.699:WARNING:chrome\browser\performance_manager\policies\page_discarding_helper.cc:139] Discarding multiple pages with target (kb): 0, discard_protected_tabs: 0
[15124:15128:0607/120757.980:WARNING:chrome\browser\performance_manager\policies\page_discarding_helper.cc:139] Discarding multiple pages with target (kb): 0, discard_protected_tabs: 0
[15124:15128:0607/120802.999:WARNING:chrome\browser\performance_manager\policies\page_discarding_helper.cc:139] Discarding multiple pages with target (kb): 0, discard_protected_tabs: 0
[15124:15128:0607/120807.999:WARNING:chrome\browser\performance_manager\policies\page_discarding_helper.cc:139] Discarding multiple pages with target (kb): 0, discard_protected_tabs: 0
[15124:15128:0607/120813.019:WARNING:chrome\browser\performance_manager\policies\page_discarding_helper.cc:139] Discarding multiple pages with target (kb): 0, discard_protected_tabs: 0
[15124:15128:0607/120818.020:WARNING:chrome\browser\performance_manager\policies\page_discarding_helper.cc:139] Discarding multiple pages with target (kb): 0, discard_protected_tabs: 0
[15124:15128:0607/120823.039:WARNING:chrome\browser\performance_manager\policies\page_discarding_helper.cc:139] Discarding multiple pages with target (kb): 0, discard_protected_tabs: 0
[15124:15128:0607/120828.040:WARNING:chrome\browser\performance_manager\policies\page_discarding_helper.cc:139] Discarding multiple pages with target (kb): 0, discard_protected_tabs: 0
[15124:15128:0607/120833.059:WARNING:chrome\browser\performance_manager\policies\page_discarding_helper.cc:139] Discarding multiple pages with target (kb): 0, discard_protected_tabs: 0
[15124:15128:0607/120838.059:WARNING:chrome\browser\performance_manager\policies\page_discarding_helper.cc:139] Discarding multiple pages with target (kb): 0, discard_protected_tabs: 0
[15124:15128:0607/120843.079:WARNING:chrome\browser\performance_manager\policies\page_discarding_helper.cc:139] Discarding multiple pages with target (kb): 0, discard_protected_tabs: 0
[15124:15128:0607/120848.080:WARNING:chrome\browser\performance_manager\policies\page_discarding_helper.cc:139] Discarding multiple pages with target (kb): 0, discard_protected_tabs: 0
[15124:15128:0607/120853.099:WARNING:chrome\browser\performance_manager\policies\page_discarding_helper.cc:139] Discarding multiple pages with target (kb): 0, discard_protected_tabs: 0
[15124:15128:0607/120858.099:WARNING:chrome\browser\performance_manager\policies\page_discarding_helper.cc:139] Discarding multiple pages with target (kb): 0, discard_protected_tabs: 0
[15124:15128:0607/125043.860:WARNING:chrome\browser\performance_manager\policies\page_discarding_helper.cc:139] Discarding multiple pages with target (kb): 0, discard_protected_tabs: 0
[15124:15128:0607/125103.900:WARNING:chrome\browser\performance_manager\policies\page_discarding_helper.cc:139] Discarding multiple pages with target (kb): 0, discard_protected_tabs: 0
[15124:15128:0607/125108.919:WARNING:chrome\browser\performance_manager\policies\page_discarding_helper.cc:139] Discarding multiple pages with target (kb): 0, discard_protected_tabs: 0
[15124:15128:0607/125113.939:WARNING:chrome\browser\performance_manager\policies\page_discarding_helper.cc:139] Discarding multiple pages with target (kb): 0, discard_protected_tabs: 0
[15124:15128:0607/125123.939:WARNING:chrome\browser\performance_manager\policies\page_discarding_helper.cc:139] Discarding multiple pages with target (kb): 0, discard_protected_tabs: 0
[15124:15128:0607/125138.980:WARNING:chrome\browser\performance_manager\policies\page_discarding_helper.cc:139] Discarding multiple pages with target (kb): 0, discard_protected_tabs: 0
[15124:15128:0607/125204.019:WARNING:chrome\browser\performance_manager\policies\page_discarding_helper.cc:139] Discarding multiple pages with target (kb): 0, discard_protected_tabs: 0
[15124:15128:0607/125209.039:WARNING:chrome\browser\performance_manager\policies\page_discarding_helper.cc:139] Discarding multiple pages with target (kb): 0, discard_protected_tabs: 0
[15124:15128:0607/125229.079:WARNING:chrome\browser\performance_manager\policies\page_discarding_helper.cc:139] Discarding multiple pages with target (kb): 0, discard_protected_tabs: 0
[15124:15128:0607/125234.099:WARNING:chrome\browser\performance_manager\policies\page_discarding_helper.cc:139] Discarding multiple pages with target (kb): 0, discard_protected_tabs: 0
[15124:15128:0607/125239.099:WARNING:chrome\browser\performance_manager\policies\page_discarding_helper.cc:139] Discarding multiple pages with target (kb): 0, discard_protected_tabs: 0
[15124:15128:0607/125244.119:WARNING:chrome\browser\performance_manager\policies\page_discarding_helper.cc:139] Discarding multiple pages with target (kb): 0, discard_protected_tabs: 0
[15124:15128:0607/125249.139:WARNING:chrome\browser\performance_manager\policies\page_discarding_helper.cc:139] Discarding multiple pages with target (kb): 0, discard_protected_tabs: 0
[15124:15128:0607/125254.159:WARNING:chrome\browser\performance_manager\policies\page_discarding_helper.cc:139] Discarding multiple pages with target (kb): 0, discard_protected_tabs: 0
[15124:15128:0607/125259.159:WARNING:chrome\browser\performance_manager\policies\page_discarding_helper.cc:139] Discarding multiple pages with target (kb): 0, discard_protected_tabs: 0
[15124:15128:0607/125309.179:WARNING:chrome\browser\performance_manager\policies\page_discarding_helper.cc:139] Discarding multiple pages with target (kb): 0, discard_protected_tabs: 0
[15124:15128:0607/125329.239:WARNING:chrome\browser\performance_manager\policies\page_discarding_helper.cc:139] Discarding multiple pages with target (kb): 0, discard_protected_tabs: 0
[15124:15128:0607/125334.259:WARNING:chrome\browser\performance_manager\policies\page_discarding_helper.cc:139] Discarding multiple pages with target (kb): 0, discard_protected_tabs: 0
[15124:15128:0607/125339.279:WARNING:chrome\browser\performance_manager\policies\page_discarding_helper.cc:139] Discarding multiple pages with target (kb): 0, discard_protected_tabs: 0
[15124:15128:0607/125344.299:WARNING:chrome\browser\performance_manager\policies\page_discarding_helper.cc:139] Discarding multiple pages with target (kb): 0, discard_protected_tabs: 0
[15124:15128:0607/125409.359:WARNING:chrome\browser\performance_manager\policies\page_discarding_helper.cc:139] Discarding multiple pages with target (kb): 0, discard_protected_tabs: 0
[15124:15128:0607/125434.439:WARNING:chrome\browser\performance_manager\policies\page_discarding_helper.cc:139] Discarding multiple pages with target (kb): 0, discard_protected_tabs: 0
[15124:15128:0607/125439.459:WARNING:chrome\browser\performance_manager\policies\page_discarding_helper.cc:139] Discarding multiple pages with target (kb): 0, discard_protected_tabs: 0
[15124:15128:0607/125444.479:WARNING:chrome\browser\performance_manager\policies\page_discarding_helper.cc:139] Discarding multiple pages with target (kb): 0, discard_protected_tabs: 0
[15124:15128:0607/125454.480:WARNING:chrome\browser\performance_manager\policies\page_discarding_helper.cc:139] Discarding multiple pages with target (kb): 0, discard_protected_tabs: 0
[15124:15128:0607/125459.499:WARNING:chrome\browser\performance_manager\policies\page_discarding_helper.cc:139] Discarding multiple pages with target (kb): 0, discard_protected_tabs: 0
[15124:15128:0607/125504.519:WARNING:chrome\browser\performance_manager\policies\page_discarding_helper.cc:139] Discarding multiple pages with target (kb): 0, discard_protected_tabs: 0
[15124:15128:0607/125509.539:WARNING:chrome\browser\performance_manager\policies\page_discarding_helper.cc:139] Discarding multiple pages with target (kb): 0, discard_protected_tabs: 0
[15124:15128:0607/125514.559:WARNING:chrome\browser\performance_manager\policies\page_discarding_helper.cc:139] Discarding multiple pages with target (kb): 0, discard_protected_tabs: 0
[15124:15128:0607/125519.559:WARNING:chrome\browser\performance_manager\policies\page_discarding_helper.cc:139] Discarding multiple pages with target (kb): 0, discard_protected_tabs: 0
[15124:15128:0607/125524.559:WARNING:chrome\browser\performance_manager\policies\page_discarding_helper.cc:139] Discarding multiple pages with target (kb): 0, discard_protected_tabs: 0
[15124:15128:0607/125529.579:WARNING:chrome\browser\performance_manager\policies\page_discarding_helper.cc:139] Discarding multiple pages with target (kb): 0, discard_protected_tabs: 0
[15124:15128:0607/125534.599:WARNING:chrome\browser\performance_manager\policies\page_discarding_helper.cc:139] Discarding multiple pages with target (kb): 0, discard_protected_tabs: 0
[15124:15128:0607/125539.619:WARNING:chrome\browser\performance_manager\policies\page_discarding_helper.cc:139] Discarding multiple pages with target (kb): 0, discard_protected_tabs: 0
[15124:15128:0607/125544.639:WARNING:chrome\browser\performance_manager\policies\page_discarding_helper.cc:139] Discarding multiple pages with target (kb): 0, discard_protected_tabs: 0
[15124:15128:0607/125549.639:WARNING:chrome\browser\performance_manager\policies\page_discarding_helper.cc:139] Discarding multiple pages with target (kb): 0, discard_protected_tabs: 0
[15124:15128:0607/125554.639:WARNING:chrome\browser\performance_manager\policies\page_discarding_helper.cc:139] Discarding multiple pages with target (kb): 0, discard_protected_tabs: 0
[15124:15128:0607/125559.659:WARNING:chrome\browser\performance_manager\policies\page_discarding_helper.cc:139] Discarding multiple pages with target (kb): 0, discard_protected_tabs: 0
[15124:15128:0607/125604.660:WARNING:chrome\browser\performance_manager\policies\page_discarding_helper.cc:139] Discarding multiple pages with target (kb): 0, discard_protected_tabs: 0
[15124:15128:0607/125609.679:WARNING:chrome\browser\performance_manager\policies\page_discarding_helper.cc:139] Discarding multiple pages with target (kb): 0, discard_protected_tabs: 0
[15124:15128:0607/125614.699:WARNING:chrome\browser\performance_manager\policies\page_discarding_helper.cc:139] Discarding multiple pages with target (kb): 0, discard_protected_tabs: 0
[15124:15128:0607/125619.699:WARNING:chrome\browser\performance_manager\policies\page_discarding_helper.cc:139] Discarding multiple pages with target (kb): 0, discard_protected_tabs: 0
[15124:15128:0607/125624.719:WARNING:chrome\browser\performance_manager\policies\page_discarding_helper.cc:139] Discarding multiple pages with target (kb): 0, discard_protected_tabs: 0
[15124:15128:0607/125629.739:WARNING:chrome\browser\performance_manager\policies\page_discarding_helper.cc:139] Discarding multiple pages with target (kb): 0, discard_protected_tabs: 0
[15124:15128:0607/125634.759:WARNING:chrome\browser\performance_manager\policies\page_discarding_helper.cc:139] Discarding multiple pages with target (kb): 0, discard_protected_tabs: 0
[15124:15128:0607/125639.759:WARNING:chrome\browser\performance_manager\policies\page_discarding_helper.cc:139] Discarding multiple pages with target (kb): 0, discard_protected_tabs: 0
[15124:15128:0607/125644.779:WARNING:chrome\browser\performance_manager\policies\page_discarding_helper.cc:139] Discarding multiple pages with target (kb): 0, discard_protected_tabs: 0
[15124:15128:0607/125649.779:WARNING:chrome\browser\performance_manager\policies\page_discarding_helper.cc:139] Discarding multiple pages with target (kb): 0, discard_protected_tabs: 0
[15124:15128:0607/125654.800:WARNING:chrome\browser\performance_manager\policies\page_discarding_helper.cc:139] Discarding multiple pages with target (kb): 0, discard_protected_tabs: 0
[15124:15128:0607/125659.819:WARNING:chrome\browser\performance_manager\policies\page_discarding_helper.cc:139] Discarding multiple pages with target (kb): 0, discard_protected_tabs: 0
[15124:15128:0607/125704.839:WARNING:chrome\browser\performance_manager\policies\page_discarding_helper.cc:139] Discarding multiple pages with target (kb): 0, discard_protected_tabs: 0
[15124:15128:0607/125709.859:WARNING:chrome\browser\performance_manager\policies\page_discarding_helper.cc:139] Discarding multiple pages with target (kb): 0, discard_protected_tabs: 0
[15124:15128:0607/125724.879:WARNING:chrome\browser\performance_manager\policies\page_discarding_helper.cc:139] Discarding multiple pages with target (kb): 0, discard_protected_tabs: 0
[15124:15128:0607/125729.879:WARNING:chrome\browser\performance_manager\policies\page_discarding_helper.cc:139] Discarding multiple pages with target (kb): 0, discard_protected_tabs: 0
[15124:15128:0607/125734.879:WARNING:chrome\browser\performance_manager\policies\page_discarding_helper.cc:139] Discarding multiple pages with target (kb): 0, discard_protected_tabs: 0
[15124:15128:0607/125739.899:WARNING:chrome\browser\performance_manager\policies\page_discarding_helper.cc:139] Discarding multiple pages with target (kb): 0, discard_protected_tabs: 0
[15124:15128:0607/125744.899:WARNING:chrome\browser\performance_manager\policies\page_discarding_helper.cc:139] Discarding multiple pages with target (kb): 0, discard_protected_tabs: 0
[15124:15128:0607/125804.939:WARNING:chrome\browser\performance_manager\policies\page_discarding_helper.cc:139] Discarding multiple pages with target (kb): 0, discard_protected_tabs: 0
[15124:15128:0607/125809.939:WARNING:chrome\browser\performance_manager\policies\page_discarding_helper.cc:139] Discarding multiple pages with target (kb): 0, discard_protected_tabs: 0
[15124:15128:0607/125814.940:WARNING:chrome\browser\performance_manager\policies\page_discarding_helper.cc:139] Discarding multiple pages with target (kb): 0, discard_protected_tabs: 0
[15124:15128:0607/125819.959:WARNING:chrome\browser\performance_manager\policies\page_discarding_helper.cc:139] Discarding multiple pages with target (kb): 0, discard_protected_tabs: 0
[15124:15128:0607/125824.959:WARNING:chrome\browser\performance_manager\policies\page_discarding_helper.cc:139] Discarding multiple pages with target (kb): 0, discard_protected_tabs: 0
[15124:15128:0607/125829.979:WARNING:chrome\browser\performance_manager\policies\page_discarding_helper.cc:139] Discarding multiple pages with target (kb): 0, discard_protected_tabs: 0
[15124:15128:0607/125834.980:WARNING:chrome\browser\performance_manager\policies\page_discarding_helper.cc:139] Discarding multiple pages with target (kb): 0, discard_protected_tabs: 0
[15124:15128:0607/125839.999:WARNING:chrome\browser\performance_manager\policies\page_discarding_helper.cc:139] Discarding multiple pages with target (kb): 0, discard_protected_tabs: 0
[15124:15128:0607/125844.999:WARNING:chrome\browser\performance_manager\policies\page_discarding_helper.cc:139] Discarding multiple pages with target (kb): 0, discard_protected_tabs: 0
[15124:15128:0607/125849.999:WARNING:chrome\browser\performance_manager\policies\page_discarding_helper.cc:139] Discarding multiple pages with target (kb): 0, discard_protected_tabs: 0
[15124:15128:0607/125855.019:WARNING:chrome\browser\performance_manager\policies\page_discarding_helper.cc:139] Discarding multiple pages with target (kb): 0, discard_protected_tabs: 0
[15124:15128:0607/125900.020:WARNING:chrome\browser\performance_manager\policies\page_discarding_helper.cc:139] Discarding multiple pages with target (kb): 0, discard_protected_tabs: 0
[15124:15128:0607/125905.039:WARNING:chrome\browser\performance_manager\policies\page_discarding_helper.cc:139] Discarding multiple pages with target (kb): 0, discard_protected_tabs: 0
[15124:15128:0607/125910.059:WARNING:chrome\browser\performance_manager\policies\page_discarding_helper.cc:139] Discarding multiple pages with target (kb): 0, discard_protected_tabs: 0
[15124:15128:0607/125915.060:WARNING:chrome\browser\performance_manager\policies\page_discarding_helper.cc:139] Discarding multiple pages with target (kb): 0, discard_protected_tabs: 0
[15124:15128:0607/125920.060:WARNING:chrome\browser\performance_manager\policies\page_discarding_helper.cc:139] Discarding multiple pages with target (kb): 0, discard_protected_tabs: 0
[15124:15128:0607/125925.079:WARNING:chrome\browser\performance_manager\policies\page_discarding_helper.cc:139] Discarding multiple pages with target (kb): 0, discard_protected_tabs: 0
[15124:15128:0607/125930.079:WARNING:chrome\browser\performance_manager\policies\page_discarding_helper.cc:139] Discarding multiple pages with target (kb): 0, discard_protected_tabs: 0
[15124:15128:0607/125935.099:WARNING:chrome\browser\performance_manager\policies\page_discarding_helper.cc:139] Discarding multiple pages with target (kb): 0, discard_protected_tabs: 0
[15124:15128:0607/125940.119:WARNING:chrome\browser\performance_manager\policies\page_discarding_helper.cc:139] Discarding multiple pages with target (kb): 0, discard_protected_tabs: 0
[15124:15128:0607/125945.139:WARNING:chrome\browser\performance_manager\policies\page_discarding_helper.cc:139] Discarding multiple pages with target (kb): 0, discard_protected_tabs: 0
[15124:15128:0607/125950.139:WARNING:chrome\browser\performance_manager\policies\page_discarding_helper.cc:139] Discarding multiple pages with target (kb): 0, discard_protected_tabs: 0
[15124:15128:0607/125955.139:WARNING:chrome\browser\performance_manager\policies\page_discarding_helper.cc:139] Discarding multiple pages with target (kb): 0, discard_protected_tabs: 0
[15124:15128:0607/130000.139:WARNING:chrome\browser\performance_manager\policies\page_discarding_helper.cc:139] Discarding multiple pages with target (kb): 0, discard_protected_tabs: 0
[15124:15128:0607/130005.159:WARNING:chrome\browser\performance_manager\policies\page_discarding_helper.cc:139] Discarding multiple pages with target (kb): 0, discard_protected_tabs: 0
[15124:15128:0607/130010.160:WARNING:chrome\browser\performance_manager\policies\page_discarding_helper.cc:139] Discarding multiple pages with target (kb): 0, discard_protected_tabs: 0
[15124:15128:0607/130015.179:WARNING:chrome\browser\performance_manager\policies\page_discarding_helper.cc:139] Discarding multiple pages with target (kb): 0, discard_protected_tabs: 0
[15124:15128:0607/130020.199:WARNING:chrome\browser\performance_manager\policies\page_discarding_helper.cc:139] Discarding multiple pages with target (kb): 0, discard_protected_tabs: 0
[15124:15128:0607/130025.219:WARNING:chrome\browser\performance_manager\policies\page_discarding_helper.cc:139] Discarding multiple pages with target (kb): 0, discard_protected_tabs: 0
[15124:15128:0607/130030.219:WARNING:chrome\browser\performance_manager\policies\page_discarding_helper.cc:139] Discarding multiple pages with target (kb): 0, discard_protected_tabs: 0
[15124:15128:0607/130035.239:WARNING:chrome\browser\performance_manager\policies\page_discarding_helper.cc:139] Discarding multiple pages with target (kb): 0, discard_protected_tabs: 0
[15124:15128:0607/130040.259:WARNING:chrome\browser\performance_manager\policies\page_discarding_helper.cc:139] Discarding multiple pages with target (kb): 0, discard_protected_tabs: 0
[15124:15128:0607/130045.260:WARNING:chrome\browser\performance_manager\policies\page_discarding_helper.cc:139] Discarding multiple pages with target (kb): 0, discard_protected_tabs: 0
[15124:15128:0607/130050.279:WARNING:chrome\browser\performance_manager\policies\page_discarding_helper.cc:139] Discarding multiple pages with target (kb): 0, discard_protected_tabs: 0
[15124:15128:0607/130055.280:WARNING:chrome\browser\performance_manager\policies\page_discarding_helper.cc:139] Discarding multiple pages with target (kb): 0, discard_protected_tabs: 0
[15124:15128:0607/130100.300:WARNING:chrome\browser\performance_manager\policies\page_discarding_helper.cc:139] Discarding multiple pages with target (kb): 0, discard_protected_tabs: 0
[15124:15128:0607/130105.319:WARNING:chrome\browser\performance_manager\policies\page_discarding_helper.cc:139] Discarding multiple pages with target (kb): 0, discard_protected_tabs: 0
[15124:15128:0607/130110.339:WARNING:chrome\browser\performance_manager\policies\page_discarding_helper.cc:139] Discarding multiple pages with target (kb): 0, discard_protected_tabs: 0
[15124:15128:0607/130115.360:WARNING:chrome\browser\performance_manager\policies\page_discarding_helper.cc:139] Discarding multiple pages with target (kb): 0, discard_protected_tabs: 0
[15124:15128:0607/130120.379:WARNING:chrome\browser\performance_manager\policies\page_discarding_helper.cc:139] Discarding multiple pages with target (kb): 0, discard_protected_tabs: 0
[15124:15128:0607/130125.380:WARNING:chrome\browser\performance_manager\policies\page_discarding_helper.cc:139] Discarding multiple pages with target (kb): 0, discard_protected_tabs: 0
[15124:15128:0607/130130.399:WARNING:chrome\browser\performance_manager\policies\page_discarding_helper.cc:139] Discarding multiple pages with target (kb): 0, discard_protected_tabs: 0
[15124:15128:0607/130135.399:WARNING:chrome\browser\performance_manager\policies\page_discarding_helper.cc:139] Discarding multiple pages with target (kb): 0, discard_protected_tabs: 0
[15124:15128:0607/130140.420:WARNING:chrome\browser\performance_manager\policies\page_discarding_helper.cc:139] Discarding multiple pages with target (kb): 0, discard_protected_tabs: 0
[15124:15128:0607/130145.439:WARNING:chrome\browser\performance_manager\policies\page_discarding_helper.cc:139] Discarding multiple pages with target (kb): 0, discard_protected_tabs: 0
[15124:15128:0607/130150.439:WARNING:chrome\browser\performance_manager\policies\page_discarding_helper.cc:139] Discarding multiple pages with target (kb): 0, discard_protected_tabs: 0
[15124:15128:0607/130155.439:WARNING:chrome\browser\performance_manager\policies\page_discarding_helper.cc:139] Discarding multiple pages with target (kb): 0, discard_protected_tabs: 0
[15124:15128:0607/130200.459:WARNING:chrome\browser\performance_manager\policies\page_discarding_helper.cc:139] Discarding multiple pages with target (kb): 0, discard_protected_tabs: 0
[15124:15128:0607/130205.480:WARNING:chrome\browser\performance_manager\policies\page_discarding_helper.cc:139] Discarding multiple pages with target (kb): 0, discard_protected_tabs: 0
[15124:15128:0607/130210.499:WARNING:chrome\browser\performance_manager\policies\page_discarding_helper.cc:139] Discarding multiple pages with target (kb): 0, discard_protected_tabs: 0
[15124:15128:0607/130215.519:WARNING:chrome\browser\performance_manager\policies\page_discarding_helper.cc:139] Discarding multiple pages with target (kb): 0, discard_protected_tabs: 0
[15124:15128:0607/130220.539:WARNING:chrome\browser\performance_manager\policies\page_discarding_helper.cc:139] Discarding multiple pages with target (kb): 0, discard_protected_tabs: 0
[15124:15128:0607/130225.539:WARNING:chrome\browser\performance_manager\policies\page_discarding_helper.cc:139] Discarding multiple pages with target (kb): 0, discard_protected_tabs: 0
[15124:15128:0607/130230.560:WARNING:chrome\browser\performance_manager\policies\page_discarding_helper.cc:139] Discarding multiple pages with target (kb): 0, discard_protected_tabs: 0
[15124:15128:0607/130235.579:WARNING:chrome\browser\performance_manager\policies\page_discarding_helper.cc:139] Discarding multiple pages with target (kb): 0, discard_protected_tabs: 0
[15124:15128:0607/130240.599:WARNING:chrome\browser\performance_manager\policies\page_discarding_helper.cc:139] Discarding multiple pages with target (kb): 0, discard_protected_tabs: 0
[15124:15128:0607/130245.599:WARNING:chrome\browser\performance_manager\policies\page_discarding_helper.cc:139] Discarding multiple pages with target (kb): 0, discard_protected_tabs: 0
[15124:15128:0607/130250.599:WARNING:chrome\browser\performance_manager\policies\page_discarding_helper.cc:139] Discarding multiple pages with target (kb): 0, discard_protected_tabs: 0
[15124:15128:0607/130255.619:WARNING:chrome\browser\performance_manager\policies\page_discarding_helper.cc:139] Discarding multiple pages with target (kb): 0, discard_protected_tabs: 0
[15124:15128:0607/130300.619:WARNING:chrome\browser\performance_manager\policies\page_discarding_helper.cc:139] Discarding multiple pages with target (kb): 0, discard_protected_tabs: 0
[15124:15128:0607/130305.639:WARNING:chrome\browser\performance_manager\policies\page_discarding_helper.cc:139] Discarding multiple pages with target (kb): 0, discard_protected_tabs: 0
[15124:15128:0607/130310.639:WARNING:chrome\browser\performance_manager\policies\page_discarding_helper.cc:139] Discarding multiple pages with target (kb): 0, discard_protected_tabs: 0
[15124:15128:0607/130315.659:WARNING:chrome\browser\performance_manager\policies\page_discarding_helper.cc:139] Discarding multiple pages with target (kb): 0, discard_protected_tabs: 0
[15124:15128:0607/130320.679:WARNING:chrome\browser\performance_manager\policies\page_discarding_helper.cc:139] Discarding multiple pages with target (kb): 0, discard_protected_tabs: 0
[15124:15128:0607/130325.679:WARNING:chrome\browser\performance_manager\policies\page_discarding_helper.cc:139] Discarding multiple pages with target (kb): 0, discard_protected_tabs: 0
[15124:15128:0607/130330.699:WARNING:chrome\browser\performance_manager\policies\page_discarding_helper.cc:139] Discarding multiple pages with target (kb): 0, discard_protected_tabs: 0
[15124:15128:0607/130335.699:WARNING:chrome\browser\performance_manager\policies\page_discarding_helper.cc:139] Discarding multiple pages with target (kb): 0, discard_protected_tabs: 0
[15124:15128:0607/130340.719:WARNING:chrome\browser\performance_manager\policies\page_discarding_helper.cc:139] Discarding multiple pages with target (kb): 0, discard_protected_tabs: 0
[15124:15128:0607/130345.739:WARNING:chrome\browser\performance_manager\policies\page_discarding_helper.cc:139] Discarding multiple pages with target (kb): 0, discard_protected_tabs: 0
[15124:15128:0607/130350.759:WARNING:chrome\browser\performance_manager\policies\page_discarding_helper.cc:139] Discarding multiple pages with target (kb): 0, discard_protected_tabs: 0
[15124:15128:0607/130355.779:WARNING:chrome\browser\performance_manager\policies\page_discarding_helper.cc:139] Discarding multiple pages with target (kb): 0, discard_protected_tabs: 0
[15124:15128:0607/130400.779:WARNING:chrome\browser\performance_manager\policies\page_discarding_helper.cc:139] Discarding multiple pages with target (kb): 0, discard_protected_tabs: 0
[15124:15128:0607/130405.799:WARNING:chrome\browser\performance_manager\policies\page_discarding_helper.cc:139] Discarding multiple pages with target (kb): 0, discard_protected_tabs: 0
[15124:15128:0607/130410.799:WARNING:chrome\browser\performance_manager\policies\page_discarding_helper.cc:139] Discarding multiple pages with target (kb): 0, discard_protected_tabs: 0
[15124:15128:0607/130415.819:WARNING:chrome\browser\performance_manager\policies\page_discarding_helper.cc:139] Discarding multiple pages with target (kb): 0, discard_protected_tabs: 0
[15124:15128:0607/130420.820:WARNING:chrome\browser\performance_manager\policies\page_discarding_helper.cc:139] Discarding multiple pages with target (kb): 0, discard_protected_tabs: 0
[15124:15128:0607/130425.839:WARNING:chrome\browser\performance_manager\policies\page_discarding_helper.cc:139] Discarding multiple pages with target (kb): 0, discard_protected_tabs: 0
[15124:15128:0607/130430.859:WARNING:chrome\browser\performance_manager\policies\page_discarding_helper.cc:139] Discarding multiple pages with target (kb): 0, discard_protected_tabs: 0
[15124:15128:0607/130435.859:WARNING:chrome\browser\performance_manager\policies\page_discarding_helper.cc:139] Discarding multiple pages with target (kb): 0, discard_protected_tabs: 0
[15124:15128:0607/130440.859:WARNING:chrome\browser\performance_manager\policies\page_discarding_helper.cc:139] Discarding multiple pages with target (kb): 0, discard_protected_tabs: 0
[15124:15128:0607/130445.859:WARNING:chrome\browser\performance_manager\policies\page_discarding_helper.cc:139] Discarding multiple pages with target (kb): 0, discard_protected_tabs: 0
[15124:15128:0607/130450.879:WARNING:chrome\browser\performance_manager\policies\page_discarding_helper.cc:139] Discarding multiple pages with target (kb): 0, discard_protected_tabs: 0
[15124:15128:0607/130455.899:WARNING:chrome\browser\performance_manager\policies\page_discarding_helper.cc:139] Discarding multiple pages with target (kb): 0, discard_protected_tabs: 0
[15124:15128:0607/130500.899:WARNING:chrome\browser\performance_manager\policies\page_discarding_helper.cc:139] Discarding multiple pages with target (kb): 0, discard_protected_tabs: 0
[15124:15128:0607/130505.919:WARNING:chrome\browser\performance_manager\policies\page_discarding_helper.cc:139] Discarding multiple pages with target (kb): 0, discard_protected_tabs: 0
[15124:15128:0607/130510.939:WARNING:chrome\browser\performance_manager\policies\page_discarding_helper.cc:139] Discarding multiple pages with target (kb): 0, discard_protected_tabs: 0
[15124:15128:0607/130515.939:WARNING:chrome\browser\performance_manager\policies\page_discarding_helper.cc:139] Discarding multiple pages with target (kb): 0, discard_protected_tabs: 0
[15124:15128:0607/130520.959:WARNING:chrome\browser\performance_manager\policies\page_discarding_helper.cc:139] Discarding multiple pages with target (kb): 0, discard_protected_tabs: 0
[15124:15128:0607/130525.979:WARNING:chrome\browser\performance_manager\policies\page_discarding_helper.cc:139] Discarding multiple pages with target (kb): 0, discard_protected_tabs: 0
[15124:15128:0607/130530.980:WARNING:chrome\browser\performance_manager\policies\page_discarding_helper.cc:139] Discarding multiple pages with target (kb): 0, discard_protected_tabs: 0
[15124:15128:0607/130535.999:WARNING:chrome\browser\performance_manager\policies\page_discarding_helper.cc:139] Discarding multiple pages with target (kb): 0, discard_protected_tabs: 0
[15124:15128:0607/130541.019:WARNING:chrome\browser\performance_manager\policies\page_discarding_helper.cc:139] Discarding multiple pages with target (kb): 0, discard_protected_tabs: 0
[15124:15128:0607/130546.019:WARNING:chrome\browser\performance_manager\policies\page_discarding_helper.cc:139] Discarding multiple pages with target (kb): 0, discard_protected_tabs: 0
[15124:15128:0607/130551.039:WARNING:chrome\browser\performance_manager\policies\page_discarding_helper.cc:139] Discarding multiple pages with target (kb): 0, discard_protected_tabs: 0
[15124:15128:0607/130556.039:WARNING:chrome\browser\performance_manager\policies\page_discarding_helper.cc:139] Discarding multiple pages with target (kb): 0, discard_protected_tabs: 0
[15124:15128:0607/130601.039:WARNING:chrome\browser\performance_manager\policies\page_discarding_helper.cc:139] Discarding multiple pages with target (kb): 0, discard_protected_tabs: 0
[15124:15128:0607/130606.040:WARNING:chrome\browser\performance_manager\policies\page_discarding_helper.cc:139] Discarding multiple pages with target (kb): 0, discard_protected_tabs: 0
[15124:15128:0607/130611.059:WARNING:chrome\browser\performance_manager\policies\page_discarding_helper.cc:139] Discarding multiple pages with target (kb): 0, discard_protected_tabs: 0
[15124:15128:0607/130616.059:WARNING:chrome\browser\performance_manager\policies\page_discarding_helper.cc:139] Discarding multiple pages with target (kb): 0, discard_protected_tabs: 0
[15124:15128:0607/130621.079:WARNING:chrome\browser\performance_manager\policies\page_discarding_helper.cc:139] Discarding multiple pages with target (kb): 0, discard_protected_tabs: 0
[15124:15128:0607/130626.080:WARNING:chrome\browser\performance_manager\policies\page_discarding_helper.cc:139] Discarding multiple pages with target (kb): 0, discard_protected_tabs: 0
[15124:15128:0607/130631.099:WARNING:chrome\browser\performance_manager\policies\page_discarding_helper.cc:139] Discarding multiple pages with target (kb): 0, discard_protected_tabs: 0
[15124:15128:0607/130636.099:WARNING:chrome\browser\performance_manager\policies\page_discarding_helper.cc:139] Discarding multiple pages with target (kb): 0, discard_protected_tabs: 0
[15124:15128:0607/130641.119:WARNING:chrome\browser\performance_manager\policies\page_discarding_helper.cc:139] Discarding multiple pages with target (kb): 0, discard_protected_tabs: 0
[15124:15128:0607/130646.139:WARNING:chrome\browser\performance_manager\policies\page_discarding_helper.cc:139] Discarding multiple pages with target (kb): 0, discard_protected_tabs: 0
[15124:15128:0607/130651.159:WARNING:chrome\browser\performance_manager\policies\page_discarding_helper.cc:139] Discarding multiple pages with target (kb): 0, discard_protected_tabs: 0
[15124:15128:0607/130656.159:WARNING:chrome\browser\performance_manager\policies\page_discarding_helper.cc:139] Discarding multiple pages with target (kb): 0, discard_protected_tabs: 0
[15124:15128:0607/130701.179:WARNING:chrome\browser\performance_manager\policies\page_discarding_helper.cc:139] Discarding multiple pages with target (kb): 0, discard_protected_tabs: 0
[15124:15128:0607/130706.180:WARNING:chrome\browser\performance_manager\policies\page_discarding_helper.cc:139] Discarding multiple pages with target (kb): 0, discard_protected_tabs: 0
[15124:15128:0607/130711.199:WARNING:chrome\browser\performance_manager\policies\page_discarding_helper.cc:139] Discarding multiple pages with target (kb): 0, discard_protected_tabs: 0
[15124:15128:0607/130716.199:WARNING:chrome\browser\performance_manager\policies\page_discarding_helper.cc:139] Discarding multiple pages with target (kb): 0, discard_protected_tabs: 0
[15124:15128:0607/130721.219:WARNING:chrome\browser\performance_manager\policies\page_discarding_helper.cc:139] Discarding multiple pages with target (kb): 0, discard_protected_tabs: 0
[15124:15128:0607/130726.219:WARNING:chrome\browser\performance_manager\policies\page_discarding_helper.cc:139] Discarding multiple pages with target (kb): 0, discard_protected_tabs: 0
[15124:15128:0607/130731.220:WARNING:chrome\browser\performance_manager\policies\page_discarding_helper.cc:139] Discarding multiple pages with target (kb): 0, discard_protected_tabs: 0
[15124:15128:0607/130736.239:WARNING:chrome\browser\performance_manager\policies\page_discarding_helper.cc:139] Discarding multiple pages with target (kb): 0, discard_protected_tabs: 0
[15124:15128:0607/130741.259:WARNING:chrome\browser\performance_manager\policies\page_discarding_helper.cc:139] Discarding multiple pages with target (kb): 0, discard_protected_tabs: 0
[15124:15128:0607/130746.260:WARNING:chrome\browser\performance_manager\policies\page_discarding_helper.cc:139] Discarding multiple pages with target (kb): 0, discard_protected_tabs: 0
[15124:15128:0607/130751.280:WARNING:chrome\browser\performance_manager\policies\page_discarding_helper.cc:139] Discarding multiple pages with target (kb): 0, discard_protected_tabs: 0
[15124:15128:0607/130756.300:WARNING:chrome\browser\performance_manager\policies\page_discarding_helper.cc:139] Discarding multiple pages with target (kb): 0, discard_protected_tabs: 0
[15124:15128:0607/130801.299:WARNING:chrome\browser\performance_manager\policies\page_discarding_helper.cc:139] Discarding multiple pages with target (kb): 0, discard_protected_tabs: 0
[15124:15128:0607/130806.299:WARNING:chrome\browser\performance_manager\policies\page_discarding_helper.cc:139] Discarding multiple pages with target (kb): 0, discard_protected_tabs: 0
[15124:15128:0607/130811.300:WARNING:chrome\browser\performance_manager\policies\page_discarding_helper.cc:139] Discarding multiple pages with target (kb): 0, discard_protected_tabs: 0
[15124:15128:0607/130816.319:WARNING:chrome\browser\performance_manager\policies\page_discarding_helper.cc:139] Discarding multiple pages with target (kb): 0, discard_protected_tabs: 0
[15124:15128:0607/130821.320:WARNING:chrome\browser\performance_manager\policies\page_discarding_helper.cc:139] Discarding multiple pages with target (kb): 0, discard_protected_tabs: 0
[15124:15128:0607/130826.339:WARNING:chrome\browser\performance_manager\policies\page_discarding_helper.cc:139] Discarding multiple pages with target (kb): 0, discard_protected_tabs: 0
[15124:15128:0607/130831.359:WARNING:chrome\browser\performance_manager\policies\page_discarding_helper.cc:139] Discarding multiple pages with target (kb): 0, discard_protected_tabs: 0
[15124:15128:0607/130836.359:WARNING:chrome\browser\performance_manager\policies\page_discarding_helper.cc:139] Discarding multiple pages with target (kb): 0, discard_protected_tabs: 0
[15124:15128:0607/130841.359:WARNING:chrome\browser\performance_manager\policies\page_discarding_helper.cc:139] Discarding multiple pages with target (kb): 0, discard_protected_tabs: 0
[15124:15128:0607/130846.359:WARNING:chrome\browser\performance_manager\policies\page_discarding_helper.cc:139] Discarding multiple pages with target (kb): 0, discard_protected_tabs: 0
[15124:15128:0607/130851.379:WARNING:chrome\browser\performance_manager\policies\page_discarding_helper.cc:139] Discarding multiple pages with target (kb): 0, discard_protected_tabs: 0
[15124:15128:0607/130856.399:WARNING:chrome\browser\performance_manager\policies\page_discarding_helper.cc:139] Discarding multiple pages with target (kb): 0, discard_protected_tabs: 0
[15124:15128:0607/130901.419:WARNING:chrome\browser\performance_manager\policies\page_discarding_helper.cc:139] Discarding multiple pages with target (kb): 0, discard_protected_tabs: 0
[15124:15128:0607/130906.419:WARNING:chrome\browser\performance_manager\policies\page_discarding_helper.cc:139] Discarding multiple pages with target (kb): 0, discard_protected_tabs: 0
[15124:15128:0607/130911.440:WARNING:chrome\browser\performance_manager\policies\page_discarding_helper.cc:139] Discarding multiple pages with target (kb): 0, discard_protected_tabs: 0
[15124:15128:0607/130916.459:WARNING:chrome\browser\performance_manager\policies\page_discarding_helper.cc:139] Discarding multiple pages with target (kb): 0, discard_protected_tabs: 0
[15124:15128:0607/130921.459:WARNING:chrome\browser\performance_manager\policies\page_discarding_helper.cc:139] Discarding multiple pages with target (kb): 0, discard_protected_tabs: 0
[15124:15128:0607/130926.459:WARNING:chrome\browser\performance_manager\policies\page_discarding_helper.cc:139] Discarding multiple pages with target (kb): 0, discard_protected_tabs: 0
[15124:15128:0607/130931.479:WARNING:chrome\browser\performance_manager\policies\page_discarding_helper.cc:139] Discarding multiple pages with target (kb): 0, discard_protected_tabs: 0
[15124:15128:0607/130936.480:WARNING:chrome\browser\performance_manager\policies\page_discarding_helper.cc:139] Discarding multiple pages with target (kb): 0, discard_protected_tabs: 0
[15124:15128:0607/130941.499:WARNING:chrome\browser\performance_manager\policies\page_discarding_helper.cc:139] Discarding multiple pages with target (kb): 0, discard_protected_tabs: 0
[15124:15128:0607/130946.499:WARNING:chrome\browser\performance_manager\policies\page_discarding_helper.cc:139] Discarding multiple pages with target (kb): 0, discard_protected_tabs: 0
[15124:15128:0607/130951.519:WARNING:chrome\browser\performance_manager\policies\page_discarding_helper.cc:139] Discarding multiple pages with target (kb): 0, discard_protected_tabs: 0
[15124:15128:0607/130956.520:WARNING:chrome\browser\performance_manager\policies\page_discarding_helper.cc:139] Discarding multiple pages with target (kb): 0, discard_protected_tabs: 0
[15124:15128:0607/131001.539:WARNING:chrome\browser\performance_manager\policies\page_discarding_helper.cc:139] Discarding multiple pages with target (kb): 0, discard_protected_tabs: 0
[15124:15128:0607/131006.559:WARNING:chrome\browser\performance_manager\policies\page_discarding_helper.cc:139] Discarding multiple pages with target (kb): 0, discard_protected_tabs: 0
[15124:15128:0607/131011.559:WARNING:chrome\browser\performance_manager\policies\page_discarding_helper.cc:139] Discarding multiple pages with target (kb): 0, discard_protected_tabs: 0
[15124:15128:0607/131016.579:WARNING:chrome\browser\performance_manager\policies\page_discarding_helper.cc:139] Discarding multiple pages with target (kb): 0, discard_protected_tabs: 0
[15124:15128:0607/131021.579:WARNING:chrome\browser\performance_manager\policies\page_discarding_helper.cc:139] Discarding multiple pages with target (kb): 0, discard_protected_tabs: 0
[15124:15128:0607/131026.579:WARNING:chrome\browser\performance_manager\policies\page_discarding_helper.cc:139] Discarding multiple pages with target (kb): 0, discard_protected_tabs: 0
[15124:15128:0607/131031.599:WARNING:chrome\browser\performance_manager\policies\page_discarding_helper.cc:139] Discarding multiple pages with target (kb): 0, discard_protected_tabs: 0
[15124:15128:0607/131036.599:WARNING:chrome\browser\performance_manager\policies\page_discarding_helper.cc:139] Discarding multiple pages with target (kb): 0, discard_protected_tabs: 0
[15124:15128:0607/131041.619:WARNING:chrome\browser\performance_manager\policies\page_discarding_helper.cc:139] Discarding multiple pages with target (kb): 0, discard_protected_tabs: 0
[15124:15128:0607/131046.619:WARNING:chrome\browser\performance_manager\policies\page_discarding_helper.cc:139] Discarding multiple pages with target (kb): 0, discard_protected_tabs: 0
[15124:15128:0607/131051.639:WARNING:chrome\browser\performance_manager\policies\page_discarding_helper.cc:139] Discarding multiple pages with target (kb): 0, discard_protected_tabs: 0
[15124:15128:0607/131056.639:WARNING:chrome\browser\performance_manager\policies\page_discarding_helper.cc:139] Discarding multiple pages with target (kb): 0, discard_protected_tabs: 0
[15124:15128:0607/131101.660:WARNING:chrome\browser\performance_manager\policies\page_discarding_helper.cc:139] Discarding multiple pages with target (kb): 0, discard_protected_tabs: 0
[15124:15128:0607/131106.679:WARNING:chrome\browser\performance_manager\policies\page_discarding_helper.cc:139] Discarding multiple pages with target (kb): 0, discard_protected_tabs: 0
[15124:15128:0607/131111.679:WARNING:chrome\browser\performance_manager\policies\page_discarding_helper.cc:139] Discarding multiple pages with target (kb): 0, discard_protected_tabs: 0
[15124:15128:0607/131116.699:WARNING:chrome\browser\performance_manager\policies\page_discarding_helper.cc:139] Discarding multiple pages with target (kb): 0, discard_protected_tabs: 0
[15124:15128:0607/131121.719:WARNING:chrome\browser\performance_manager\policies\page_discarding_helper.cc:139] Discarding multiple pages with target (kb): 0, discard_protected_tabs: 0
[15124:15128:0607/131126.739:WARNING:chrome\browser\performance_manager\policies\page_discarding_helper.cc:139] Discarding multiple pages with target (kb): 0, discard_protected_tabs: 0
[15124:15128:0607/131131.739:WARNING:chrome\browser\performance_manager\policies\page_discarding_helper.cc:139] Discarding multiple pages with target (kb): 0, discard_protected_tabs: 0
[15124:15128:0607/131136.759:WARNING:chrome\browser\performance_manager\policies\page_discarding_helper.cc:139] Discarding multiple pages with target (kb): 0, discard_protected_tabs: 0
[15124:15128:0607/131141.759:WARNING:chrome\browser\performance_manager\policies\page_discarding_helper.cc:139] Discarding multiple pages with target (kb): 0, discard_protected_tabs: 0
[15124:15128:0607/131146.759:WARNING:chrome\browser\performance_manager\policies\page_discarding_helper.cc:139] Discarding multiple pages with target (kb): 0, discard_protected_tabs: 0
[15124:15128:0607/131151.760:WARNING:chrome\browser\performance_manager\policies\page_discarding_helper.cc:139] Discarding multiple pages with target (kb): 0, discard_protected_tabs: 0
[15124:15128:0607/131156.779:WARNING:chrome\browser\performance_manager\policies\page_discarding_helper.cc:139] Discarding multiple pages with target (kb): 0, discard_protected_tabs: 0
[15124:15128:0607/131201.799:WARNING:chrome\browser\performance_manager\policies\page_discarding_helper.cc:139] Discarding multiple pages with target (kb): 0, discard_protected_tabs: 0
[15124:15128:0607/131206.800:WARNING:chrome\browser\performance_manager\policies\page_discarding_helper.cc:139] Discarding multiple pages with target (kb): 0, discard_protected_tabs: 0
[15124:15128:0607/131211.819:WARNING:chrome\browser\performance_manager\policies\page_discarding_helper.cc:139] Discarding multiple pages with target (kb): 0, discard_protected_tabs: 0
[15124:15128:0607/131216.839:WARNING:chrome\browser\performance_manager\policies\page_discarding_helper.cc:139] Discarding multiple pages with target (kb): 0, discard_protected_tabs: 0
[15124:15128:0607/131221.840:WARNING:chrome\browser\performance_manager\policies\page_discarding_helper.cc:139] Discarding multiple pages with target (kb): 0, discard_protected_tabs: 0
[15124:15128:0607/131226.859:WARNING:chrome\browser\performance_manager\policies\page_discarding_helper.cc:139] Discarding multiple pages with target (kb): 0, discard_protected_tabs: 0
[15124:15128:0607/131231.860:WARNING:chrome\browser\performance_manager\policies\page_discarding_helper.cc:139] Discarding multiple pages with target (kb): 0, discard_protected_tabs: 0
[15124:15128:0607/131236.879:WARNING:chrome\browser\performance_manager\policies\page_discarding_helper.cc:139] Discarding multiple pages with target (kb): 0, discard_protected_tabs: 0
[15124:15128:0607/131241.879:WARNING:chrome\browser\performance_manager\policies\page_discarding_helper.cc:139] Discarding multiple pages with target (kb): 0, discard_protected_tabs: 0
[15124:15128:0607/131246.879:WARNING:chrome\browser\performance_manager\policies\page_discarding_helper.cc:139] Discarding multiple pages with target (kb): 0, discard_protected_tabs: 0
[15124:15128:0607/131251.899:WARNING:chrome\browser\performance_manager\policies\page_discarding_helper.cc:139] Discarding multiple pages with target (kb): 0, discard_protected_tabs: 0
[15124:15128:0607/131256.919:WARNING:chrome\browser\performance_manager\policies\page_discarding_helper.cc:139] Discarding multiple pages with target (kb): 0, discard_protected_tabs: 0
[15124:15128:0607/131301.919:WARNING:chrome\browser\performance_manager\policies\page_discarding_helper.cc:139] Discarding multiple pages with target (kb): 0, discard_protected_tabs: 0
[15124:15128:0607/131306.939:WARNING:chrome\browser\performance_manager\policies\page_discarding_helper.cc:139] Discarding multiple pages with target (kb): 0, discard_protected_tabs: 0
[15124:15128:0607/131311.939:WARNING:chrome\browser\performance_manager\policies\page_discarding_helper.cc:139] Discarding multiple pages with target (kb): 0, discard_protected_tabs: 0
[15124:15128:0607/131316.960:WARNING:chrome\browser\performance_manager\policies\page_discarding_helper.cc:139] Discarding multiple pages with target (kb): 0, discard_protected_tabs: 0
[15124:15128:0607/131321.979:WARNING:chrome\browser\performance_manager\policies\page_discarding_helper.cc:139] Discarding multiple pages with target (kb): 0, discard_protected_tabs: 0
[15124:15128:0607/131326.999:WARNING:chrome\browser\performance_manager\policies\page_discarding_helper.cc:139] Discarding multiple pages with target (kb): 0, discard_protected_tabs: 0
[15124:15128:0607/131332.019:WARNING:chrome\browser\performance_manager\policies\page_discarding_helper.cc:139] Discarding multiple pages with target (kb): 0, discard_protected_tabs: 0
[15124:15128:0607/131337.020:WARNING:chrome\browser\performance_manager\policies\page_discarding_helper.cc:139] Discarding multiple pages with target (kb): 0, discard_protected_tabs: 0
[15124:15128:0607/131342.039:WARNING:chrome\browser\performance_manager\policies\page_discarding_helper.cc:139] Discarding multiple pages with target (kb): 0, discard_protected_tabs: 0
[15124:15128:0607/131347.059:WARNING:chrome\browser\performance_manager\policies\page_discarding_helper.cc:139] Discarding multiple pages with target (kb): 0, discard_protected_tabs: 0
[15124:15128:0607/131352.060:WARNING:chrome\browser\performance_manager\policies\page_discarding_helper.cc:139] Discarding multiple pages with target (kb): 0, discard_protected_tabs: 0
[15124:15128:0607/131357.079:WARNING:chrome\browser\performance_manager\policies\page_discarding_helper.cc:139] Discarding multiple pages with target (kb): 0, discard_protected_tabs: 0
[15124:15128:0607/131402.099:WARNING:chrome\browser\performance_manager\policies\page_discarding_helper.cc:139] Discarding multiple pages with target (kb): 0, discard_protected_tabs: 0
[15124:15128:0607/131407.099:WARNING:chrome\browser\performance_manager\policies\page_discarding_helper.cc:139] Discarding multiple pages with target (kb): 0, discard_protected_tabs: 0
[15124:15128:0607/131412.119:WARNING:chrome\browser\performance_manager\policies\page_discarding_helper.cc:139] Discarding multiple pages with target (kb): 0, discard_protected_tabs: 0
[15124:15128:0607/131417.119:WARNING:chrome\browser\performance_manager\policies\page_discarding_helper.cc:139] Discarding multiple pages with target (kb): 0, discard_protected_tabs: 0
[15124:15128:0607/131422.139:WARNING:chrome\browser\performance_manager\policies\page_discarding_helper.cc:139] Discarding multiple pages with target (kb): 0, discard_protected_tabs: 0
[15124:15128:0607/131427.159:WARNING:chrome\browser\performance_manager\policies\page_discarding_helper.cc:139] Discarding multiple pages with target (kb): 0, discard_protected_tabs: 0
[15124:15128:0607/131432.179:WARNING:chrome\browser\performance_manager\policies\page_discarding_helper.cc:139] Discarding multiple pages with target (kb): 0, discard_protected_tabs: 0
[15124:15128:0607/131437.179:WARNING:chrome\browser\performance_manager\policies\page_discarding_helper.cc:139] Discarding multiple pages with target (kb): 0, discard_protected_tabs: 0
[15124:15128:0607/131442.199:WARNING:chrome\browser\performance_manager\policies\page_discarding_helper.cc:139] Discarding multiple pages with target (kb): 0, discard_protected_tabs: 0
[15124:15128:0607/131447.199:WARNING:chrome\browser\performance_manager\policies\page_discarding_helper.cc:139] Discarding multiple pages with target (kb): 0, discard_protected_tabs: 0
[15124:15128:0607/131452.219:WARNING:chrome\browser\performance_manager\policies\page_discarding_helper.cc:139] Discarding multiple pages with target (kb): 0, discard_protected_tabs: 0
[15124:15128:0607/131457.239:WARNING:chrome\browser\performance_manager\policies\page_discarding_helper.cc:139] Discarding multiple pages with target (kb): 0, discard_protected_tabs: 0
[15124:15128:0607/131502.260:WARNING:chrome\browser\performance_manager\policies\page_discarding_helper.cc:139] Discarding multiple pages with target (kb): 0, discard_protected_tabs: 0
[15124:15128:0607/131507.280:WARNING:chrome\browser\performance_manager\policies\page_discarding_helper.cc:139] Discarding multiple pages with target (kb): 0, discard_protected_tabs: 0
[15124:15128:0607/131512.299:WARNING:chrome\browser\performance_manager\policies\page_discarding_helper.cc:139] Discarding multiple pages with target (kb): 0, discard_protected_tabs: 0
[15124:15128:0607/131517.300:WARNING:chrome\browser\performance_manager\policies\page_discarding_helper.cc:139] Discarding multiple pages with target (kb): 0, discard_protected_tabs: 0
[15124:15128:0607/131522.319:WARNING:chrome\browser\performance_manager\policies\page_discarding_helper.cc:139] Discarding multiple pages with target (kb): 0, discard_protected_tabs: 0
[15124:15128:0607/131527.320:WARNING:chrome\browser\performance_manager\policies\page_discarding_helper.cc:139] Discarding multiple pages with target (kb): 0, discard_protected_tabs: 0
[15124:15128:0607/131532.339:WARNING:chrome\browser\performance_manager\policies\page_discarding_helper.cc:139] Discarding multiple pages with target (kb): 0, discard_protected_tabs: 0
[15124:15128:0607/131537.340:WARNING:chrome\browser\performance_manager\policies\page_discarding_helper.cc:139] Discarding multiple pages with target (kb): 0, discard_protected_tabs: 0
[15124:15128:0607/131542.359:WARNING:chrome\browser\performance_manager\policies\page_discarding_helper.cc:139] Discarding multiple pages with target (kb): 0, discard_protected_tabs: 0
[15124:15128:0607/131547.359:WARNING:chrome\browser\performance_manager\policies\page_discarding_helper.cc:139] Discarding multiple pages with target (kb): 0, discard_protected_tabs: 0
[15124:15128:0607/131552.379:WARNING:chrome\browser\performance_manager\policies\page_discarding_helper.cc:139] Discarding multiple pages with target (kb): 0, discard_protected_tabs: 0
[15124:15128:0607/131557.399:WARNING:chrome\browser\performance_manager\policies\page_discarding_helper.cc:139] Discarding multiple pages with target (kb): 0, discard_protected_tabs: 0
[15124:15128:0607/131602.419:WARNING:chrome\browser\performance_manager\policies\page_discarding_helper.cc:139] Discarding multiple pages with target (kb): 0, discard_protected_tabs: 0
[15124:15128:0607/131607.419:WARNING:chrome\browser\performance_manager\policies\page_discarding_helper.cc:139] Discarding multiple pages with target (kb): 0, discard_protected_tabs: 0
[15124:15128:0607/131617.459:WARNING:chrome\browser\performance_manager\policies\page_discarding_helper.cc:139] Discarding multiple pages with target (kb): 0, discard_protected_tabs: 0
[15124:15128:0607/131857.860:WARNING:chrome\browser\performance_manager\policies\page_discarding_helper.cc:139] Discarding multiple pages with target (kb): 0, discard_protected_tabs: 0
[15124:15128:0607/131902.879:WARNING:chrome\browser\performance_manager\policies\page_discarding_helper.cc:139] Discarding multiple pages with target (kb): 0, discard_protected_tabs: 0
[15124:15128:0607/131907.879:WARNING:chrome\browser\performance_manager\policies\page_discarding_helper.cc:139] Discarding multiple pages with target (kb): 0, discard_protected_tabs: 0
[15124:15128:0607/131912.900:WARNING:chrome\browser\performance_manager\policies\page_discarding_helper.cc:139] Discarding multiple pages with target (kb): 0, discard_protected_tabs: 0
[15124:15128:0607/131917.919:WARNING:chrome\browser\performance_manager\policies\page_discarding_helper.cc:139] Discarding multiple pages with target (kb): 0, discard_protected_tabs: 0
[15124:15128:0607/131922.939:WARNING:chrome\browser\performance_manager\policies\page_discarding_helper.cc:139] Discarding multiple pages with target (kb): 0, discard_protected_tabs: 0
[15124:15128:0607/131927.959:WARNING:chrome\browser\performance_manager\policies\page_discarding_helper.cc:139] Discarding multiple pages with target (kb): 0, discard_protected_tabs: 0
[15124:15128:0607/131932.959:WARNING:chrome\browser\performance_manager\policies\page_discarding_helper.cc:139] Discarding multiple pages with target (kb): 0, discard_protected_tabs: 0
[15124:15128:0607/131937.982:WARNING:chrome\browser\performance_manager\policies\page_discarding_helper.cc:139] Discarding multiple pages with target (kb): 0, discard_protected_tabs: 0
[15124:15128:0607/131942.984:WARNING:chrome\browser\performance_manager\policies\page_discarding_helper.cc:139] Discarding multiple pages with target (kb): 0, discard_protected_tabs: 0
[15124:15128:0607/131947.999:WARNING:chrome\browser\performance_manager\policies\page_discarding_helper.cc:139] Discarding multiple pages with target (kb): 0, discard_protected_tabs: 0
[15124:15128:0607/131953.019:WARNING:chrome\browser\performance_manager\policies\page_discarding_helper.cc:139] Discarding multiple pages with target (kb): 0, discard_protected_tabs: 0
[15124:15128:0607/131958.020:WARNING:chrome\browser\performance_manager\policies\page_discarding_helper.cc:139] Discarding multiple pages with target (kb): 0, discard_protected_tabs: 0
[15124:15128:0607/132003.039:WARNING:chrome\browser\performance_manager\policies\page_discarding_helper.cc:139] Discarding multiple pages with target (kb): 0, discard_protected_tabs: 0
[15124:15128:0607/132008.059:WARNING:chrome\browser\performance_manager\policies\page_discarding_helper.cc:139] Discarding multiple pages with target (kb): 0, discard_protected_tabs: 0
[15124:15128:0607/132013.080:WARNING:chrome\browser\performance_manager\policies\page_discarding_helper.cc:139] Discarding multiple pages with target (kb): 0, discard_protected_tabs: 0
[15124:15128:0607/132018.099:WARNING:chrome\browser\performance_manager\policies\page_discarding_helper.cc:139] Discarding multiple pages with target (kb): 0, discard_protected_tabs: 0
[15124:15128:0607/132023.099:WARNING:chrome\browser\performance_manager\policies\page_discarding_helper.cc:139] Discarding multiple pages with target (kb): 0, discard_protected_tabs: 0
[15124:15128:0607/132028.119:WARNING:chrome\browser\performance_manager\policies\page_discarding_helper.cc:139] Discarding multiple pages with target (kb): 0, discard_protected_tabs: 0
[15124:15128:0607/132033.120:WARNING:chrome\browser\performance_manager\policies\page_discarding_helper.cc:139] Discarding multiple pages with target (kb): 0, discard_protected_tabs: 0
[15124:15128:0607/132038.139:WARNING:chrome\browser\performance_manager\policies\page_discarding_helper.cc:139] Discarding multiple pages with target (kb): 0, discard_protected_tabs: 0
[15124:15128:0607/132043.139:WARNING:chrome\browser\performance_manager\policies\page_discarding_helper.cc:139] Discarding multiple pages with target (kb): 0, discard_protected_tabs: 0
[15124:15128:0607/132048.140:WARNING:chrome\browser\performance_manager\policies\page_discarding_helper.cc:139] Discarding multiple pages with target (kb): 0, discard_protected_tabs: 0
[15124:15128:0607/132053.159:WARNING:chrome\browser\performance_manager\policies\page_discarding_helper.cc:139] Discarding multiple pages with target (kb): 0, discard_protected_tabs: 0
[15124:15128:0607/132058.179:WARNING:chrome\browser\performance_manager\policies\page_discarding_helper.cc:139] Discarding multiple pages with target (kb): 0, discard_protected_tabs: 0
[15124:15128:0607/132103.179:WARNING:chrome\browser\performance_manager\policies\page_discarding_helper.cc:139] Discarding multiple pages with target (kb): 0, discard_protected_tabs: 0
[15124:15128:0607/132108.179:WARNING:chrome\browser\performance_manager\policies\page_discarding_helper.cc:139] Discarding multiple pages with target (kb): 0, discard_protected_tabs: 0
[15124:15128:0607/132113.183:WARNING:chrome\browser\performance_manager\policies\page_discarding_helper.cc:139] Discarding multiple pages with target (kb): 0, discard_protected_tabs: 0
[15124:15128:0607/132118.199:WARNING:chrome\browser\performance_manager\policies\page_discarding_helper.cc:139] Discarding multiple pages with target (kb): 0, discard_protected_tabs: 0
[15124:15128:0607/132123.201:WARNING:chrome\browser\performance_manager\policies\page_discarding_helper.cc:139] Discarding multiple pages with target (kb): 0, discard_protected_tabs: 0
[15124:15128:0607/132128.201:WARNING:chrome\browser\performance_manager\policies\page_discarding_helper.cc:139] Discarding multiple pages with target (kb): 0, discard_protected_tabs: 0
[15124:15128:0607/132133.220:WARNING:chrome\browser\performance_manager\policies\page_discarding_helper.cc:139] Discarding multiple pages with target (kb): 0, discard_protected_tabs: 0
[15124:15128:0607/132138.239:WARNING:chrome\browser\performance_manager\policies\page_discarding_helper.cc:139] Discarding multiple pages with target (kb): 0, discard_protected_tabs: 0
[15124:15128:0607/132143.239:WARNING:chrome\browser\performance_manager\policies\page_discarding_helper.cc:139] Discarding multiple pages with target (kb): 0, discard_protected_tabs: 0
[15124:15128:0607/132148.239:WARNING:chrome\browser\performance_manager\policies\page_discarding_helper.cc:139] Discarding multiple pages with target (kb): 0, discard_protected_tabs: 0
[15124:15128:0607/132153.261:WARNING:chrome\browser\performance_manager\policies\page_discarding_helper.cc:139] Discarding multiple pages with target (kb): 0, discard_protected_tabs: 0
[15124:15128:0607/132158.280:WARNING:chrome\browser\performance_manager\policies\page_discarding_helper.cc:139] Discarding multiple pages with target (kb): 0, discard_protected_tabs: 0
[15124:15128:0607/132208.319:WARNING:chrome\browser\performance_manager\policies\page_discarding_helper.cc:139] Discarding multiple pages with target (kb): 0, discard_protected_tabs: 0
[15124:15128:0607/132213.319:WARNING:chrome\browser\performance_manager\policies\page_discarding_helper.cc:139] Discarding multiple pages with target (kb): 0, discard_protected_tabs: 0
[15124:15128:0607/132218.339:WARNING:chrome\browser\performance_manager\policies\page_discarding_helper.cc:139] Discarding multiple pages with target (kb): 0, discard_protected_tabs: 0
[15124:15128:0607/132223.361:WARNING:chrome\browser\performance_manager\policies\page_discarding_helper.cc:139] Discarding multiple pages with target (kb): 0, discard_protected_tabs: 0
[15124:15128:0607/132228.379:WARNING:chrome\browser\performance_manager\policies\page_discarding_helper.cc:139] Discarding multiple pages with target (kb): 0, discard_protected_tabs: 0
[15124:15128:0607/132233.380:WARNING:chrome\browser\performance_manager\policies\page_discarding_helper.cc:139] Discarding multiple pages with target (kb): 0, discard_protected_tabs: 0
[15124:15128:0607/132238.380:WARNING:chrome\browser\performance_manager\policies\page_discarding_helper.cc:139] Discarding multiple pages with target (kb): 0, discard_protected_tabs: 0
[15124:15128:0607/132248.400:WARNING:chrome\browser\performance_manager\policies\page_discarding_helper.cc:139] Discarding multiple pages with target (kb): 0, discard_protected_tabs: 0
[15124:15128:0607/132253.400:WARNING:chrome\browser\performance_manager\policies\page_discarding_helper.cc:139] Discarding multiple pages with target (kb): 0, discard_protected_tabs: 0
[15124:15128:0607/132308.439:WARNING:chrome\browser\performance_manager\policies\page_discarding_helper.cc:139] Discarding multiple pages with target (kb): 0, discard_protected_tabs: 0
[15124:15128:0607/132333.482:WARNING:chrome\browser\performance_manager\policies\page_discarding_helper.cc:139] Discarding multiple pages with target (kb): 0, discard_protected_tabs: 0
[15124:15128:0607/132338.500:WARNING:chrome\browser\performance_manager\policies\page_discarding_helper.cc:139] Discarding multiple pages with target (kb): 0, discard_protected_tabs: 0
[15124:15128:0607/132343.519:WARNING:chrome\browser\performance_manager\policies\page_discarding_helper.cc:139] Discarding multiple pages with target (kb): 0, discard_protected_tabs: 0
[15124:15128:0607/132348.519:WARNING:chrome\browser\performance_manager\policies\page_discarding_helper.cc:139] Discarding multiple pages with target (kb): 0, discard_protected_tabs: 0
[15124:15128:0607/132353.520:WARNING:chrome\browser\performance_manager\policies\page_discarding_helper.cc:139] Discarding multiple pages with target (kb): 0, discard_protected_tabs: 0
[15124:15128:0607/132358.539:WARNING:chrome\browser\performance_manager\policies\page_discarding_helper.cc:139] Discarding multiple pages with target (kb): 0, discard_protected_tabs: 0
[15124:15128:0607/132403.540:WARNING:chrome\browser\performance_manager\policies\page_discarding_helper.cc:139] Discarding multiple pages with target (kb): 0, discard_protected_tabs: 0
[15124:15128:0607/132408.560:WARNING:chrome\browser\performance_manager\policies\page_discarding_helper.cc:139] Discarding multiple pages with target (kb): 0, discard_protected_tabs: 0
[15124:15128:0607/132413.579:WARNING:chrome\browser\performance_manager\policies\page_discarding_helper.cc:139] Discarding multiple pages with target (kb): 0, discard_protected_tabs: 0
[15124:15128:0607/132418.580:WARNING:chrome\browser\performance_manager\policies\page_discarding_helper.cc:139] Discarding multiple pages with target (kb): 0, discard_protected_tabs: 0
[15124:15128:0607/132423.602:WARNING:chrome\browser\performance_manager\policies\page_discarding_helper.cc:139] Discarding multiple pages with target (kb): 0, discard_protected_tabs: 0
[15124:15128:0607/134636.819:WARNING:chrome\browser\performance_manager\policies\page_discarding_helper.cc:139] Discarding multiple pages with target (kb): 0, discard_protected_tabs: 0
[15124:15128:0607/134641.820:WARNING:chrome\browser\performance_manager\policies\page_discarding_helper.cc:139] Discarding multiple pages with target (kb): 0, discard_protected_tabs: 0
[15124:15128:0607/134646.839:WARNING:chrome\browser\performance_manager\policies\page_discarding_helper.cc:139] Discarding multiple pages with target (kb): 0, discard_protected_tabs: 0
[15124:15128:0607/134651.840:WARNING:chrome\browser\performance_manager\policies\page_discarding_helper.cc:139] Discarding multiple pages with target (kb): 0, discard_protected_tabs: 0
[15124:15128:0607/134656.859:WARNING:chrome\browser\performance_manager\policies\page_discarding_helper.cc:139] Discarding multiple pages with target (kb): 0, discard_protected_tabs: 0
[15124:15128:0607/134701.880:WARNING:chrome\browser\performance_manager\policies\page_discarding_helper.cc:139] Discarding multiple pages with target (kb): 0, discard_protected_tabs: 0
[15124:15128:0607/134706.900:WARNING:chrome\browser\performance_manager\policies\page_discarding_helper.cc:139] Discarding multiple pages with target (kb): 0, discard_protected_tabs: 0
[15124:15128:0607/134711.903:WARNING:chrome\browser\performance_manager\policies\page_discarding_helper.cc:139] Discarding multiple pages with target (kb): 0, discard_protected_tabs: 0
[15124:15128:0607/134716.920:WARNING:chrome\browser\performance_manager\policies\page_discarding_helper.cc:139] Discarding multiple pages with target (kb): 0, discard_protected_tabs: 0
[15124:15128:0607/134721.939:WARNING:chrome\browser\performance_manager\policies\page_discarding_helper.cc:139] Discarding multiple pages with target (kb): 0, discard_protected_tabs: 0
[15124:15128:0607/134726.939:WARNING:chrome\browser\performance_manager\policies\page_discarding_helper.cc:139] Discarding multiple pages with target (kb): 0, discard_protected_tabs: 0
[15124:15128:0607/134731.959:WARNING:chrome\browser\performance_manager\policies\page_discarding_helper.cc:139] Discarding multiple pages with target (kb): 0, discard_protected_tabs: 0
[15124:15128:0607/134736.981:WARNING:chrome\browser\performance_manager\policies\page_discarding_helper.cc:139] Discarding multiple pages with target (kb): 0, discard_protected_tabs: 0
[15124:15128:0607/134741.999:WARNING:chrome\browser\performance_manager\policies\page_discarding_helper.cc:139] Discarding multiple pages with target (kb): 0, discard_protected_tabs: 0
[15124:15128:0607/134747.019:WARNING:chrome\browser\performance_manager\policies\page_discarding_helper.cc:139] Discarding multiple pages with target (kb): 0, discard_protected_tabs: 0
[15124:15128:0607/134752.040:WARNING:chrome\browser\performance_manager\policies\page_discarding_helper.cc:139] Discarding multiple pages with target (kb): 0, discard_protected_tabs: 0
[15124:15128:0607/134757.059:WARNING:chrome\browser\performance_manager\policies\page_discarding_helper.cc:139] Discarding multiple pages with target (kb): 0, discard_protected_tabs: 0
[15124:15128:0607/134802.079:WARNING:chrome\browser\performance_manager\policies\page_discarding_helper.cc:139] Discarding multiple pages with target (kb): 0, discard_protected_tabs: 0
[15124:15128:0607/134807.099:WARNING:chrome\browser\performance_manager\policies\page_discarding_helper.cc:139] Discarding multiple pages with target (kb): 0, discard_protected_tabs: 0
[15124:15128:0607/134812.119:WARNING:chrome\browser\performance_manager\policies\page_discarding_helper.cc:139] Discarding multiple pages with target (kb): 0, discard_protected_tabs: 0
[15124:15128:0607/134817.121:WARNING:chrome\browser\performance_manager\policies\page_discarding_helper.cc:139] Discarding multiple pages with target (kb): 0, discard_protected_tabs: 0
[15124:15128:0607/134822.140:WARNING:chrome\browser\performance_manager\policies\page_discarding_helper.cc:139] Discarding multiple pages with target (kb): 0, discard_protected_tabs: 0
[15124:15128:0607/134827.159:WARNING:chrome\browser\performance_manager\policies\page_discarding_helper.cc:139] Discarding multiple pages with target (kb): 0, discard_protected_tabs: 0
[15124:15128:0607/134832.179:WARNING:chrome\browser\performance_manager\policies\page_discarding_helper.cc:139] Discarding multiple pages with target (kb): 0, discard_protected_tabs: 0
[15124:15128:0607/134837.205:WARNING:chrome\browser\performance_manager\policies\page_discarding_helper.cc:139] Discarding multiple pages with target (kb): 0, discard_protected_tabs: 0
[15124:15128:0607/134842.219:WARNING:chrome\browser\performance_manager\policies\page_discarding_helper.cc:139] Discarding multiple pages with target (kb): 0, discard_protected_tabs: 0
[15124:15128:0607/134847.239:WARNING:chrome\browser\performance_manager\policies\page_discarding_helper.cc:139] Discarding multiple pages with target (kb): 0, discard_protected_tabs: 0
[15124:15128:0607/134852.260:WARNING:chrome\browser\performance_manager\policies\page_discarding_helper.cc:139] Discarding multiple pages with target (kb): 0, discard_protected_tabs: 0
[15124:15128:0607/135022.440:WARNING:chrome\browser\performance_manager\policies\page_discarding_helper.cc:139] Discarding multiple pages with target (kb): 0, discard_protected_tabs: 0
[15124:15128:0607/135027.440:WARNING:chrome\browser\performance_manager\policies\page_discarding_helper.cc:139] Discarding multiple pages with target (kb): 0, discard_protected_tabs: 0
[15124:15128:0607/135032.459:WARNING:chrome\browser\performance_manager\policies\page_discarding_helper.cc:139] Discarding multiple pages with target (kb): 0, discard_protected_tabs: 0
[15124:15128:0607/135037.459:WARNING:chrome\browser\performance_manager\policies\page_discarding_helper.cc:139] Discarding multiple pages with target (kb): 0, discard_protected_tabs: 0
[15124:15128:0607/135042.480:WARNING:chrome\browser\performance_manager\policies\page_discarding_helper.cc:139] Discarding multiple pages with target (kb): 0, discard_protected_tabs: 0
[15124:15128:0607/135047.506:WARNING:chrome\browser\performance_manager\policies\page_discarding_helper.cc:139] Discarding multiple pages with target (kb): 0, discard_protected_tabs: 0
[15124:15128:0607/135052.519:WARNING:chrome\browser\performance_manager\policies\page_discarding_helper.cc:139] Discarding multiple pages with target (kb): 0, discard_protected_tabs: 0
[15124:15128:0607/135057.519:WARNING:chrome\browser\performance_manager\policies\page_discarding_helper.cc:139] Discarding multiple pages with target (kb): 0, discard_protected_tabs: 0
[15124:15128:0607/135102.541:WARNING:chrome\browser\performance_manager\policies\page_discarding_helper.cc:139] Discarding multiple pages with target (kb): 0, discard_protected_tabs: 0
[15124:15128:0607/135107.560:WARNING:chrome\browser\performance_manager\policies\page_discarding_helper.cc:139] Discarding multiple pages with target (kb): 0, discard_protected_tabs: 0
[15124:15128:0607/135112.560:WARNING:chrome\browser\performance_manager\policies\page_discarding_helper.cc:139] Discarding multiple pages with target (kb): 0, discard_protected_tabs: 0
[15124:15128:0607/135117.579:WARNING:chrome\browser\performance_manager\policies\page_discarding_helper.cc:139] Discarding multiple pages with target (kb): 0, discard_protected_tabs: 0
[15124:15128:0607/135122.579:WARNING:chrome\browser\performance_manager\policies\page_discarding_helper.cc:139] Discarding multiple pages with target (kb): 0, discard_protected_tabs: 0
[15124:15128:0607/135127.580:WARNING:chrome\browser\performance_manager\policies\page_discarding_helper.cc:139] Discarding multiple pages with target (kb): 0, discard_protected_tabs: 0
[15124:15128:0607/135132.599:WARNING:chrome\browser\performance_manager\policies\page_discarding_helper.cc:139] Discarding multiple pages with target (kb): 0, discard_protected_tabs: 0
[15124:15128:0607/135137.599:WARNING:chrome\browser\performance_manager\policies\page_discarding_helper.cc:139] Discarding multiple pages with target (kb): 0, discard_protected_tabs: 0
[15124:15128:0607/135142.599:WARNING:chrome\browser\performance_manager\policies\page_discarding_helper.cc:139] Discarding multiple pages with target (kb): 0, discard_protected_tabs: 0
[15124:15128:0607/135147.599:WARNING:chrome\browser\performance_manager\policies\page_discarding_helper.cc:139] Discarding multiple pages with target (kb): 0, discard_protected_tabs: 0
[15124:15128:0607/135152.622:WARNING:chrome\browser\performance_manager\policies\page_discarding_helper.cc:139] Discarding multiple pages with target (kb): 0, discard_protected_tabs: 0
[15124:15128:0607/135157.639:WARNING:chrome\browser\performance_manager\policies\page_discarding_helper.cc:139] Discarding multiple pages with target (kb): 0, discard_protected_tabs: 0
[15124:15128:0607/135202.659:WARNING:chrome\browser\performance_manager\policies\page_discarding_helper.cc:139] Discarding multiple pages with target (kb): 0, discard_protected_tabs: 0
[15124:15128:0607/135207.659:WARNING:chrome\browser\performance_manager\policies\page_discarding_helper.cc:139] Discarding multiple pages with target (kb): 0, discard_protected_tabs: 0
[15124:15128:0607/135212.660:WARNING:chrome\browser\performance_manager\policies\page_discarding_helper.cc:139] Discarding multiple pages with target (kb): 0, discard_protected_tabs: 0
[15124:15128:0607/135217.660:WARNING:chrome\browser\performance_manager\policies\page_discarding_helper.cc:139] Discarding multiple pages with target (kb): 0, discard_protected_tabs: 0
[15124:15128:0607/135222.679:WARNING:chrome\browser\performance_manager\policies\page_discarding_helper.cc:139] Discarding multiple pages with target (kb): 0, discard_protected_tabs: 0
[15124:15128:0607/135227.679:WARNING:chrome\browser\performance_manager\policies\page_discarding_helper.cc:139] Discarding multiple pages with target (kb): 0, discard_protected_tabs: 0
[15124:15128:0607/135232.700:WARNING:chrome\browser\performance_manager\policies\page_discarding_helper.cc:139] Discarding multiple pages with target (kb): 0, discard_protected_tabs: 0
[15124:15128:0607/135237.719:WARNING:chrome\browser\performance_manager\policies\page_discarding_helper.cc:139] Discarding multiple pages with target (kb): 0, discard_protected_tabs: 0
[15124:15128:0607/135242.721:WARNING:chrome\browser\performance_manager\policies\page_discarding_helper.cc:139] Discarding multiple pages with target (kb): 0, discard_protected_tabs: 0
[15124:15128:0607/135247.739:WARNING:chrome\browser\performance_manager\policies\page_discarding_helper.cc:139] Discarding multiple pages with target (kb): 0, discard_protected_tabs: 0
[15124:15128:0607/135252.759:WARNING:chrome\browser\performance_manager\policies\page_discarding_helper.cc:139] Discarding multiple pages with target (kb): 0, discard_protected_tabs: 0
[15124:15128:0607/135257.779:WARNING:chrome\browser\performance_manager\policies\page_discarding_helper.cc:139] Discarding multiple pages with target (kb): 0, discard_protected_tabs: 0
[15124:15128:0607/135302.779:WARNING:chrome\browser\performance_manager\policies\page_discarding_helper.cc:139] Discarding multiple pages with target (kb): 0, discard_protected_tabs: 0
[15124:15128:0607/141451.140:WARNING:chrome\browser\performance_manager\policies\page_discarding_helper.cc:139] Discarding multiple pages with target (kb): 0, discard_protected_tabs: 0
[15124:15128:0607/141456.160:WARNING:chrome\browser\performance_manager\policies\page_discarding_helper.cc:139] Discarding multiple pages with target (kb): 0, discard_protected_tabs: 0
[15124:15128:0607/141501.179:WARNING:chrome\browser\performance_manager\policies\page_discarding_helper.cc:139] Discarding multiple pages with target (kb): 0, discard_protected_tabs: 0
[15124:15128:0607/141511.200:WARNING:chrome\browser\performance_manager\policies\page_discarding_helper.cc:139] Discarding multiple pages with target (kb): 0, discard_protected_tabs: 0
[15124:15128:0607/141516.220:WARNING:chrome\browser\performance_manager\policies\page_discarding_helper.cc:139] Discarding multiple pages with target (kb): 0, discard_protected_tabs: 0
[15124:15128:0607/141521.239:WARNING:chrome\browser\performance_manager\policies\page_discarding_helper.cc:139] Discarding multiple pages with target (kb): 0, discard_protected_tabs: 0
[15124:15128:0607/141526.259:WARNING:chrome\browser\performance_manager\policies\page_discarding_helper.cc:139] Discarding multiple pages with target (kb): 0, discard_protected_tabs: 0
[15124:15128:0607/141541.281:WARNING:chrome\browser\performance_manager\policies\page_discarding_helper.cc:139] Discarding multiple pages with target (kb): 0, discard_protected_tabs: 0
[15124:15128:0607/141546.299:WARNING:chrome\browser\performance_manager\policies\page_discarding_helper.cc:139] Discarding multiple pages with target (kb): 0, discard_protected_tabs: 0
[15124:15128:0607/141551.300:WARNING:chrome\browser\performance_manager\policies\page_discarding_helper.cc:139] Discarding multiple pages with target (kb): 0, discard_protected_tabs: 0
[15124:15128:0607/141556.319:WARNING:chrome\browser\performance_manager\policies\page_discarding_helper.cc:139] Discarding multiple pages with target (kb): 0, discard_protected_tabs: 0
[15124:15128:0607/141601.343:WARNING:chrome\browser\performance_manager\policies\page_discarding_helper.cc:139] Discarding multiple pages with target (kb): 0, discard_protected_tabs: 0
[15124:15128:0607/141606.359:WARNING:chrome\browser\performance_manager\policies\page_discarding_helper.cc:139] Discarding multiple pages with target (kb): 0, discard_protected_tabs: 0
[15124:15128:0607/141611.360:WARNING:chrome\browser\performance_manager\policies\page_discarding_helper.cc:139] Discarding multiple pages with target (kb): 0, discard_protected_tabs: 0
[15124:15128:0607/141616.379:WARNING:chrome\browser\performance_manager\policies\page_discarding_helper.cc:139] Discarding multiple pages with target (kb): 0, discard_protected_tabs: 0
[15124:15128:0607/141621.400:WARNING:chrome\browser\performance_manager\policies\page_discarding_helper.cc:139] Discarding multiple pages with target (kb): 0, discard_protected_tabs: 0
[15124:15128:0607/141626.419:WARNING:chrome\browser\performance_manager\policies\page_discarding_helper.cc:139] Discarding multiple pages with target (kb): 0, discard_protected_tabs: 0
[15124:15128:0607/141631.439:WARNING:chrome\browser\performance_manager\policies\page_discarding_helper.cc:139] Discarding multiple pages with target (kb): 0, discard_protected_tabs: 0
[15124:15128:0607/141636.439:WARNING:chrome\browser\performance_manager\policies\page_discarding_helper.cc:139] Discarding multiple pages with target (kb): 0, discard_protected_tabs: 0
[15124:15128:0607/141641.459:WARNING:chrome\browser\performance_manager\policies\page_discarding_helper.cc:139] Discarding multiple pages with target (kb): 0, discard_protected_tabs: 0
[15124:15128:0607/141646.479:WARNING:chrome\browser\performance_manager\policies\page_discarding_helper.cc:139] Discarding multiple pages with target (kb): 0, discard_protected_tabs: 0
[15124:15128:0607/141651.479:WARNING:chrome\browser\performance_manager\policies\page_discarding_helper.cc:139] Discarding multiple pages with target (kb): 0, discard_protected_tabs: 0
[15124:15128:0607/141656.479:WARNING:chrome\browser\performance_manager\policies\page_discarding_helper.cc:139] Discarding multiple pages with target (kb): 0, discard_protected_tabs: 0
[15124:15128:0607/141701.499:WARNING:chrome\browser\performance_manager\policies\page_discarding_helper.cc:139] Discarding multiple pages with target (kb): 0, discard_protected_tabs: 0
[15124:15128:0607/141706.499:WARNING:chrome\browser\performance_manager\policies\page_discarding_helper.cc:139] Discarding multiple pages with target (kb): 0, discard_protected_tabs: 0
[15124:15128:0607/141711.500:WARNING:chrome\browser\performance_manager\policies\page_discarding_helper.cc:139] Discarding multiple pages with target (kb): 0, discard_protected_tabs: 0
[15124:15128:0607/141716.500:WARNING:chrome\browser\performance_manager\policies\page_discarding_helper.cc:139] Discarding multiple pages with target (kb): 0, discard_protected_tabs: 0
[15124:15128:0607/141721.519:WARNING:chrome\browser\performance_manager\policies\page_discarding_helper.cc:139] Discarding multiple pages with target (kb): 0, discard_protected_tabs: 0
[15124:15128:0607/141726.519:WARNING:chrome\browser\performance_manager\policies\page_discarding_helper.cc:139] Discarding multiple pages with target (kb): 0, discard_protected_tabs: 0
[15124:15128:0607/141731.541:WARNING:chrome\browser\performance_manager\policies\page_discarding_helper.cc:139] Discarding multiple pages with target (kb): 0, discard_protected_tabs: 0
[15124:15128:0607/141736.559:WARNING:chrome\browser\performance_manager\policies\page_discarding_helper.cc:139] Discarding multiple pages with target (kb): 0, discard_protected_tabs: 0
[15124:15128:0607/141741.559:WARNING:chrome\browser\performance_manager\policies\page_discarding_helper.cc:139] Discarding multiple pages with target (kb): 0, discard_protected_tabs: 0
[15124:15128:0607/141746.579:WARNING:chrome\browser\performance_manager\policies\page_discarding_helper.cc:139] Discarding multiple pages with target (kb): 0, discard_protected_tabs: 0
[15124:15128:0607/141751.580:WARNING:chrome\browser\performance_manager\policies\page_discarding_helper.cc:139] Discarding multiple pages with target (kb): 0, discard_protected_tabs: 0
[15124:15128:0607/141756.600:WARNING:chrome\browser\performance_manager\policies\page_discarding_helper.cc:139] Discarding multiple pages with target (kb): 0, discard_protected_tabs: 0
[15124:15128:0607/141801.620:WARNING:chrome\browser\performance_manager\policies\page_discarding_helper.cc:139] Discarding multiple pages with target (kb): 0, discard_protected_tabs: 0
[15124:15128:0607/141806.640:WARNING:chrome\browser\performance_manager\policies\page_discarding_helper.cc:139] Discarding multiple pages with target (kb): 0, discard_protected_tabs: 0
[15124:15128:0607/141811.659:WARNING:chrome\browser\performance_manager\policies\page_discarding_helper.cc:139] Discarding multiple pages with target (kb): 0, discard_protected_tabs: 0
[15124:15128:0607/141816.659:WARNING:chrome\browser\performance_manager\policies\page_discarding_helper.cc:139] Discarding multiple pages with target (kb): 0, discard_protected_tabs: 0
[15124:15128:0607/141821.660:WARNING:chrome\browser\performance_manager\policies\page_discarding_helper.cc:139] Discarding multiple pages with target (kb): 0, discard_protected_tabs: 0
[15124:15128:0607/155110.080:WARNING:chrome\browser\performance_manager\policies\page_discarding_helper.cc:139] Discarding multiple pages with target (kb): 0, discard_protected_tabs: 0
[15124:15128:0607/161408.621:WARNING:chrome\browser\performance_manager\policies\page_discarding_helper.cc:139] Discarding multiple pages with target (kb): 0, discard_protected_tabs: 0
[15124:15128:0607/161413.639:WARNING:chrome\browser\performance_manager\policies\page_discarding_helper.cc:139] Discarding multiple pages with target (kb): 0, discard_protected_tabs: 0
[15124:15128:0607/161418.660:WARNING:chrome\browser\performance_manager\policies\page_discarding_helper.cc:139] Discarding multiple pages with target (kb): 0, discard_protected_tabs: 0
[15124:15128:0607/161423.679:WARNING:chrome\browser\performance_manager\policies\page_discarding_helper.cc:139] Discarding multiple pages with target (kb): 0, discard_protected_tabs: 0
[15124:15128:0607/161428.701:WARNING:chrome\browser\performance_manager\policies\page_discarding_helper.cc:139] Discarding multiple pages with target (kb): 0, discard_protected_tabs: 0
[15124:15128:0607/161433.719:WARNING:chrome\browser\performance_manager\policies\page_discarding_helper.cc:139] Discarding multiple pages with target (kb): 0, discard_protected_tabs: 0
[15124:15128:0607/161443.739:WARNING:chrome\browser\performance_manager\policies\page_discarding_helper.cc:139] Discarding multiple pages with target (kb): 0, discard_protected_tabs: 0
[15124:15128:0607/161448.740:WARNING:chrome\browser\performance_manager\policies\page_discarding_helper.cc:139] Discarding multiple pages with target (kb): 0, discard_protected_tabs: 0
[15124:15128:0607/161458.759:WARNING:chrome\browser\performance_manager\policies\page_discarding_helper.cc:139] Discarding multiple pages with target (kb): 0, discard_protected_tabs: 0
[15124:15128:0607/161503.762:WARNING:chrome\browser\performance_manager\policies\page_discarding_helper.cc:139] Discarding multiple pages with target (kb): 0, discard_protected_tabs: 0
[15124:15128:0607/161508.781:WARNING:chrome\browser\performance_manager\policies\page_discarding_helper.cc:139] Discarding multiple pages with target (kb): 0, discard_protected_tabs: 0
[15124:15128:0607/161513.800:WARNING:chrome\browser\performance_manager\policies\page_discarding_helper.cc:139] Discarding multiple pages with target (kb): 0, discard_protected_tabs: 0
[15124:15128:0607/161518.819:WARNING:chrome\browser\performance_manager\policies\page_discarding_helper.cc:139] Discarding multiple pages with target (kb): 0, discard_protected_tabs: 0
[15124:15128:0607/161523.821:WARNING:chrome\browser\performance_manager\policies\page_discarding_helper.cc:139] Discarding multiple pages with target (kb): 0, discard_protected_tabs: 0
[15124:15128:0607/161528.839:WARNING:chrome\browser\performance_manager\policies\page_discarding_helper.cc:139] Discarding multiple pages with target (kb): 0, discard_protected_tabs: 0
[15124:15128:0607/161618.940:WARNING:chrome\browser\performance_manager\policies\page_discarding_helper.cc:139] Discarding multiple pages with target (kb): 0, discard_protected_tabs: 0
[15124:15128:0607/161623.959:WARNING:chrome\browser\performance_manager\policies\page_discarding_helper.cc:139] Discarding multiple pages with target (kb): 0, discard_protected_tabs: 0
[15124:15128:0607/161628.959:WARNING:chrome\browser\performance_manager\policies\page_discarding_helper.cc:139] Discarding multiple pages with target (kb): 0, discard_protected_tabs: 0
[15124:15128:0607/164913.539:WARNING:chrome\browser\performance_manager\policies\page_discarding_helper.cc:139] Discarding multiple pages with target (kb): 0, discard_protected_tabs: 0
[15124:15128:0607/164918.539:WARNING:chrome\browser\performance_manager\policies\page_discarding_helper.cc:139] Discarding multiple pages with target (kb): 0, discard_protected_tabs: 0
[15124:15128:0607/164933.579:WARNING:chrome\browser\performance_manager\policies\page_discarding_helper.cc:139] Discarding multiple pages with target (kb): 0, discard_protected_tabs: 0
[15124:15128:0607/164943.620:WARNING:chrome\browser\performance_manager\policies\page_discarding_helper.cc:139] Discarding multiple pages with target (kb): 0, discard_protected_tabs: 0
[15124:15128:0607/164948.640:WARNING:chrome\browser\performance_manager\policies\page_discarding_helper.cc:139] Discarding multiple pages with target (kb): 0, discard_protected_tabs: 0
[15124:15128:0607/164953.659:WARNING:chrome\browser\performance_manager\policies\page_discarding_helper.cc:139] Discarding multiple pages with target (kb): 0, discard_protected_tabs: 0
[15124:15128:0607/164958.679:WARNING:chrome\browser\performance_manager\policies\page_discarding_helper.cc:139] Discarding multiple pages with target (kb): 0, discard_protected_tabs: 0
[15124:15128:0607/165003.699:WARNING:chrome\browser\performance_manager\policies\page_discarding_helper.cc:139] Discarding multiple pages with target (kb): 0, discard_protected_tabs: 0
[15124:15128:0607/165008.700:WARNING:chrome\browser\performance_manager\policies\page_discarding_helper.cc:139] Discarding multiple pages with target (kb): 0, discard_protected_tabs: 0
[15124:15128:0607/165013.700:WARNING:chrome\browser\performance_manager\policies\page_discarding_helper.cc:139] Discarding multiple pages with target (kb): 0, discard_protected_tabs: 0
[15124:15128:0607/165018.720:WARNING:chrome\browser\performance_manager\policies\page_discarding_helper.cc:139] Discarding multiple pages with target (kb): 0, discard_protected_tabs: 0
[15124:15128:0607/165023.739:WARNING:chrome\browser\performance_manager\policies\page_discarding_helper.cc:139] Discarding multiple pages with target (kb): 0, discard_protected_tabs: 0
[15124:15128:0607/165028.740:WARNING:chrome\browser\performance_manager\policies\page_discarding_helper.cc:139] Discarding multiple pages with target (kb): 0, discard_protected_tabs: 0
[15124:15128:0607/165033.759:WARNING:chrome\browser\performance_manager\policies\page_discarding_helper.cc:139] Discarding multiple pages with target (kb): 0, discard_protected_tabs: 0
[15124:15128:0607/165038.759:WARNING:chrome\browser\performance_manager\policies\page_discarding_helper.cc:139] Discarding multiple pages with target (kb): 0, discard_protected_tabs: 0
[15124:15128:0607/165043.779:WARNING:chrome\browser\performance_manager\policies\page_discarding_helper.cc:139] Discarding multiple pages with target (kb): 0, discard_protected_tabs: 0
[15124:15128:0607/165048.780:WARNING:chrome\browser\performance_manager\policies\page_discarding_helper.cc:139] Discarding multiple pages with target (kb): 0, discard_protected_tabs: 0
[15124:15128:0607/165053.799:WARNING:chrome\browser\performance_manager\policies\page_discarding_helper.cc:139] Discarding multiple pages with target (kb): 0, discard_protected_tabs: 0
[15124:15128:0607/165058.819:WARNING:chrome\browser\performance_manager\policies\page_discarding_helper.cc:139] Discarding multiple pages with target (kb): 0, discard_protected_tabs: 0
[15124:15128:0607/165103.820:WARNING:chrome\browser\performance_manager\policies\page_discarding_helper.cc:139] Discarding multiple pages with target (kb): 0, discard_protected_tabs: 0
[15124:15128:0607/165108.820:WARNING:chrome\browser\performance_manager\policies\page_discarding_helper.cc:139] Discarding multiple pages with target (kb): 0, discard_protected_tabs: 0
[15124:15128:0607/165113.839:WARNING:chrome\browser\performance_manager\policies\page_discarding_helper.cc:139] Discarding multiple pages with target (kb): 0, discard_protected_tabs: 0
[15124:15128:0607/165118.839:WARNING:chrome\browser\performance_manager\policies\page_discarding_helper.cc:139] Discarding multiple pages with target (kb): 0, discard_protected_tabs: 0
[15124:15128:0607/165123.859:WARNING:chrome\browser\performance_manager\policies\page_discarding_helper.cc:139] Discarding multiple pages with target (kb): 0, discard_protected_tabs: 0
[15124:15128:0607/165128.879:WARNING:chrome\browser\performance_manager\policies\page_discarding_helper.cc:139] Discarding multiple pages with target (kb): 0, discard_protected_tabs: 0
[15124:15128:0607/165133.899:WARNING:chrome\browser\performance_manager\policies\page_discarding_helper.cc:139] Discarding multiple pages with target (kb): 0, discard_protected_tabs: 0
[15124:15128:0607/165138.900:WARNING:chrome\browser\performance_manager\policies\page_discarding_helper.cc:139] Discarding multiple pages with target (kb): 0, discard_protected_tabs: 0
[15124:15128:0607/165143.919:WARNING:chrome\browser\performance_manager\policies\page_discarding_helper.cc:139] Discarding multiple pages with target (kb): 0, discard_protected_tabs: 0
[15124:15128:0607/165148.920:WARNING:chrome\browser\performance_manager\policies\page_discarding_helper.cc:139] Discarding multiple pages with target (kb): 0, discard_protected_tabs: 0
[15124:15128:0607/165158.939:WARNING:chrome\browser\performance_manager\policies\page_discarding_helper.cc:139] Discarding multiple pages with target (kb): 0, discard_protected_tabs: 0
[15124:15128:0607/165203.959:WARNING:chrome\browser\performance_manager\policies\page_discarding_helper.cc:139] Discarding multiple pages with target (kb): 0, discard_protected_tabs: 0
[15124:15128:0607/165208.959:WARNING:chrome\browser\performance_manager\policies\page_discarding_helper.cc:139] Discarding multiple pages with target (kb): 0, discard_protected_tabs: 0
[15124:15128:0607/165213.960:WARNING:chrome\browser\performance_manager\policies\page_discarding_helper.cc:139] Discarding multiple pages with target (kb): 0, discard_protected_tabs: 0
[15124:15128:0607/165218.980:WARNING:chrome\browser\performance_manager\policies\page_discarding_helper.cc:139] Discarding multiple pages with target (kb): 0, discard_protected_tabs: 0
[15124:15128:0607/174015.880:WARNING:chrome\browser\performance_manager\policies\page_discarding_helper.cc:139] Discarding multiple pages with target (kb): 0, discard_protected_tabs: 0
[15124:15128:0607/174020.900:WARNING:chrome\browser\performance_manager\policies\page_discarding_helper.cc:139] Discarding multiple pages with target (kb): 0, discard_protected_tabs: 0
[15124:15128:0607/174025.900:WARNING:chrome\browser\performance_manager\policies\page_discarding_helper.cc:139] Discarding multiple pages with target (kb): 0, discard_protected_tabs: 0
[15124:15128:0607/174030.920:WARNING:chrome\browser\performance_manager\policies\page_discarding_helper.cc:139] Discarding multiple pages with target (kb): 0, discard_protected_tabs: 0
[15124:15128:0607/174035.920:WARNING:chrome\browser\performance_manager\policies\page_discarding_helper.cc:139] Discarding multiple pages with target (kb): 0, discard_protected_tabs: 0
[15124:15128:0607/174100.979:WARNING:chrome\browser\performance_manager\policies\page_discarding_helper.cc:139] Discarding multiple pages with target (kb): 0, discard_protected_tabs: 0
[15124:15128:0607/174105.980:WARNING:chrome\browser\performance_manager\policies\page_discarding_helper.cc:139] Discarding multiple pages with target (kb): 0, discard_protected_tabs: 0
[15124:15128:0607/174111.000:WARNING:chrome\browser\performance_manager\policies\page_discarding_helper.cc:139] Discarding multiple pages with target (kb): 0, discard_protected_tabs: 0
[15124:15128:0607/174116.020:WARNING:chrome\browser\performance_manager\policies\page_discarding_helper.cc:139] Discarding multiple pages with target (kb): 0, discard_protected_tabs: 0
[15124:15128:0607/174121.039:WARNING:chrome\browser\performance_manager\policies\page_discarding_helper.cc:139] Discarding multiple pages with target (kb): 0, discard_protected_tabs: 0
[15124:15128:0607/174126.040:WARNING:chrome\browser\performance_manager\policies\page_discarding_helper.cc:139] Discarding multiple pages with target (kb): 0, discard_protected_tabs: 0
[15124:15128:0607/174131.059:WARNING:chrome\browser\performance_manager\policies\page_discarding_helper.cc:139] Discarding multiple pages with target (kb): 0, discard_protected_tabs: 0
[15124:15128:0607/174136.080:WARNING:chrome\browser\performance_manager\policies\page_discarding_helper.cc:139] Discarding multiple pages with target (kb): 0, discard_protected_tabs: 0
[15124:15128:0607/174201.159:WARNING:chrome\browser\performance_manager\policies\page_discarding_helper.cc:139] Discarding multiple pages with target (kb): 0, discard_protected_tabs: 0
[15124:15128:0607/174231.239:WARNING:chrome\browser\performance_manager\policies\page_discarding_helper.cc:139] Discarding multiple pages with target (kb): 0, discard_protected_tabs: 0
[15124:15128:0607/174256.299:WARNING:chrome\browser\performance_manager\policies\page_discarding_helper.cc:139] Discarding multiple pages with target (kb): 0, discard_protected_tabs: 0
[15124:15128:0607/174301.300:WARNING:chrome\browser\performance_manager\policies\page_discarding_helper.cc:139] Discarding multiple pages with target (kb): 0, discard_protected_tabs: 0
[15124:15128:0607/174316.339:WARNING:chrome\browser\performance_manager\policies\page_discarding_helper.cc:139] Discarding multiple pages with target (kb): 0, discard_protected_tabs: 0
[15124:15128:0607/174346.439:WARNING:chrome\browser\performance_manager\policies\page_discarding_helper.cc:139] Discarding multiple pages with target (kb): 0, discard_protected_tabs: 0
[15124:15128:0607/174351.459:WARNING:chrome\browser\performance_manager\policies\page_discarding_helper.cc:139] Discarding multiple pages with target (kb): 0, discard_protected_tabs: 0
[15124:15128:0607/174356.460:WARNING:chrome\browser\performance_manager\policies\page_discarding_helper.cc:139] Discarding multiple pages with target (kb): 0, discard_protected_tabs: 0
[15124:15128:0607/174401.480:WARNING:chrome\browser\performance_manager\policies\page_discarding_helper.cc:139] Discarding multiple pages with target (kb): 0, discard_protected_tabs: 0
[15124:15128:0607/174406.499:WARNING:chrome\browser\performance_manager\policies\page_discarding_helper.cc:139] Discarding multiple pages with target (kb): 0, discard_protected_tabs: 0
[15124:15128:0607/174411.500:WARNING:chrome\browser\performance_manager\policies\page_discarding_helper.cc:139] Discarding multiple pages with target (kb): 0, discard_protected_tabs: 0
[15124:15128:0607/174416.519:WARNING:chrome\browser\performance_manager\policies\page_discarding_helper.cc:139] Discarding multiple pages with target (kb): 0, discard_protected_tabs: 0
[15124:15128:0607/174421.540:WARNING:chrome\browser\performance_manager\policies\page_discarding_helper.cc:139] Discarding multiple pages with target (kb): 0, discard_protected_tabs: 0
[15124:15128:0607/174426.560:WARNING:chrome\browser\performance_manager\policies\page_discarding_helper.cc:139] Discarding multiple pages with target (kb): 0, discard_protected_tabs: 0
[15124:15128:0607/174431.579:WARNING:chrome\browser\performance_manager\policies\page_discarding_helper.cc:139] Discarding multiple pages with target (kb): 0, discard_protected_tabs: 0
[15124:15128:0607/174436.580:WARNING:chrome\browser\performance_manager\policies\page_discarding_helper.cc:139] Discarding multiple pages with target (kb): 0, discard_protected_tabs: 0
[15124:15128:0607/174441.599:WARNING:chrome\browser\performance_manager\policies\page_discarding_helper.cc:139] Discarding multiple pages with target (kb): 0, discard_protected_tabs: 0
[15124:15128:0607/174446.620:WARNING:chrome\browser\performance_manager\policies\page_discarding_helper.cc:139] Discarding multiple pages with target (kb): 0, discard_protected_tabs: 0
[15124:15128:0607/174451.620:WARNING:chrome\browser\performance_manager\policies\page_discarding_helper.cc:139] Discarding multiple pages with target (kb): 0, discard_protected_tabs: 0
[15124:15128:0607/174726.999:WARNING:chrome\browser\performance_manager\policies\page_discarding_helper.cc:139] Discarding multiple pages with target (kb): 0, discard_protected_tabs: 0
[15124:15128:0607/174732.000:WARNING:chrome\browser\performance_manager\policies\page_discarding_helper.cc:139] Discarding multiple pages with target (kb): 0, discard_protected_tabs: 0
[15124:15128:0607/174737.019:WARNING:chrome\browser\performance_manager\policies\page_discarding_helper.cc:139] Discarding multiple pages with target (kb): 0, discard_protected_tabs: 0
[15124:15128:0607/174742.040:WARNING:chrome\browser\performance_manager\policies\page_discarding_helper.cc:139] Discarding multiple pages with target (kb): 0, discard_protected_tabs: 0
[15124:15128:0607/174747.040:WARNING:chrome\browser\performance_manager\policies\page_discarding_helper.cc:139] Discarding multiple pages with target (kb): 0, discard_protected_tabs: 0
[15124:15128:0607/174752.040:WARNING:chrome\browser\performance_manager\policies\page_discarding_helper.cc:139] Discarding multiple pages with target (kb): 0, discard_protected_tabs: 0
[15124:15128:0607/174757.059:WARNING:chrome\browser\performance_manager\policies\page_discarding_helper.cc:139] Discarding multiple pages with target (kb): 0, discard_protected_tabs: 0
[15124:15128:0607/174802.060:WARNING:chrome\browser\performance_manager\policies\page_discarding_helper.cc:139] Discarding multiple pages with target (kb): 0, discard_protected_tabs: 0
[15124:15128:0607/174807.079:WARNING:chrome\browser\performance_manager\policies\page_discarding_helper.cc:139] Discarding multiple pages with target (kb): 0, discard_protected_tabs: 0
[15124:15128:0607/174812.099:WARNING:chrome\browser\performance_manager\policies\page_discarding_helper.cc:139] Discarding multiple pages with target (kb): 0, discard_protected_tabs: 0
[15124:15128:0607/174817.100:WARNING:chrome\browser\performance_manager\policies\page_discarding_helper.cc:139] Discarding multiple pages with target (kb): 0, discard_protected_tabs: 0
[15124:15128:0607/174822.120:WARNING:chrome\browser\performance_manager\policies\page_discarding_helper.cc:139] Discarding multiple pages with target (kb): 0, discard_protected_tabs: 0
[15124:15128:0607/174827.120:WARNING:chrome\browser\performance_manager\policies\page_discarding_helper.cc:139] Discarding multiple pages with target (kb): 0, discard_protected_tabs: 0
[15124:15128:0607/174832.140:WARNING:chrome\browser\performance_manager\policies\page_discarding_helper.cc:139] Discarding multiple pages with target (kb): 0, discard_protected_tabs: 0
[15124:15128:0607/174837.159:WARNING:chrome\browser\performance_manager\policies\page_discarding_helper.cc:139] Discarding multiple pages with target (kb): 0, discard_protected_tabs: 0
[15124:15128:0607/174842.160:WARNING:chrome\browser\performance_manager\policies\page_discarding_helper.cc:139] Discarding multiple pages with target (kb): 0, discard_protected_tabs: 0
[15124:15128:0607/174847.180:WARNING:chrome\browser\performance_manager\policies\page_discarding_helper.cc:139] Discarding multiple pages with target (kb): 0, discard_protected_tabs: 0
[15124:15128:0607/174852.199:WARNING:chrome\browser\performance_manager\policies\page_discarding_helper.cc:139] Discarding multiple pages with target (kb): 0, discard_protected_tabs: 0
[15124:15128:0607/174857.200:WARNING:chrome\browser\performance_manager\policies\page_discarding_helper.cc:139] Discarding multiple pages with target (kb): 0, discard_protected_tabs: 0
[15124:15128:0607/174902.219:WARNING:chrome\browser\performance_manager\policies\page_discarding_helper.cc:139] Discarding multiple pages with target (kb): 0, discard_protected_tabs: 0
[15124:15128:0607/174907.239:WARNING:chrome\browser\performance_manager\policies\page_discarding_helper.cc:139] Discarding multiple pages with target (kb): 0, discard_protected_tabs: 0
[15124:15128:0607/174912.239:WARNING:chrome\browser\performance_manager\policies\page_discarding_helper.cc:139] Discarding multiple pages with target (kb): 0, discard_protected_tabs: 0
[15124:15128:0607/174917.260:WARNING:chrome\browser\performance_manager\policies\page_discarding_helper.cc:139] Discarding multiple pages with target (kb): 0, discard_protected_tabs: 0
[15124:15128:0607/174922.279:WARNING:chrome\browser\performance_manager\policies\page_discarding_helper.cc:139] Discarding multiple pages with target (kb): 0, discard_protected_tabs: 0
[15124:15128:0607/174927.280:WARNING:chrome\browser\performance_manager\policies\page_discarding_helper.cc:139] Discarding multiple pages with target (kb): 0, discard_protected_tabs: 0
[15124:15128:0607/174932.299:WARNING:chrome\browser\performance_manager\policies\page_discarding_helper.cc:139] Discarding multiple pages with target (kb): 0, discard_protected_tabs: 0
[15124:15128:0607/174937.300:WARNING:chrome\browser\performance_manager\policies\page_discarding_helper.cc:139] Discarding multiple pages with target (kb): 0, discard_protected_tabs: 0
[15124:15128:0607/174942.319:WARNING:chrome\browser\performance_manager\policies\page_discarding_helper.cc:139] Discarding multiple pages with target (kb): 0, discard_protected_tabs: 0
[15124:15128:0607/174947.340:WARNING:chrome\browser\performance_manager\policies\page_discarding_helper.cc:139] Discarding multiple pages with target (kb): 0, discard_protected_tabs: 0
[15124:15128:0607/174952.340:WARNING:chrome\browser\performance_manager\policies\page_discarding_helper.cc:139] Discarding multiple pages with target (kb): 0, discard_protected_tabs: 0
[15124:15128:0607/174957.360:WARNING:chrome\browser\performance_manager\policies\page_discarding_helper.cc:139] Discarding multiple pages with target (kb): 0, discard_protected_tabs: 0
[15124:15128:0607/175002.379:WARNING:chrome\browser\performance_manager\policies\page_discarding_helper.cc:139] Discarding multiple pages with target (kb): 0, discard_protected_tabs: 0
[15124:15128:0607/175007.379:WARNING:chrome\browser\performance_manager\policies\page_discarding_helper.cc:139] Discarding multiple pages with target (kb): 0, discard_protected_tabs: 0
[15124:15128:0607/175012.400:WARNING:chrome\browser\performance_manager\policies\page_discarding_helper.cc:139] Discarding multiple pages with target (kb): 0, discard_protected_tabs: 0
[15124:15128:0607/175017.420:WARNING:chrome\browser\performance_manager\policies\page_discarding_helper.cc:139] Discarding multiple pages with target (kb): 0, discard_protected_tabs: 0
[15124:15128:0607/175022.439:WARNING:chrome\browser\performance_manager\policies\page_discarding_helper.cc:139] Discarding multiple pages with target (kb): 0, discard_protected_tabs: 0
[15124:15128:0607/175052.499:WARNING:chrome\browser\performance_manager\policies\page_discarding_helper.cc:139] Discarding multiple pages with target (kb): 0, discard_protected_tabs: 0
[15124:15128:0607/175057.519:WARNING:chrome\browser\performance_manager\policies\page_discarding_helper.cc:139] Discarding multiple pages with target (kb): 0, discard_protected_tabs: 0
[15124:15128:0607/175102.519:WARNING:chrome\browser\performance_manager\policies\page_discarding_helper.cc:139] Discarding multiple pages with target (kb): 0, discard_protected_tabs: 0
[15124:15128:0607/175107.540:WARNING:chrome\browser\performance_manager\policies\page_discarding_helper.cc:139] Discarding multiple pages with target (kb): 0, discard_protected_tabs: 0
[15124:15128:0607/175112.559:WARNING:chrome\browser\performance_manager\policies\page_discarding_helper.cc:139] Discarding multiple pages with target (kb): 0, discard_protected_tabs: 0
[15124:15128:0607/175117.559:WARNING:chrome\browser\performance_manager\policies\page_discarding_helper.cc:139] Discarding multiple pages with target (kb): 0, discard_protected_tabs: 0
[15124:15128:0607/175122.579:WARNING:chrome\browser\performance_manager\policies\page_discarding_helper.cc:139] Discarding multiple pages with target (kb): 0, discard_protected_tabs: 0
[15124:15128:0607/175127.580:WARNING:chrome\browser\performance_manager\policies\page_discarding_helper.cc:139] Discarding multiple pages with target (kb): 0, discard_protected_tabs: 0
[15124:15128:0607/175132.599:WARNING:chrome\browser\performance_manager\policies\page_discarding_helper.cc:139] Discarding multiple pages with target (kb): 0, discard_protected_tabs: 0
[15124:15128:0607/175137.620:WARNING:chrome\browser\performance_manager\policies\page_discarding_helper.cc:139] Discarding multiple pages with target (kb): 0, discard_protected_tabs: 0
[15124:15128:0607/175142.621:WARNING:chrome\browser\performance_manager\policies\page_discarding_helper.cc:139] Discarding multiple pages with target (kb): 0, discard_protected_tabs: 0
[15124:15128:0607/175147.639:WARNING:chrome\browser\performance_manager\policies\page_discarding_helper.cc:139] Discarding multiple pages with target (kb): 0, discard_protected_tabs: 0
[15124:15128:0607/175152.659:WARNING:chrome\browser\performance_manager\policies\page_discarding_helper.cc:139] Discarding multiple pages with target (kb): 0, discard_protected_tabs: 0
[15124:15128:0607/175157.659:WARNING:chrome\browser\performance_manager\policies\page_discarding_helper.cc:139] Discarding multiple pages with target (kb): 0, discard_protected_tabs: 0
[15124:15128:0607/175202.679:WARNING:chrome\browser\performance_manager\policies\page_discarding_helper.cc:139] Discarding multiple pages with target (kb): 0, discard_protected_tabs: 0
[15124:15128:0607/175207.680:WARNING:chrome\browser\performance_manager\policies\page_discarding_helper.cc:139] Discarding multiple pages with target (kb): 0, discard_protected_tabs: 0
[15124:15128:0607/175212.700:WARNING:chrome\browser\performance_manager\policies\page_discarding_helper.cc:139] Discarding multiple pages with target (kb): 0, discard_protected_tabs: 0
[15124:15128:0607/175217.719:WARNING:chrome\browser\performance_manager\policies\page_discarding_helper.cc:139] Discarding multiple pages with target (kb): 0, discard_protected_tabs: 0
[15124:15128:0607/175222.720:WARNING:chrome\browser\performance_manager\policies\page_discarding_helper.cc:139] Discarding multiple pages with target (kb): 0, discard_protected_tabs: 0
[15124:15128:0607/175227.739:WARNING:chrome\browser\performance_manager\policies\page_discarding_helper.cc:139] Discarding multiple pages with target (kb): 0, discard_protected_tabs: 0
[15124:15128:0607/175232.759:WARNING:chrome\browser\performance_manager\policies\page_discarding_helper.cc:139] Discarding multiple pages with target (kb): 0, discard_protected_tabs: 0
[15124:15128:0607/175237.760:WARNING:chrome\browser\performance_manager\policies\page_discarding_helper.cc:139] Discarding multiple pages with target (kb): 0, discard_protected_tabs: 0
[15124:15128:0607/175242.780:WARNING:chrome\browser\performance_manager\policies\page_discarding_helper.cc:139] Discarding multiple pages with target (kb): 0, discard_protected_tabs: 0
[15124:15128:0607/175247.799:WARNING:chrome\browser\performance_manager\policies\page_discarding_helper.cc:139] Discarding multiple pages with target (kb): 0, discard_protected_tabs: 0
[15124:15128:0607/175252.799:WARNING:chrome\browser\performance_manager\policies\page_discarding_helper.cc:139] Discarding multiple pages with target (kb): 0, discard_protected_tabs: 0
[15124:15128:0607/175257.820:WARNING:chrome\browser\performance_manager\policies\page_discarding_helper.cc:139] Discarding multiple pages with target (kb): 0, discard_protected_tabs: 0
[15124:15128:0607/175302.820:WARNING:chrome\browser\performance_manager\policies\page_discarding_helper.cc:139] Discarding multiple pages with target (kb): 0, discard_protected_tabs: 0
[15124:15128:0607/175307.839:WARNING:chrome\browser\performance_manager\policies\page_discarding_helper.cc:139] Discarding multiple pages with target (kb): 0, discard_protected_tabs: 0
[15124:15128:0607/175312.860:WARNING:chrome\browser\performance_manager\policies\page_discarding_helper.cc:139] Discarding multiple pages with target (kb): 0, discard_protected_tabs: 0
[15124:15128:0607/175327.899:WARNING:chrome\browser\performance_manager\policies\page_discarding_helper.cc:139] Discarding multiple pages with target (kb): 0, discard_protected_tabs: 0
[15124:15128:0607/175337.901:WARNING:chrome\browser\performance_manager\policies\page_discarding_helper.cc:139] Discarding multiple pages with target (kb): 0, discard_protected_tabs: 0
[15124:15128:0607/175352.939:WARNING:chrome\browser\performance_manager\policies\page_discarding_helper.cc:139] Discarding multiple pages with target (kb): 0, discard_protected_tabs: 0
[15124:15128:0607/175357.940:WARNING:chrome\browser\performance_manager\policies\page_discarding_helper.cc:139] Discarding multiple pages with target (kb): 0, discard_protected_tabs: 0
[15124:15128:0607/175407.980:WARNING:chrome\browser\performance_manager\policies\page_discarding_helper.cc:139] Discarding multiple pages with target (kb): 0, discard_protected_tabs: 0
[15124:15128:0607/175412.980:WARNING:chrome\browser\performance_manager\policies\page_discarding_helper.cc:139] Discarding multiple pages with target (kb): 0, discard_protected_tabs: 0
[15124:15128:0607/175423.019:WARNING:chrome\browser\performance_manager\policies\page_discarding_helper.cc:139] Discarding multiple pages with target (kb): 0, discard_protected_tabs: 0
[15124:15128:0607/175428.020:WARNING:chrome\browser\performance_manager\policies\page_discarding_helper.cc:139] Discarding multiple pages with target (kb): 0, discard_protected_tabs: 0
[15124:15128:0607/175433.040:WARNING:chrome\browser\performance_manager\policies\page_discarding_helper.cc:139] Discarding multiple pages with target (kb): 0, discard_protected_tabs: 0
[15124:15128:0607/175438.040:WARNING:chrome\browser\performance_manager\policies\page_discarding_helper.cc:139] Discarding multiple pages with target (kb): 0, discard_protected_tabs: 0
[15124:15128:0607/175443.041:WARNING:chrome\browser\performance_manager\policies\page_discarding_helper.cc:139] Discarding multiple pages with target (kb): 0, discard_protected_tabs: 0
[15124:15128:0607/175448.059:WARNING:chrome\browser\performance_manager\policies\page_discarding_helper.cc:139] Discarding multiple pages with target (kb): 0, discard_protected_tabs: 0
[15124:15128:0607/175453.060:WARNING:chrome\browser\performance_manager\policies\page_discarding_helper.cc:139] Discarding multiple pages with target (kb): 0, discard_protected_tabs: 0
[15124:15128:0607/175458.079:WARNING:chrome\browser\performance_manager\policies\page_discarding_helper.cc:139] Discarding multiple pages with target (kb): 0, discard_protected_tabs: 0
[15124:15128:0607/175503.099:WARNING:chrome\browser\performance_manager\policies\page_discarding_helper.cc:139] Discarding multiple pages with target (kb): 0, discard_protected_tabs: 0
[15124:15128:0607/175508.099:WARNING:chrome\browser\performance_manager\policies\page_discarding_helper.cc:139] Discarding multiple pages with target (kb): 0, discard_protected_tabs: 0
[15124:15128:0607/175513.120:WARNING:chrome\browser\performance_manager\policies\page_discarding_helper.cc:139] Discarding multiple pages with target (kb): 0, discard_protected_tabs: 0
[15124:15128:0607/175518.140:WARNING:chrome\browser\performance_manager\policies\page_discarding_helper.cc:139] Discarding multiple pages with target (kb): 0, discard_protected_tabs: 0
[15124:15128:0607/175523.140:WARNING:chrome\browser\performance_manager\policies\page_discarding_helper.cc:139] Discarding multiple pages with target (kb): 0, discard_protected_tabs: 0
[15124:15128:0607/175528.159:WARNING:chrome\browser\performance_manager\policies\page_discarding_helper.cc:139] Discarding multiple pages with target (kb): 0, discard_protected_tabs: 0
[15124:15128:0607/175533.161:WARNING:chrome\browser\performance_manager\policies\page_discarding_helper.cc:139] Discarding multiple pages with target (kb): 0, discard_protected_tabs: 0
[15124:15128:0607/175538.179:WARNING:chrome\browser\performance_manager\policies\page_discarding_helper.cc:139] Discarding multiple pages with target (kb): 0, discard_protected_tabs: 0
[15124:15128:0607/175543.201:WARNING:chrome\browser\performance_manager\policies\page_discarding_helper.cc:139] Discarding multiple pages with target (kb): 0, discard_protected_tabs: 0
[15124:15128:0607/175548.220:WARNING:chrome\browser\performance_manager\policies\page_discarding_helper.cc:139] Discarding multiple pages with target (kb): 0, discard_protected_tabs: 0
[15124:15128:0607/175553.239:WARNING:chrome\browser\performance_manager\policies\page_discarding_helper.cc:139] Discarding multiple pages with target (kb): 0, discard_protected_tabs: 0
[15124:15128:0607/175558.260:WARNING:chrome\browser\performance_manager\policies\page_discarding_helper.cc:139] Discarding multiple pages with target (kb): 0, discard_protected_tabs: 0
[15124:15128:0607/175603.260:WARNING:chrome\browser\performance_manager\policies\page_discarding_helper.cc:139] Discarding multiple pages with target (kb): 0, discard_protected_tabs: 0
[15124:15128:0607/175608.279:WARNING:chrome\browser\performance_manager\policies\page_discarding_helper.cc:139] Discarding multiple pages with target (kb): 0, discard_protected_tabs: 0
[15124:15128:0607/175613.280:WARNING:chrome\browser\performance_manager\policies\page_discarding_helper.cc:139] Discarding multiple pages with target (kb): 0, discard_protected_tabs: 0
[15124:15128:0607/175618.299:WARNING:chrome\browser\performance_manager\policies\page_discarding_helper.cc:139] Discarding multiple pages with target (kb): 0, discard_protected_tabs: 0
[15124:15128:0607/175623.320:WARNING:chrome\browser\performance_manager\policies\page_discarding_helper.cc:139] Discarding multiple pages with target (kb): 0, discard_protected_tabs: 0
[15124:15128:0607/175628.340:WARNING:chrome\browser\performance_manager\policies\page_discarding_helper.cc:139] Discarding multiple pages with target (kb): 0, discard_protected_tabs: 0
[15124:15128:0607/175633.359:WARNING:chrome\browser\performance_manager\policies\page_discarding_helper.cc:139] Discarding multiple pages with target (kb): 0, discard_protected_tabs: 0
[15124:15128:0607/175638.379:WARNING:chrome\browser\performance_manager\policies\page_discarding_helper.cc:139] Discarding multiple pages with target (kb): 0, discard_protected_tabs: 0
[15124:15128:0607/175643.380:WARNING:chrome\browser\performance_manager\policies\page_discarding_helper.cc:139] Discarding multiple pages with target (kb): 0, discard_protected_tabs: 0
[15124:15128:0607/175648.400:WARNING:chrome\browser\performance_manager\policies\page_discarding_helper.cc:139] Discarding multiple pages with target (kb): 0, discard_protected_tabs: 0
[15124:15128:0607/175653.420:WARNING:chrome\browser\performance_manager\policies\page_discarding_helper.cc:139] Discarding multiple pages with target (kb): 0, discard_protected_tabs: 0
[15124:15128:0607/175658.420:WARNING:chrome\browser\performance_manager\policies\page_discarding_helper.cc:139] Discarding multiple pages with target (kb): 0, discard_protected_tabs: 0
[15124:15128:0607/175703.439:WARNING:chrome\browser\performance_manager\policies\page_discarding_helper.cc:139] Discarding multiple pages with target (kb): 0, discard_protected_tabs: 0
[15124:15128:0607/175708.459:WARNING:chrome\browser\performance_manager\policies\page_discarding_helper.cc:139] Discarding multiple pages with target (kb): 0, discard_protected_tabs: 0
[15124:15128:0607/175713.459:WARNING:chrome\browser\performance_manager\policies\page_discarding_helper.cc:139] Discarding multiple pages with target (kb): 0, discard_protected_tabs: 0
[15124:15128:0607/175718.480:WARNING:chrome\browser\performance_manager\policies\page_discarding_helper.cc:139] Discarding multiple pages with target (kb): 0, discard_protected_tabs: 0
[15124:15128:0607/175723.480:WARNING:chrome\browser\performance_manager\policies\page_discarding_helper.cc:139] Discarding multiple pages with target (kb): 0, discard_protected_tabs: 0
[15124:15128:0607/175728.500:WARNING:chrome\browser\performance_manager\policies\page_discarding_helper.cc:139] Discarding multiple pages with target (kb): 0, discard_protected_tabs: 0
[15124:15128:0607/175733.520:WARNING:chrome\browser\performance_manager\policies\page_discarding_helper.cc:139] Discarding multiple pages with target (kb): 0, discard_protected_tabs: 0
[15124:15128:0607/175738.540:WARNING:chrome\browser\performance_manager\policies\page_discarding_helper.cc:139] Discarding multiple pages with target (kb): 0, discard_protected_tabs: 0
[15124:15128:0607/175743.559:WARNING:chrome\browser\performance_manager\policies\page_discarding_helper.cc:139] Discarding multiple pages with target (kb): 0, discard_protected_tabs: 0
[15124:15128:0607/175748.560:WARNING:chrome\browser\performance_manager\policies\page_discarding_helper.cc:139] Discarding multiple pages with target (kb): 0, discard_protected_tabs: 0
[15124:15128:0607/175753.580:WARNING:chrome\browser\performance_manager\policies\page_discarding_helper.cc:139] Discarding multiple pages with target (kb): 0, discard_protected_tabs: 0
[15124:15128:0607/175758.599:WARNING:chrome\browser\performance_manager\policies\page_discarding_helper.cc:139] Discarding multiple pages with target (kb): 0, discard_protected_tabs: 0
[15124:15128:0607/175803.619:WARNING:chrome\browser\performance_manager\policies\page_discarding_helper.cc:139] Discarding multiple pages with target (kb): 0, discard_protected_tabs: 0
[15124:15128:0607/175808.620:WARNING:chrome\browser\performance_manager\policies\page_discarding_helper.cc:139] Discarding multiple pages with target (kb): 0, discard_protected_tabs: 0
[15124:15128:0607/175813.621:WARNING:chrome\browser\performance_manager\policies\page_discarding_helper.cc:139] Discarding multiple pages with target (kb): 0, discard_protected_tabs: 0
[15124:15128:0607/175818.641:WARNING:chrome\browser\performance_manager\policies\page_discarding_helper.cc:139] Discarding multiple pages with target (kb): 0, discard_protected_tabs: 0
[15124:15128:0607/175823.659:WARNING:chrome\browser\performance_manager\policies\page_discarding_helper.cc:139] Discarding multiple pages with target (kb): 0, discard_protected_tabs: 0
[15124:15128:0607/175828.679:WARNING:chrome\browser\performance_manager\policies\page_discarding_helper.cc:139] Discarding multiple pages with target (kb): 0, discard_protected_tabs: 0
[15124:15128:0607/175833.680:WARNING:chrome\browser\performance_manager\policies\page_discarding_helper.cc:139] Discarding multiple pages with target (kb): 0, discard_protected_tabs: 0
[15124:15128:0607/175838.701:WARNING:chrome\browser\performance_manager\policies\page_discarding_helper.cc:139] Discarding multiple pages with target (kb): 0, discard_protected_tabs: 0
[15124:15128:0607/175843.720:WARNING:chrome\browser\performance_manager\policies\page_discarding_helper.cc:139] Discarding multiple pages with target (kb): 0, discard_protected_tabs: 0
[15124:15128:0607/175848.720:WARNING:chrome\browser\performance_manager\policies\page_discarding_helper.cc:139] Discarding multiple pages with target (kb): 0, discard_protected_tabs: 0
[15124:15128:0607/175853.739:WARNING:chrome\browser\performance_manager\policies\page_discarding_helper.cc:139] Discarding multiple pages with target (kb): 0, discard_protected_tabs: 0
[15124:15128:0607/175858.760:WARNING:chrome\browser\performance_manager\policies\page_discarding_helper.cc:139] Discarding multiple pages with target (kb): 0, discard_protected_tabs: 0
[15124:15128:0607/175903.779:WARNING:chrome\browser\performance_manager\policies\page_discarding_helper.cc:139] Discarding multiple pages with target (kb): 0, discard_protected_tabs: 0
[15124:15128:0607/175908.799:WARNING:chrome\browser\performance_manager\policies\page_discarding_helper.cc:139] Discarding multiple pages with target (kb): 0, discard_protected_tabs: 0
[15124:15128:0607/175913.800:WARNING:chrome\browser\performance_manager\policies\page_discarding_helper.cc:139] Discarding multiple pages with target (kb): 0, discard_protected_tabs: 0
[15124:15128:0607/175918.800:WARNING:chrome\browser\performance_manager\policies\page_discarding_helper.cc:139] Discarding multiple pages with target (kb): 0, discard_protected_tabs: 0
[15124:15128:0607/175923.820:WARNING:chrome\browser\performance_manager\policies\page_discarding_helper.cc:139] Discarding multiple pages with target (kb): 0, discard_protected_tabs: 0
[15124:15128:0607/175928.840:WARNING:chrome\browser\performance_manager\policies\page_discarding_helper.cc:139] Discarding multiple pages with target (kb): 0, discard_protected_tabs: 0
[15124:15128:0607/175933.860:WARNING:chrome\browser\performance_manager\policies\page_discarding_helper.cc:139] Discarding multiple pages with target (kb): 0, discard_protected_tabs: 0
[15124:15128:0607/175938.860:WARNING:chrome\browser\performance_manager\policies\page_discarding_helper.cc:139] Discarding multiple pages with target (kb): 0, discard_protected_tabs: 0
[15124:15128:0607/175943.879:WARNING:chrome\browser\performance_manager\policies\page_discarding_helper.cc:139] Discarding multiple pages with target (kb): 0, discard_protected_tabs: 0
[15124:15128:0607/175948.900:WARNING:chrome\browser\performance_manager\policies\page_discarding_helper.cc:139] Discarding multiple pages with target (kb): 0, discard_protected_tabs: 0
[15124:15128:0607/175953.900:WARNING:chrome\browser\performance_manager\policies\page_discarding_helper.cc:139] Discarding multiple pages with target (kb): 0, discard_protected_tabs: 0
[15124:15128:0607/175958.920:WARNING:chrome\browser\performance_manager\policies\page_discarding_helper.cc:139] Discarding multiple pages with target (kb): 0, discard_protected_tabs: 0
[15124:15128:0607/180003.940:WARNING:chrome\browser\performance_manager\policies\page_discarding_helper.cc:139] Discarding multiple pages with target (kb): 0, discard_protected_tabs: 0
[15124:15128:0607/180008.940:WARNING:chrome\browser\performance_manager\policies\page_discarding_helper.cc:139] Discarding multiple pages with target (kb): 0, discard_protected_tabs: 0
[15124:15128:0607/180013.959:WARNING:chrome\browser\performance_manager\policies\page_discarding_helper.cc:139] Discarding multiple pages with target (kb): 0, discard_protected_tabs: 0
[15124:15128:0607/180018.960:WARNING:chrome\browser\performance_manager\policies\page_discarding_helper.cc:139] Discarding multiple pages with target (kb): 0, discard_protected_tabs: 0
[15124:15128:0607/180023.980:WARNING:chrome\browser\performance_manager\policies\page_discarding_helper.cc:139] Discarding multiple pages with target (kb): 0, discard_protected_tabs: 0
[15124:15128:0607/180029.000:WARNING:chrome\browser\performance_manager\policies\page_discarding_helper.cc:139] Discarding multiple pages with target (kb): 0, discard_protected_tabs: 0
[15124:15128:0607/180034.019:WARNING:chrome\browser\performance_manager\policies\page_discarding_helper.cc:139] Discarding multiple pages with target (kb): 0, discard_protected_tabs: 0
[15124:15128:0607/180039.019:WARNING:chrome\browser\performance_manager\policies\page_discarding_helper.cc:139] Discarding multiple pages with target (kb): 0, discard_protected_tabs: 0
[15124:15128:0607/180044.020:WARNING:chrome\browser\performance_manager\policies\page_discarding_helper.cc:139] Discarding multiple pages with target (kb): 0, discard_protected_tabs: 0
[15124:15128:0607/180049.039:WARNING:chrome\browser\performance_manager\policies\page_discarding_helper.cc:139] Discarding multiple pages with target (kb): 0, discard_protected_tabs: 0
[15124:15128:0607/180054.040:WARNING:chrome\browser\performance_manager\policies\page_discarding_helper.cc:139] Discarding multiple pages with target (kb): 0, discard_protected_tabs: 0
[15124:15128:0607/180059.059:WARNING:chrome\browser\performance_manager\policies\page_discarding_helper.cc:139] Discarding multiple pages with target (kb): 0, discard_protected_tabs: 0
[15124:15128:0607/180104.061:WARNING:chrome\browser\performance_manager\policies\page_discarding_helper.cc:139] Discarding multiple pages with target (kb): 0, discard_protected_tabs: 0
[15124:15128:0607/180109.080:WARNING:chrome\browser\performance_manager\policies\page_discarding_helper.cc:139] Discarding multiple pages with target (kb): 0, discard_protected_tabs: 0
[15124:15128:0607/180114.099:WARNING:chrome\browser\performance_manager\policies\page_discarding_helper.cc:139] Discarding multiple pages with target (kb): 0, discard_protected_tabs: 0
[15124:15128:0607/180119.100:WARNING:chrome\browser\performance_manager\policies\page_discarding_helper.cc:139] Discarding multiple pages with target (kb): 0, discard_protected_tabs: 0
[15124:15128:0607/180124.119:WARNING:chrome\browser\performance_manager\policies\page_discarding_helper.cc:139] Discarding multiple pages with target (kb): 0, discard_protected_tabs: 0
[15124:15128:0607/180129.139:WARNING:chrome\browser\performance_manager\policies\page_discarding_helper.cc:139] Discarding multiple pages with target (kb): 0, discard_protected_tabs: 0
[15124:15128:0607/180134.140:WARNING:chrome\browser\performance_manager\policies\page_discarding_helper.cc:139] Discarding multiple pages with target (kb): 0, discard_protected_tabs: 0
[15124:15128:0607/180139.159:WARNING:chrome\browser\performance_manager\policies\page_discarding_helper.cc:139] Discarding multiple pages with target (kb): 0, discard_protected_tabs: 0
[15124:15128:0607/180144.160:WARNING:chrome\browser\performance_manager\policies\page_discarding_helper.cc:139] Discarding multiple pages with target (kb): 0, discard_protected_tabs: 0
[15124:15128:0607/180149.180:WARNING:chrome\browser\performance_manager\policies\page_discarding_helper.cc:139] Discarding multiple pages with target (kb): 0, discard_protected_tabs: 0
[15124:15128:0607/180154.200:WARNING:chrome\browser\performance_manager\policies\page_discarding_helper.cc:139] Discarding multiple pages with target (kb): 0, discard_protected_tabs: 0
[15124:15128:0607/180159.200:WARNING:chrome\browser\performance_manager\policies\page_discarding_helper.cc:139] Discarding multiple pages with target (kb): 0, discard_protected_tabs: 0
[15124:15128:0607/180204.220:WARNING:chrome\browser\performance_manager\policies\page_discarding_helper.cc:139] Discarding multiple pages with target (kb): 0, discard_protected_tabs: 0
[15124:15128:0607/180209.239:WARNING:chrome\browser\performance_manager\policies\page_discarding_helper.cc:139] Discarding multiple pages with target (kb): 0, discard_protected_tabs: 0
[15124:15128:0607/180214.239:WARNING:chrome\browser\performance_manager\policies\page_discarding_helper.cc:139] Discarding multiple pages with target (kb): 0, discard_protected_tabs: 0
[15124:15128:0607/180219.260:WARNING:chrome\browser\performance_manager\policies\page_discarding_helper.cc:139] Discarding multiple pages with target (kb): 0, discard_protected_tabs: 0
[15124:15128:0607/180224.279:WARNING:chrome\browser\performance_manager\policies\page_discarding_helper.cc:139] Discarding multiple pages with target (kb): 0, discard_protected_tabs: 0
[15124:15128:0607/180229.280:WARNING:chrome\browser\performance_manager\policies\page_discarding_helper.cc:139] Discarding multiple pages with target (kb): 0, discard_protected_tabs: 0
[15124:15128:0607/180234.299:WARNING:chrome\browser\performance_manager\policies\page_discarding_helper.cc:139] Discarding multiple pages with target (kb): 0, discard_protected_tabs: 0
[15124:15128:0607/180239.300:WARNING:chrome\browser\performance_manager\policies\page_discarding_helper.cc:139] Discarding multiple pages with target (kb): 0, discard_protected_tabs: 0
[15124:15128:0607/180244.319:WARNING:chrome\browser\performance_manager\policies\page_discarding_helper.cc:139] Discarding multiple pages with target (kb): 0, discard_protected_tabs: 0
[15124:15128:0607/180249.320:WARNING:chrome\browser\performance_manager\policies\page_discarding_helper.cc:139] Discarding multiple pages with target (kb): 0, discard_protected_tabs: 0
[15124:15128:0607/180254.320:WARNING:chrome\browser\performance_manager\policies\page_discarding_helper.cc:139] Discarding multiple pages with target (kb): 0, discard_protected_tabs: 0
[15124:15128:0607/180259.340:WARNING:chrome\browser\performance_manager\policies\page_discarding_helper.cc:139] Discarding multiple pages with target (kb): 0, discard_protected_tabs: 0
[15124:15128:0607/180304.359:WARNING:chrome\browser\performance_manager\policies\page_discarding_helper.cc:139] Discarding multiple pages with target (kb): 0, discard_protected_tabs: 0
[15124:15128:0607/180309.360:WARNING:chrome\browser\performance_manager\policies\page_discarding_helper.cc:139] Discarding multiple pages with target (kb): 0, discard_protected_tabs: 0
[15124:15128:0607/180314.379:WARNING:chrome\browser\performance_manager\policies\page_discarding_helper.cc:139] Discarding multiple pages with target (kb): 0, discard_protected_tabs: 0
[15124:15128:0607/180319.399:WARNING:chrome\browser\performance_manager\policies\page_discarding_helper.cc:139] Discarding multiple pages with target (kb): 0, discard_protected_tabs: 0
[15124:15128:0607/180324.400:WARNING:chrome\browser\performance_manager\policies\page_discarding_helper.cc:139] Discarding multiple pages with target (kb): 0, discard_protected_tabs: 0
[15124:15128:0607/180329.400:WARNING:chrome\browser\performance_manager\policies\page_discarding_helper.cc:139] Discarding multiple pages with target (kb): 0, discard_protected_tabs: 0
[15124:15128:0607/180334.401:WARNING:chrome\browser\performance_manager\policies\page_discarding_helper.cc:139] Discarding multiple pages with target (kb): 0, discard_protected_tabs: 0
[15124:15128:0607/180339.420:WARNING:chrome\browser\performance_manager\policies\page_discarding_helper.cc:139] Discarding multiple pages with target (kb): 0, discard_protected_tabs: 0
[15124:15128:0607/180344.439:WARNING:chrome\browser\performance_manager\policies\page_discarding_helper.cc:139] Discarding multiple pages with target (kb): 0, discard_protected_tabs: 0
[15124:15128:0607/180349.439:WARNING:chrome\browser\performance_manager\policies\page_discarding_helper.cc:139] Discarding multiple pages with target (kb): 0, discard_protected_tabs: 0
[15124:15128:0607/180354.460:WARNING:chrome\browser\performance_manager\policies\page_discarding_helper.cc:139] Discarding multiple pages with target (kb): 0, discard_protected_tabs: 0
[15124:15128:0607/180359.480:WARNING:chrome\browser\performance_manager\policies\page_discarding_helper.cc:139] Discarding multiple pages with target (kb): 0, discard_protected_tabs: 0
[15124:15128:0607/180404.499:WARNING:chrome\browser\performance_manager\policies\page_discarding_helper.cc:139] Discarding multiple pages with target (kb): 0, discard_protected_tabs: 0
[15124:15128:0607/180409.500:WARNING:chrome\browser\performance_manager\policies\page_discarding_helper.cc:139] Discarding multiple pages with target (kb): 0, discard_protected_tabs: 0
[15124:15128:0607/180414.520:WARNING:chrome\browser\performance_manager\policies\page_discarding_helper.cc:139] Discarding multiple pages with target (kb): 0, discard_protected_tabs: 0
[15124:15128:0607/180419.540:WARNING:chrome\browser\performance_manager\policies\page_discarding_helper.cc:139] Discarding multiple pages with target (kb): 0, discard_protected_tabs: 0
[15124:15128:0607/180424.560:WARNING:chrome\browser\performance_manager\policies\page_discarding_helper.cc:139] Discarding multiple pages with target (kb): 0, discard_protected_tabs: 0
[15124:15128:0607/181130.641:WARNING:chrome\browser\performance_manager\policies\page_discarding_helper.cc:139] Discarding multiple pages with target (kb): 0, discard_protected_tabs: 0
[15124:15128:0607/181135.660:WARNING:chrome\browser\performance_manager\policies\page_discarding_helper.cc:139] Discarding multiple pages with target (kb): 0, discard_protected_tabs: 0
[15124:15128:0607/181511.260:WARNING:chrome\browser\performance_manager\policies\page_discarding_helper.cc:139] Discarding multiple pages with target (kb): 0, discard_protected_tabs: 0
[15124:15128:0607/181516.280:WARNING:chrome\browser\performance_manager\policies\page_discarding_helper.cc:139] Discarding multiple pages with target (kb): 0, discard_protected_tabs: 0
[15124:15128:0607/181526.319:WARNING:chrome\browser\performance_manager\policies\page_discarding_helper.cc:139] Discarding multiple pages with target (kb): 0, discard_protected_tabs: 0
[15124:15128:0607/181536.320:WARNING:chrome\browser\performance_manager\policies\page_discarding_helper.cc:139] Discarding multiple pages with target (kb): 0, discard_protected_tabs: 0
[15124:15128:0607/181541.340:WARNING:chrome\browser\performance_manager\policies\page_discarding_helper.cc:139] Discarding multiple pages with target (kb): 0, discard_protected_tabs: 0
[15124:15128:0607/181546.341:WARNING:chrome\browser\performance_manager\policies\page_discarding_helper.cc:139] Discarding multiple pages with target (kb): 0, discard_protected_tabs: 0
[15124:15128:0607/181551.360:WARNING:chrome\browser\performance_manager\policies\page_discarding_helper.cc:139] Discarding multiple pages with target (kb): 0, discard_protected_tabs: 0
[15124:15128:0607/181556.380:WARNING:chrome\browser\performance_manager\policies\page_discarding_helper.cc:139] Discarding multiple pages with target (kb): 0, discard_protected_tabs: 0
[15124:15128:0607/181601.400:WARNING:chrome\browser\performance_manager\policies\page_discarding_helper.cc:139] Discarding multiple pages with target (kb): 0, discard_protected_tabs: 0
[15124:15128:0607/181606.419:WARNING:chrome\browser\performance_manager\policies\page_discarding_helper.cc:139] Discarding multiple pages with target (kb): 0, discard_protected_tabs: 0
[15124:15128:0607/181611.420:WARNING:chrome\browser\performance_manager\policies\page_discarding_helper.cc:139] Discarding multiple pages with target (kb): 0, discard_protected_tabs: 0
[15124:15128:0607/181616.439:WARNING:chrome\browser\performance_manager\policies\page_discarding_helper.cc:139] Discarding multiple pages with target (kb): 0, discard_protected_tabs: 0
[15124:15128:0607/181621.440:WARNING:chrome\browser\performance_manager\policies\page_discarding_helper.cc:139] Discarding multiple pages with target (kb): 0, discard_protected_tabs: 0
[15124:15128:0607/181626.440:WARNING:chrome\browser\performance_manager\policies\page_discarding_helper.cc:139] Discarding multiple pages with target (kb): 0, discard_protected_tabs: 0
[15124:15128:0607/181631.460:WARNING:chrome\browser\performance_manager\policies\page_discarding_helper.cc:139] Discarding multiple pages with target (kb): 0, discard_protected_tabs: 0
[15124:15128:0607/181636.480:WARNING:chrome\browser\performance_manager\policies\page_discarding_helper.cc:139] Discarding multiple pages with target (kb): 0, discard_protected_tabs: 0
[15124:15128:0607/181641.480:WARNING:chrome\browser\performance_manager\policies\page_discarding_helper.cc:139] Discarding multiple pages with target (kb): 0, discard_protected_tabs: 0
[15124:15128:0607/181646.500:WARNING:chrome\browser\performance_manager\policies\page_discarding_helper.cc:139] Discarding multiple pages with target (kb): 0, discard_protected_tabs: 0
[15124:15128:0607/181651.500:WARNING:chrome\browser\performance_manager\policies\page_discarding_helper.cc:139] Discarding multiple pages with target (kb): 0, discard_protected_tabs: 0
[15124:15128:0607/181656.520:WARNING:chrome\browser\performance_manager\policies\page_discarding_helper.cc:139] Discarding multiple pages with target (kb): 0, discard_protected_tabs: 0
[15124:15128:0607/181701.540:WARNING:chrome\browser\performance_manager\policies\page_discarding_helper.cc:139] Discarding multiple pages with target (kb): 0, discard_protected_tabs: 0
[15124:15128:0607/181706.540:WARNING:chrome\browser\performance_manager\policies\page_discarding_helper.cc:139] Discarding multiple pages with target (kb): 0, discard_protected_tabs: 0
[15124:15128:0607/181711.560:WARNING:chrome\browser\performance_manager\policies\page_discarding_helper.cc:139] Discarding multiple pages with target (kb): 0, discard_protected_tabs: 0
[15124:15128:0607/181716.560:WARNING:chrome\browser\performance_manager\policies\page_discarding_helper.cc:139] Discarding multiple pages with target (kb): 0, discard_protected_tabs: 0
[15124:15128:0607/181721.560:WARNING:chrome\browser\performance_manager\policies\page_discarding_helper.cc:139] Discarding multiple pages with target (kb): 0, discard_protected_tabs: 0
[15124:15128:0607/181726.561:WARNING:chrome\browser\performance_manager\policies\page_discarding_helper.cc:139] Discarding multiple pages with target (kb): 0, discard_protected_tabs: 0
[15124:15128:0607/181731.580:WARNING:chrome\browser\performance_manager\policies\page_discarding_helper.cc:139] Discarding multiple pages with target (kb): 0, discard_protected_tabs: 0
[15124:15128:0607/181736.600:WARNING:chrome\browser\performance_manager\policies\page_discarding_helper.cc:139] Discarding multiple pages with target (kb): 0, discard_protected_tabs: 0
[15124:15128:0607/181741.620:WARNING:chrome\browser\performance_manager\policies\page_discarding_helper.cc:139] Discarding multiple pages with target (kb): 0, discard_protected_tabs: 0
[15124:15128:0607/181746.621:WARNING:chrome\browser\performance_manager\policies\page_discarding_helper.cc:139] Discarding multiple pages with target (kb): 0, discard_protected_tabs: 0
[15124:15128:0607/181751.640:WARNING:chrome\browser\performance_manager\policies\page_discarding_helper.cc:139] Discarding multiple pages with target (kb): 0, discard_protected_tabs: 0
[15124:15128:0607/181756.660:WARNING:chrome\browser\performance_manager\policies\page_discarding_helper.cc:139] Discarding multiple pages with target (kb): 0, discard_protected_tabs: 0
[15124:15128:0607/181801.660:WARNING:chrome\browser\performance_manager\policies\page_discarding_helper.cc:139] Discarding multiple pages with target (kb): 0, discard_protected_tabs: 0
[15124:15128:0607/181806.679:WARNING:chrome\browser\performance_manager\policies\page_discarding_helper.cc:139] Discarding multiple pages with target (kb): 0, discard_protected_tabs: 0
[15124:15128:0607/181811.699:WARNING:chrome\browser\performance_manager\policies\page_discarding_helper.cc:139] Discarding multiple pages with target (kb): 0, discard_protected_tabs: 0
[15124:15128:0607/181816.699:WARNING:chrome\browser\performance_manager\policies\page_discarding_helper.cc:139] Discarding multiple pages with target (kb): 0, discard_protected_tabs: 0
[15124:15128:0607/181821.719:WARNING:chrome\browser\performance_manager\policies\page_discarding_helper.cc:139] Discarding multiple pages with target (kb): 0, discard_protected_tabs: 0
[15124:15128:0607/181826.720:WARNING:chrome\browser\performance_manager\policies\page_discarding_helper.cc:139] Discarding multiple pages with target (kb): 0, discard_protected_tabs: 0
[15124:15128:0607/181831.740:WARNING:chrome\browser\performance_manager\policies\page_discarding_helper.cc:139] Discarding multiple pages with target (kb): 0, discard_protected_tabs: 0
[15124:15128:0607/181836.760:WARNING:chrome\browser\performance_manager\policies\page_discarding_helper.cc:139] Discarding multiple pages with target (kb): 0, discard_protected_tabs: 0
[15124:15128:0607/181841.761:WARNING:chrome\browser\performance_manager\policies\page_discarding_helper.cc:139] Discarding multiple pages with target (kb): 0, discard_protected_tabs: 0
[15124:15128:0607/181846.780:WARNING:chrome\browser\performance_manager\policies\page_discarding_helper.cc:139] Discarding multiple pages with target (kb): 0, discard_protected_tabs: 0
[15124:15128:0607/181851.800:WARNING:chrome\browser\performance_manager\policies\page_discarding_helper.cc:139] Discarding multiple pages with target (kb): 0, discard_protected_tabs: 0
[15124:15128:0607/181856.800:WARNING:chrome\browser\performance_manager\policies\page_discarding_helper.cc:139] Discarding multiple pages with target (kb): 0, discard_protected_tabs: 0
[15124:15128:0607/181901.819:WARNING:chrome\browser\performance_manager\policies\page_discarding_helper.cc:139] Discarding multiple pages with target (kb): 0, discard_protected_tabs: 0
[15124:15128:0607/181906.820:WARNING:chrome\browser\performance_manager\policies\page_discarding_helper.cc:139] Discarding multiple pages with target (kb): 0, discard_protected_tabs: 0
[15124:15128:0607/181911.840:WARNING:chrome\browser\performance_manager\policies\page_discarding_helper.cc:139] Discarding multiple pages with target (kb): 0, discard_protected_tabs: 0
[15124:15128:0607/181926.879:WARNING:chrome\browser\performance_manager\policies\page_discarding_helper.cc:139] Discarding multiple pages with target (kb): 0, discard_protected_tabs: 0
[15124:15128:0607/182001.999:WARNING:chrome\browser\performance_manager\policies\page_discarding_helper.cc:139] Discarding multiple pages with target (kb): 0, discard_protected_tabs: 0
[15124:15128:0607/182006.999:WARNING:chrome\browser\performance_manager\policies\page_discarding_helper.cc:139] Discarding multiple pages with target (kb): 0, discard_protected_tabs: 0
[15124:15128:0607/182012.019:WARNING:chrome\browser\performance_manager\policies\page_discarding_helper.cc:139] Discarding multiple pages with target (kb): 0, discard_protected_tabs: 0
[15124:15128:0607/182017.020:WARNING:chrome\browser\performance_manager\policies\page_discarding_helper.cc:139] Discarding multiple pages with target (kb): 0, discard_protected_tabs: 0
[15124:15128:0607/182022.020:WARNING:chrome\browser\performance_manager\policies\page_discarding_helper.cc:139] Discarding multiple pages with target (kb): 0, discard_protected_tabs: 0
[15124:15128:0607/182027.040:WARNING:chrome\browser\performance_manager\policies\page_discarding_helper.cc:139] Discarding multiple pages with target (kb): 0, discard_protected_tabs: 0
[15124:15128:0607/182032.040:WARNING:chrome\browser\performance_manager\policies\page_discarding_helper.cc:139] Discarding multiple pages with target (kb): 0, discard_protected_tabs: 0
[15124:15128:0607/182037.059:WARNING:chrome\browser\performance_manager\policies\page_discarding_helper.cc:139] Discarding multiple pages with target (kb): 0, discard_protected_tabs: 0
[15124:15128:0607/182042.080:WARNING:chrome\browser\performance_manager\policies\page_discarding_helper.cc:139] Discarding multiple pages with target (kb): 0, discard_protected_tabs: 0
[15124:15128:0607/182047.079:WARNING:chrome\browser\performance_manager\policies\page_discarding_helper.cc:139] Discarding multiple pages with target (kb): 0, discard_protected_tabs: 0
[15124:15128:0607/182052.099:WARNING:chrome\browser\performance_manager\policies\page_discarding_helper.cc:139] Discarding multiple pages with target (kb): 0, discard_protected_tabs: 0
[15124:15128:0607/182057.100:WARNING:chrome\browser\performance_manager\policies\page_discarding_helper.cc:139] Discarding multiple pages with target (kb): 0, discard_protected_tabs: 0
[15124:15128:0607/182102.120:WARNING:chrome\browser\performance_manager\policies\page_discarding_helper.cc:139] Discarding multiple pages with target (kb): 0, discard_protected_tabs: 0
[15124:15128:0607/182107.139:WARNING:chrome\browser\performance_manager\policies\page_discarding_helper.cc:139] Discarding multiple pages with target (kb): 0, discard_protected_tabs: 0
[15124:15128:0607/182112.140:WARNING:chrome\browser\performance_manager\policies\page_discarding_helper.cc:139] Discarding multiple pages with target (kb): 0, discard_protected_tabs: 0
[15124:15128:0607/182117.141:WARNING:chrome\browser\performance_manager\policies\page_discarding_helper.cc:139] Discarding multiple pages with target (kb): 0, discard_protected_tabs: 0
[15124:15128:0607/182122.161:WARNING:chrome\browser\performance_manager\policies\page_discarding_helper.cc:139] Discarding multiple pages with target (kb): 0, discard_protected_tabs: 0
[15124:15128:0607/182127.179:WARNING:chrome\browser\performance_manager\policies\page_discarding_helper.cc:139] Discarding multiple pages with target (kb): 0, discard_protected_tabs: 0
[15124:15128:0607/182132.199:WARNING:chrome\browser\performance_manager\policies\page_discarding_helper.cc:139] Discarding multiple pages with target (kb): 0, discard_protected_tabs: 0
[15124:15128:0607/182137.200:WARNING:chrome\browser\performance_manager\policies\page_discarding_helper.cc:139] Discarding multiple pages with target (kb): 0, discard_protected_tabs: 0
[15124:15128:0607/182142.200:WARNING:chrome\browser\performance_manager\policies\page_discarding_helper.cc:139] Discarding multiple pages with target (kb): 0, discard_protected_tabs: 0
[15124:15128:0607/182147.219:WARNING:chrome\browser\performance_manager\policies\page_discarding_helper.cc:139] Discarding multiple pages with target (kb): 0, discard_protected_tabs: 0
[15124:15128:0607/182152.220:WARNING:chrome\browser\performance_manager\policies\page_discarding_helper.cc:139] Discarding multiple pages with target (kb): 0, discard_protected_tabs: 0
[15124:15128:0607/182157.240:WARNING:chrome\browser\performance_manager\policies\page_discarding_helper.cc:139] Discarding multiple pages with target (kb): 0, discard_protected_tabs: 0
[15124:15128:0607/182202.260:WARNING:chrome\browser\performance_manager\policies\page_discarding_helper.cc:139] Discarding multiple pages with target (kb): 0, discard_protected_tabs: 0
[15124:15128:0607/182207.280:WARNING:chrome\browser\performance_manager\policies\page_discarding_helper.cc:139] Discarding multiple pages with target (kb): 0, discard_protected_tabs: 0
[15124:15128:0607/182212.299:WARNING:chrome\browser\performance_manager\policies\page_discarding_helper.cc:139] Discarding multiple pages with target (kb): 0, discard_protected_tabs: 0
[15124:15128:0607/182217.319:WARNING:chrome\browser\performance_manager\policies\page_discarding_helper.cc:139] Discarding multiple pages with target (kb): 0, discard_protected_tabs: 0
[15124:15128:0607/182222.320:WARNING:chrome\browser\performance_manager\policies\page_discarding_helper.cc:139] Discarding multiple pages with target (kb): 0, discard_protected_tabs: 0
[15124:15128:0607/182227.340:WARNING:chrome\browser\performance_manager\policies\page_discarding_helper.cc:139] Discarding multiple pages with target (kb): 0, discard_protected_tabs: 0
[15124:15128:0607/182232.341:WARNING:chrome\browser\performance_manager\policies\page_discarding_helper.cc:139] Discarding multiple pages with target (kb): 0, discard_protected_tabs: 0
[15124:15128:0607/182237.360:WARNING:chrome\browser\performance_manager\policies\page_discarding_helper.cc:139] Discarding multiple pages with target (kb): 0, discard_protected_tabs: 0
[15124:15128:0607/182242.380:WARNING:chrome\browser\performance_manager\policies\page_discarding_helper.cc:139] Discarding multiple pages with target (kb): 0, discard_protected_tabs: 0
[15124:15128:0607/182247.380:WARNING:chrome\browser\performance_manager\policies\page_discarding_helper.cc:139] Discarding multiple pages with target (kb): 0, discard_protected_tabs: 0
[15124:15128:0607/182252.400:WARNING:chrome\browser\performance_manager\policies\page_discarding_helper.cc:139] Discarding multiple pages with target (kb): 0, discard_protected_tabs: 0
[15124:15128:0607/182257.400:WARNING:chrome\browser\performance_manager\policies\page_discarding_helper.cc:139] Discarding multiple pages with target (kb): 0, discard_protected_tabs: 0
[15124:15128:0607/182302.421:WARNING:chrome\browser\performance_manager\policies\page_discarding_helper.cc:139] Discarding multiple pages with target (kb): 0, discard_protected_tabs: 0
[15124:15128:0607/182307.440:WARNING:chrome\browser\performance_manager\policies\page_discarding_helper.cc:139] Discarding multiple pages with target (kb): 0, discard_protected_tabs: 0
[15124:15128:0607/182312.459:WARNING:chrome\browser\performance_manager\policies\page_discarding_helper.cc:139] Discarding multiple pages with target (kb): 0, discard_protected_tabs: 0
[15124:15128:0607/182317.459:WARNING:chrome\browser\performance_manager\policies\page_discarding_helper.cc:139] Discarding multiple pages with target (kb): 0, discard_protected_tabs: 0
[15124:15128:0607/182322.460:WARNING:chrome\browser\performance_manager\policies\page_discarding_helper.cc:139] Discarding multiple pages with target (kb): 0, discard_protected_tabs: 0
[15124:15128:0607/182327.460:WARNING:chrome\browser\performance_manager\policies\page_discarding_helper.cc:139] Discarding multiple pages with target (kb): 0, discard_protected_tabs: 0
[15124:15128:0607/182332.480:WARNING:chrome\browser\performance_manager\policies\page_discarding_helper.cc:139] Discarding multiple pages with target (kb): 0, discard_protected_tabs: 0
[15124:15128:0607/182337.481:WARNING:chrome\browser\performance_manager\policies\page_discarding_helper.cc:139] Discarding multiple pages with target (kb): 0, discard_protected_tabs: 0
[15124:15128:0607/182342.500:WARNING:chrome\browser\performance_manager\policies\page_discarding_helper.cc:139] Discarding multiple pages with target (kb): 0, discard_protected_tabs: 0
[15124:15128:0607/182347.502:WARNING:chrome\browser\performance_manager\policies\page_discarding_helper.cc:139] Discarding multiple pages with target (kb): 0, discard_protected_tabs: 0
[15124:15128:0607/182352.519:WARNING:chrome\browser\performance_manager\policies\page_discarding_helper.cc:139] Discarding multiple pages with target (kb): 0, discard_protected_tabs: 0
[15124:15128:0607/182357.520:WARNING:chrome\browser\performance_manager\policies\page_discarding_helper.cc:139] Discarding multiple pages with target (kb): 0, discard_protected_tabs: 0
[15124:15128:0607/182402.521:WARNING:chrome\browser\performance_manager\policies\page_discarding_helper.cc:139] Discarding multiple pages with target (kb): 0, discard_protected_tabs: 0
[15124:15128:0607/182407.540:WARNING:chrome\browser\performance_manager\policies\page_discarding_helper.cc:139] Discarding multiple pages with target (kb): 0, discard_protected_tabs: 0
[15124:15128:0607/182412.540:WARNING:chrome\browser\performance_manager\policies\page_discarding_helper.cc:139] Discarding multiple pages with target (kb): 0, discard_protected_tabs: 0
[15124:15128:0607/182417.560:WARNING:chrome\browser\performance_manager\policies\page_discarding_helper.cc:139] Discarding multiple pages with target (kb): 0, discard_protected_tabs: 0
[15124:15128:0607/182422.560:WARNING:chrome\browser\performance_manager\policies\page_discarding_helper.cc:139] Discarding multiple pages with target (kb): 0, discard_protected_tabs: 0
[15124:15128:0607/182427.579:WARNING:chrome\browser\performance_manager\policies\page_discarding_helper.cc:139] Discarding multiple pages with target (kb): 0, discard_protected_tabs: 0
[15124:15128:0607/182432.580:WARNING:chrome\browser\performance_manager\policies\page_discarding_helper.cc:139] Discarding multiple pages with target (kb): 0, discard_protected_tabs: 0
[15124:15128:0607/182437.580:WARNING:chrome\browser\performance_manager\policies\page_discarding_helper.cc:139] Discarding multiple pages with target (kb): 0, discard_protected_tabs: 0
[15124:15128:0607/182442.599:WARNING:chrome\browser\performance_manager\policies\page_discarding_helper.cc:139] Discarding multiple pages with target (kb): 0, discard_protected_tabs: 0
[15124:15128:0607/182447.620:WARNING:chrome\browser\performance_manager\policies\page_discarding_helper.cc:139] Discarding multiple pages with target (kb): 0, discard_protected_tabs: 0
[15124:15128:0607/182452.620:WARNING:chrome\browser\performance_manager\policies\page_discarding_helper.cc:139] Discarding multiple pages with target (kb): 0, discard_protected_tabs: 0
[15124:15128:0607/182457.640:WARNING:chrome\browser\performance_manager\policies\page_discarding_helper.cc:139] Discarding multiple pages with target (kb): 0, discard_protected_tabs: 0
[15124:15128:0607/182502.640:WARNING:chrome\browser\performance_manager\policies\page_discarding_helper.cc:139] Discarding multiple pages with target (kb): 0, discard_protected_tabs: 0
[15124:15128:0607/182507.640:WARNING:chrome\browser\performance_manager\policies\page_discarding_helper.cc:139] Discarding multiple pages with target (kb): 0, discard_protected_tabs: 0
[15124:15128:0607/182512.659:WARNING:chrome\browser\performance_manager\policies\page_discarding_helper.cc:139] Discarding multiple pages with target (kb): 0, discard_protected_tabs: 0
[15124:15128:0607/182517.659:WARNING:chrome\browser\performance_manager\policies\page_discarding_helper.cc:139] Discarding multiple pages with target (kb): 0, discard_protected_tabs: 0
[15124:15128:0607/182522.679:WARNING:chrome\browser\performance_manager\policies\page_discarding_helper.cc:139] Discarding multiple pages with target (kb): 0, discard_protected_tabs: 0
[15124:15128:0607/182527.700:WARNING:chrome\browser\performance_manager\policies\page_discarding_helper.cc:139] Discarding multiple pages with target (kb): 0, discard_protected_tabs: 0
[15124:15128:0607/182532.700:WARNING:chrome\browser\performance_manager\policies\page_discarding_helper.cc:139] Discarding multiple pages with target (kb): 0, discard_protected_tabs: 0
[15124:15128:0607/182537.719:WARNING:chrome\browser\performance_manager\policies\page_discarding_helper.cc:139] Discarding multiple pages with target (kb): 0, discard_protected_tabs: 0
[15124:15128:0607/182542.720:WARNING:chrome\browser\performance_manager\policies\page_discarding_helper.cc:139] Discarding multiple pages with target (kb): 0, discard_protected_tabs: 0
[15124:15128:0607/182547.739:WARNING:chrome\browser\performance_manager\policies\page_discarding_helper.cc:139] Discarding multiple pages with target (kb): 0, discard_protected_tabs: 0
[15124:15128:0607/182552.760:WARNING:chrome\browser\performance_manager\policies\page_discarding_helper.cc:139] Discarding multiple pages with target (kb): 0, discard_protected_tabs: 0
[15124:15128:0607/182557.780:WARNING:chrome\browser\performance_manager\policies\page_discarding_helper.cc:139] Discarding multiple pages with target (kb): 0, discard_protected_tabs: 0
[15124:15128:0607/182602.780:WARNING:chrome\browser\performance_manager\policies\page_discarding_helper.cc:139] Discarding multiple pages with target (kb): 0, discard_protected_tabs: 0
[15124:15128:0607/182607.799:WARNING:chrome\browser\performance_manager\policies\page_discarding_helper.cc:139] Discarding multiple pages with target (kb): 0, discard_protected_tabs: 0
[15124:15128:0607/182612.799:WARNING:chrome\browser\performance_manager\policies\page_discarding_helper.cc:139] Discarding multiple pages with target (kb): 0, discard_protected_tabs: 0
[15124:15128:0607/182617.820:WARNING:chrome\browser\performance_manager\policies\page_discarding_helper.cc:139] Discarding multiple pages with target (kb): 0, discard_protected_tabs: 0
[15124:15128:0607/182622.840:WARNING:chrome\browser\performance_manager\policies\page_discarding_helper.cc:139] Discarding multiple pages with target (kb): 0, discard_protected_tabs: 0
[15124:15128:0607/182627.840:WARNING:chrome\browser\performance_manager\policies\page_discarding_helper.cc:139] Discarding multiple pages with target (kb): 0, discard_protected_tabs: 0
[15124:15128:0607/182632.842:WARNING:chrome\browser\performance_manager\policies\page_discarding_helper.cc:139] Discarding multiple pages with target (kb): 0, discard_protected_tabs: 0
[15124:15128:0607/182637.860:WARNING:chrome\browser\performance_manager\policies\page_discarding_helper.cc:139] Discarding multiple pages with target (kb): 0, discard_protected_tabs: 0
[15124:15128:0607/182707.939:WARNING:chrome\browser\performance_manager\policies\page_discarding_helper.cc:139] Discarding multiple pages with target (kb): 0, discard_protected_tabs: 0
[15124:15128:0607/182712.959:WARNING:chrome\browser\performance_manager\policies\page_discarding_helper.cc:139] Discarding multiple pages with target (kb): 0, discard_protected_tabs: 0
[15124:15128:0607/182717.960:WARNING:chrome\browser\performance_manager\policies\page_discarding_helper.cc:139] Discarding multiple pages with target (kb): 0, discard_protected_tabs: 0
[15124:15128:0607/182722.980:WARNING:chrome\browser\performance_manager\policies\page_discarding_helper.cc:139] Discarding multiple pages with target (kb): 0, discard_protected_tabs: 0
[15124:15128:0607/182728.000:WARNING:chrome\browser\performance_manager\policies\page_discarding_helper.cc:139] Discarding multiple pages with target (kb): 0, discard_protected_tabs: 0
[15124:15128:0607/182733.000:WARNING:chrome\browser\performance_manager\policies\page_discarding_helper.cc:139] Discarding multiple pages with target (kb): 0, discard_protected_tabs: 0
[15124:15128:0607/182738.000:WARNING:chrome\browser\performance_manager\policies\page_discarding_helper.cc:139] Discarding multiple pages with target (kb): 0, discard_protected_tabs: 0
[15124:15128:0607/182743.019:WARNING:chrome\browser\performance_manager\policies\page_discarding_helper.cc:139] Discarding multiple pages with target (kb): 0, discard_protected_tabs: 0
[15124:15128:0607/182748.020:WARNING:chrome\browser\performance_manager\policies\page_discarding_helper.cc:139] Discarding multiple pages with target (kb): 0, discard_protected_tabs: 0
[15124:15128:0607/182753.040:WARNING:chrome\browser\performance_manager\policies\page_discarding_helper.cc:139] Discarding multiple pages with target (kb): 0, discard_protected_tabs: 0
[15124:15128:0607/183043.460:WARNING:chrome\browser\performance_manager\policies\page_discarding_helper.cc:139] Discarding multiple pages with target (kb): 0, discard_protected_tabs: 0
[15124:15128:0607/183113.540:WARNING:chrome\browser\performance_manager\policies\page_discarding_helper.cc:139] Discarding multiple pages with target (kb): 0, discard_protected_tabs: 0
[15124:15128:0607/183118.540:WARNING:chrome\browser\performance_manager\policies\page_discarding_helper.cc:139] Discarding multiple pages with target (kb): 0, discard_protected_tabs: 0
[15124:15128:0607/183123.560:WARNING:chrome\browser\performance_manager\policies\page_discarding_helper.cc:139] Discarding multiple pages with target (kb): 0, discard_protected_tabs: 0
[15124:15128:0607/183128.560:WARNING:chrome\browser\performance_manager\policies\page_discarding_helper.cc:139] Discarding multiple pages with target (kb): 0, discard_protected_tabs: 0
[15124:15128:0607/183133.579:WARNING:chrome\browser\performance_manager\policies\page_discarding_helper.cc:139] Discarding multiple pages with target (kb): 0, discard_protected_tabs: 0
[15124:15128:0607/183138.580:WARNING:chrome\browser\performance_manager\policies\page_discarding_helper.cc:139] Discarding multiple pages with target (kb): 0, discard_protected_tabs: 0
[15124:15128:0607/183143.601:WARNING:chrome\browser\performance_manager\policies\page_discarding_helper.cc:139] Discarding multiple pages with target (kb): 0, discard_protected_tabs: 0
[15124:15128:0607/183148.620:WARNING:chrome\browser\performance_manager\policies\page_discarding_helper.cc:139] Discarding multiple pages with target (kb): 0, discard_protected_tabs: 0
[15124:15128:0607/183153.640:WARNING:chrome\browser\performance_manager\policies\page_discarding_helper.cc:139] Discarding multiple pages with target (kb): 0, discard_protected_tabs: 0
[15124:15128:0607/183158.641:WARNING:chrome\browser\performance_manager\policies\page_discarding_helper.cc:139] Discarding multiple pages with target (kb): 0, discard_protected_tabs: 0
[15124:15128:0607/183203.659:WARNING:chrome\browser\performance_manager\policies\page_discarding_helper.cc:139] Discarding multiple pages with target (kb): 0, discard_protected_tabs: 0
[15124:15128:0607/184525.600:WARNING:chrome\browser\performance_manager\policies\page_discarding_helper.cc:139] Discarding multiple pages with target (kb): 0, discard_protected_tabs: 0
[15124:15128:0607/184530.619:WARNING:chrome\browser\performance_manager\policies\page_discarding_helper.cc:139] Discarding multiple pages with target (kb): 0, discard_protected_tabs: 0
[15124:15128:0607/184535.620:WARNING:chrome\browser\performance_manager\policies\page_discarding_helper.cc:139] Discarding multiple pages with target (kb): 0, discard_protected_tabs: 0
[15124:15128:0607/184625.746:WARNING:chrome\browser\performance_manager\policies\page_discarding_helper.cc:139] Discarding multiple pages with target (kb): 0, discard_protected_tabs: 0
[15124:15128:0607/184630.760:WARNING:chrome\browser\performance_manager\policies\page_discarding_helper.cc:139] Discarding multiple pages with target (kb): 0, discard_protected_tabs: 0
[15124:15128:0607/184635.760:WARNING:chrome\browser\performance_manager\policies\page_discarding_helper.cc:139] Discarding multiple pages with target (kb): 0, discard_protected_tabs: 0
[15124:15128:0607/184640.780:WARNING:chrome\browser\performance_manager\policies\page_discarding_helper.cc:139] Discarding multiple pages with target (kb): 0, discard_protected_tabs: 0
[15124:15128:0607/184645.799:WARNING:chrome\browser\performance_manager\policies\page_discarding_helper.cc:139] Discarding multiple pages with target (kb): 0, discard_protected_tabs: 0
[15124:15128:0607/184700.840:WARNING:chrome\browser\performance_manager\policies\page_discarding_helper.cc:139] Discarding multiple pages with target (kb): 0, discard_protected_tabs: 0
[15124:15128:0607/184705.860:WARNING:chrome\browser\performance_manager\policies\page_discarding_helper.cc:139] Discarding multiple pages with target (kb): 0, discard_protected_tabs: 0
[15124:15128:0607/184710.881:WARNING:chrome\browser\performance_manager\policies\page_discarding_helper.cc:139] Discarding multiple pages with target (kb): 0, discard_protected_tabs: 0
[15124:15128:0607/184715.900:WARNING:chrome\browser\performance_manager\policies\page_discarding_helper.cc:139] Discarding multiple pages with target (kb): 0, discard_protected_tabs: 0
[15124:15128:0607/184720.900:WARNING:chrome\browser\performance_manager\policies\page_discarding_helper.cc:139] Discarding multiple pages with target (kb): 0, discard_protected_tabs: 0
[15124:15128:0607/184725.919:WARNING:chrome\browser\performance_manager\policies\page_discarding_helper.cc:139] Discarding multiple pages with target (kb): 0, discard_protected_tabs: 0
[15124:15128:0607/184730.939:WARNING:chrome\browser\performance_manager\policies\page_discarding_helper.cc:139] Discarding multiple pages with target (kb): 0, discard_protected_tabs: 0
[15124:15128:0607/184735.941:WARNING:chrome\browser\performance_manager\policies\page_discarding_helper.cc:139] Discarding multiple pages with target (kb): 0, discard_protected_tabs: 0
[15124:15128:0607/184740.960:WARNING:chrome\browser\performance_manager\policies\page_discarding_helper.cc:139] Discarding multiple pages with target (kb): 0, discard_protected_tabs: 0
[15124:15128:0607/184745.981:WARNING:chrome\browser\performance_manager\policies\page_discarding_helper.cc:139] Discarding multiple pages with target (kb): 0, discard_protected_tabs: 0
[15124:15128:0607/184750.982:WARNING:chrome\browser\performance_manager\policies\page_discarding_helper.cc:139] Discarding multiple pages with target (kb): 0, discard_protected_tabs: 0
[15124:15128:0607/184756.000:WARNING:chrome\browser\performance_manager\policies\page_discarding_helper.cc:139] Discarding multiple pages with target (kb): 0, discard_protected_tabs: 0
[15124:15128:0607/184801.019:WARNING:chrome\browser\performance_manager\policies\page_discarding_helper.cc:139] Discarding multiple pages with target (kb): 0, discard_protected_tabs: 0
[15124:15128:0607/184806.020:WARNING:chrome\browser\performance_manager\policies\page_discarding_helper.cc:139] Discarding multiple pages with target (kb): 0, discard_protected_tabs: 0
[15124:15128:0607/184811.040:WARNING:chrome\browser\performance_manager\policies\page_discarding_helper.cc:139] Discarding multiple pages with target (kb): 0, discard_protected_tabs: 0
[15124:15128:0607/184816.060:WARNING:chrome\browser\performance_manager\policies\page_discarding_helper.cc:139] Discarding multiple pages with target (kb): 0, discard_protected_tabs: 0
[15124:15128:0607/184821.059:WARNING:chrome\browser\performance_manager\policies\page_discarding_helper.cc:139] Discarding multiple pages with target (kb): 0, discard_protected_tabs: 0
[15124:15128:0607/184826.060:WARNING:chrome\browser\performance_manager\policies\page_discarding_helper.cc:139] Discarding multiple pages with target (kb): 0, discard_protected_tabs: 0
[15124:15128:0607/184831.061:WARNING:chrome\browser\performance_manager\policies\page_discarding_helper.cc:139] Discarding multiple pages with target (kb): 0, discard_protected_tabs: 0
[15124:15128:0607/184836.080:WARNING:chrome\browser\performance_manager\policies\page_discarding_helper.cc:139] Discarding multiple pages with target (kb): 0, discard_protected_tabs: 0
[15124:15128:0607/184841.099:WARNING:chrome\browser\performance_manager\policies\page_discarding_helper.cc:139] Discarding multiple pages with target (kb): 0, discard_protected_tabs: 0
[15124:15128:0607/184846.100:WARNING:chrome\browser\performance_manager\policies\page_discarding_helper.cc:139] Discarding multiple pages with target (kb): 0, discard_protected_tabs: 0
[15124:15128:0607/184851.120:WARNING:chrome\browser\performance_manager\policies\page_discarding_helper.cc:139] Discarding multiple pages with target (kb): 0, discard_protected_tabs: 0
[15124:15128:0607/184856.140:WARNING:chrome\browser\performance_manager\policies\page_discarding_helper.cc:139] Discarding multiple pages with target (kb): 0, discard_protected_tabs: 0
[15124:15128:0607/184901.159:WARNING:chrome\browser\performance_manager\policies\page_discarding_helper.cc:139] Discarding multiple pages with target (kb): 0, discard_protected_tabs: 0
[15124:15128:0607/184906.160:WARNING:chrome\browser\performance_manager\policies\page_discarding_helper.cc:139] Discarding multiple pages with target (kb): 0, discard_protected_tabs: 0
[15124:15128:0607/184911.179:WARNING:chrome\browser\performance_manager\policies\page_discarding_helper.cc:139] Discarding multiple pages with target (kb): 0, discard_protected_tabs: 0
[15124:15128:0607/184916.180:WARNING:chrome\browser\performance_manager\policies\page_discarding_helper.cc:139] Discarding multiple pages with target (kb): 0, discard_protected_tabs: 0
[15124:15128:0607/184921.200:WARNING:chrome\browser\performance_manager\policies\page_discarding_helper.cc:139] Discarding multiple pages with target (kb): 0, discard_protected_tabs: 0
[15124:15128:0607/184926.200:WARNING:chrome\browser\performance_manager\policies\page_discarding_helper.cc:139] Discarding multiple pages with target (kb): 0, discard_protected_tabs: 0
[15124:15128:0607/184931.200:WARNING:chrome\browser\performance_manager\policies\page_discarding_helper.cc:139] Discarding multiple pages with target (kb): 0, discard_protected_tabs: 0
[15124:15128:0607/184936.219:WARNING:chrome\browser\performance_manager\policies\page_discarding_helper.cc:139] Discarding multiple pages with target (kb): 0, discard_protected_tabs: 0
[15124:15128:0607/184941.219:WARNING:chrome\browser\performance_manager\policies\page_discarding_helper.cc:139] Discarding multiple pages with target (kb): 0, discard_protected_tabs: 0
[15124:15128:0607/184946.239:WARNING:chrome\browser\performance_manager\policies\page_discarding_helper.cc:139] Discarding multiple pages with target (kb): 0, discard_protected_tabs: 0
[15124:15128:0607/184951.260:WARNING:chrome\browser\performance_manager\policies\page_discarding_helper.cc:139] Discarding multiple pages with target (kb): 0, discard_protected_tabs: 0
[15124:15128:0607/184956.259:WARNING:chrome\browser\performance_manager\policies\page_discarding_helper.cc:139] Discarding multiple pages with target (kb): 0, discard_protected_tabs: 0
[15124:15128:0607/185001.280:WARNING:chrome\browser\performance_manager\policies\page_discarding_helper.cc:139] Discarding multiple pages with target (kb): 0, discard_protected_tabs: 0
[15124:15128:0607/185006.300:WARNING:chrome\browser\performance_manager\policies\page_discarding_helper.cc:139] Discarding multiple pages with target (kb): 0, discard_protected_tabs: 0
[15124:15128:0607/185116.480:WARNING:chrome\browser\performance_manager\policies\page_discarding_helper.cc:139] Discarding multiple pages with target (kb): 0, discard_protected_tabs: 0
[15124:15128:0607/185121.500:WARNING:chrome\browser\performance_manager\policies\page_discarding_helper.cc:139] Discarding multiple pages with target (kb): 0, discard_protected_tabs: 0
[15124:15128:0607/185206.620:WARNING:chrome\browser\performance_manager\policies\page_discarding_helper.cc:139] Discarding multiple pages with target (kb): 0, discard_protected_tabs: 0
[15124:15128:0607/185211.621:WARNING:chrome\browser\performance_manager\policies\page_discarding_helper.cc:139] Discarding multiple pages with target (kb): 0, discard_protected_tabs: 0
[15124:15128:0607/185246.701:WARNING:chrome\browser\performance_manager\policies\page_discarding_helper.cc:139] Discarding multiple pages with target (kb): 0, discard_protected_tabs: 0
[15124:15128:0607/185251.720:WARNING:chrome\browser\performance_manager\policies\page_discarding_helper.cc:139] Discarding multiple pages with target (kb): 0, discard_protected_tabs: 0
[15124:15128:0607/185256.739:WARNING:chrome\browser\performance_manager\policies\page_discarding_helper.cc:139] Discarding multiple pages with target (kb): 0, discard_protected_tabs: 0
[15124:15128:0607/185301.760:WARNING:chrome\browser\performance_manager\policies\page_discarding_helper.cc:139] Discarding multiple pages with target (kb): 0, discard_protected_tabs: 0
[15124:15128:0607/185306.760:WARNING:chrome\browser\performance_manager\policies\page_discarding_helper.cc:139] Discarding multiple pages with target (kb): 0, discard_protected_tabs: 0
[15124:15128:0607/185311.779:WARNING:chrome\browser\performance_manager\policies\page_discarding_helper.cc:139] Discarding multiple pages with target (kb): 0, discard_protected_tabs: 0
[15124:15128:0607/185316.800:WARNING:chrome\browser\performance_manager\policies\page_discarding_helper.cc:139] Discarding multiple pages with target (kb): 0, discard_protected_tabs: 0
[15124:15128:0607/185321.799:WARNING:chrome\browser\performance_manager\policies\page_discarding_helper.cc:139] Discarding multiple pages with target (kb): 0, discard_protected_tabs: 0
[15124:15128:0607/185326.819:WARNING:chrome\browser\performance_manager\policies\page_discarding_helper.cc:139] Discarding multiple pages with target (kb): 0, discard_protected_tabs: 0
[15124:15128:0607/185331.820:WARNING:chrome\browser\performance_manager\policies\page_discarding_helper.cc:139] Discarding multiple pages with target (kb): 0, discard_protected_tabs: 0
[15124:15128:0607/204402.260:WARNING:chrome\browser\performance_manager\policies\page_discarding_helper.cc:139] Discarding multiple pages with target (kb): 0, discard_protected_tabs: 0
[15124:15128:0607/204407.260:WARNING:chrome\browser\performance_manager\policies\page_discarding_helper.cc:139] Discarding multiple pages with target (kb): 0, discard_protected_tabs: 0
[15124:15128:0607/204417.280:WARNING:chrome\browser\performance_manager\policies\page_discarding_helper.cc:139] Discarding multiple pages with target (kb): 0, discard_protected_tabs: 0
[15124:15128:0607/204427.319:WARNING:chrome\browser\performance_manager\policies\page_discarding_helper.cc:139] Discarding multiple pages with target (kb): 0, discard_protected_tabs: 0
[15124:15128:0607/204432.320:WARNING:chrome\browser\performance_manager\policies\page_discarding_helper.cc:139] Discarding multiple pages with target (kb): 0, discard_protected_tabs: 0
[15124:15128:0607/204437.340:WARNING:chrome\browser\performance_manager\policies\page_discarding_helper.cc:139] Discarding multiple pages with target (kb): 0, discard_protected_tabs: 0
[15124:15128:0607/204442.360:WARNING:chrome\browser\performance_manager\policies\page_discarding_helper.cc:139] Discarding multiple pages with target (kb): 0, discard_protected_tabs: 0
[15124:15128:0607/204447.360:WARNING:chrome\browser\performance_manager\policies\page_discarding_helper.cc:139] Discarding multiple pages with target (kb): 0, discard_protected_tabs: 0
[15124:15128:0607/204452.379:WARNING:chrome\browser\performance_manager\policies\page_discarding_helper.cc:139] Discarding multiple pages with target (kb): 0, discard_protected_tabs: 0
[15124:15128:0607/204457.399:WARNING:chrome\browser\performance_manager\policies\page_discarding_helper.cc:139] Discarding multiple pages with target (kb): 0, discard_protected_tabs: 0
[15124:15128:0607/204502.400:WARNING:chrome\browser\performance_manager\policies\page_discarding_helper.cc:139] Discarding multiple pages with target (kb): 0, discard_protected_tabs: 0
[15124:15128:0607/204507.419:WARNING:chrome\browser\performance_manager\policies\page_discarding_helper.cc:139] Discarding multiple pages with target (kb): 0, discard_protected_tabs: 0
[15124:15128:0607/204512.420:WARNING:chrome\browser\performance_manager\policies\page_discarding_helper.cc:139] Discarding multiple pages with target (kb): 0, discard_protected_tabs: 0
[15124:15128:0607/204517.439:WARNING:chrome\browser\performance_manager\policies\page_discarding_helper.cc:139] Discarding multiple pages with target (kb): 0, discard_protected_tabs: 0
[15124:15128:0607/204522.459:WARNING:chrome\browser\performance_manager\policies\page_discarding_helper.cc:139] Discarding multiple pages with target (kb): 0, discard_protected_tabs: 0
[15124:15128:0607/204527.460:WARNING:chrome\browser\performance_manager\policies\page_discarding_helper.cc:139] Discarding multiple pages with target (kb): 0, discard_protected_tabs: 0
[15124:15128:0607/204532.479:WARNING:chrome\browser\performance_manager\policies\page_discarding_helper.cc:139] Discarding multiple pages with target (kb): 0, discard_protected_tabs: 0
[15124:15128:0607/204537.480:WARNING:chrome\browser\performance_manager\policies\page_discarding_helper.cc:139] Discarding multiple pages with target (kb): 0, discard_protected_tabs: 0
[15124:15128:0607/204542.480:WARNING:chrome\browser\performance_manager\policies\page_discarding_helper.cc:139] Discarding multiple pages with target (kb): 0, discard_protected_tabs: 0
[15124:15128:0607/204547.480:WARNING:chrome\browser\performance_manager\policies\page_discarding_helper.cc:139] Discarding multiple pages with target (kb): 0, discard_protected_tabs: 0
[15124:15128:0607/204552.499:WARNING:chrome\browser\performance_manager\policies\page_discarding_helper.cc:139] Discarding multiple pages with target (kb): 0, discard_protected_tabs: 0
[15124:15128:0607/204557.500:WARNING:chrome\browser\performance_manager\policies\page_discarding_helper.cc:139] Discarding multiple pages with target (kb): 0, discard_protected_tabs: 0
[15124:15128:0607/204602.519:WARNING:chrome\browser\performance_manager\policies\page_discarding_helper.cc:139] Discarding multiple pages with target (kb): 0, discard_protected_tabs: 0
[15124:15128:0607/204607.520:WARNING:chrome\browser\performance_manager\policies\page_discarding_helper.cc:139] Discarding multiple pages with target (kb): 0, discard_protected_tabs: 0
[15124:15128:0607/204612.539:WARNING:chrome\browser\performance_manager\policies\page_discarding_helper.cc:139] Discarding multiple pages with target (kb): 0, discard_protected_tabs: 0
[15124:15128:0607/204617.540:WARNING:chrome\browser\performance_manager\policies\page_discarding_helper.cc:139] Discarding multiple pages with target (kb): 0, discard_protected_tabs: 0
[15124:15128:0607/204622.540:WARNING:chrome\browser\performance_manager\policies\page_discarding_helper.cc:139] Discarding multiple pages with target (kb): 0, discard_protected_tabs: 0
[15124:15128:0607/204627.560:WARNING:chrome\browser\performance_manager\policies\page_discarding_helper.cc:139] Discarding multiple pages with target (kb): 0, discard_protected_tabs: 0
[15124:15128:0607/204632.579:WARNING:chrome\browser\performance_manager\policies\page_discarding_helper.cc:139] Discarding multiple pages with target (kb): 0, discard_protected_tabs: 0
[15124:15128:0607/204637.579:WARNING:chrome\browser\performance_manager\policies\page_discarding_helper.cc:139] Discarding multiple pages with target (kb): 0, discard_protected_tabs: 0
[15124:15128:0607/204642.599:WARNING:chrome\browser\performance_manager\policies\page_discarding_helper.cc:139] Discarding multiple pages with target (kb): 0, discard_protected_tabs: 0
[15124:15128:0607/204647.600:WARNING:chrome\browser\performance_manager\policies\page_discarding_helper.cc:139] Discarding multiple pages with target (kb): 0, discard_protected_tabs: 0
[15124:15128:0607/204652.621:WARNING:chrome\browser\performance_manager\policies\page_discarding_helper.cc:139] Discarding multiple pages with target (kb): 0, discard_protected_tabs: 0
[15124:15128:0607/205518.900:WARNING:chrome\browser\performance_manager\policies\page_discarding_helper.cc:139] Discarding multiple pages with target (kb): 0, discard_protected_tabs: 0
[15124:15128:0607/205523.920:WARNING:chrome\browser\performance_manager\policies\page_discarding_helper.cc:139] Discarding multiple pages with target (kb): 0, discard_protected_tabs: 0
[15124:15128:0607/205528.940:WARNING:chrome\browser\performance_manager\policies\page_discarding_helper.cc:139] Discarding multiple pages with target (kb): 0, discard_protected_tabs: 0
[15124:15128:0607/205533.959:WARNING:chrome\browser\performance_manager\policies\page_discarding_helper.cc:139] Discarding multiple pages with target (kb): 0, discard_protected_tabs: 0
[15124:15128:0607/205538.979:WARNING:chrome\browser\performance_manager\policies\page_discarding_helper.cc:139] Discarding multiple pages with target (kb): 0, discard_protected_tabs: 0
[15124:15128:0607/205543.980:WARNING:chrome\browser\performance_manager\policies\page_discarding_helper.cc:139] Discarding multiple pages with target (kb): 0, discard_protected_tabs: 0
[15124:15128:0607/205548.999:WARNING:chrome\browser\performance_manager\policies\page_discarding_helper.cc:139] Discarding multiple pages with target (kb): 0, discard_protected_tabs: 0
[15124:15128:0607/205554.020:WARNING:chrome\browser\performance_manager\policies\page_discarding_helper.cc:139] Discarding multiple pages with target (kb): 0, discard_protected_tabs: 0
[15124:15128:0607/205559.020:WARNING:chrome\browser\performance_manager\policies\page_discarding_helper.cc:139] Discarding multiple pages with target (kb): 0, discard_protected_tabs: 0
[15124:15128:0607/205604.040:WARNING:chrome\browser\performance_manager\policies\page_discarding_helper.cc:139] Discarding multiple pages with target (kb): 0, discard_protected_tabs: 0
[15124:15128:0607/205609.040:WARNING:chrome\browser\performance_manager\policies\page_discarding_helper.cc:139] Discarding multiple pages with target (kb): 0, discard_protected_tabs: 0
[15124:15128:0607/205614.059:WARNING:chrome\browser\performance_manager\policies\page_discarding_helper.cc:139] Discarding multiple pages with target (kb): 0, discard_protected_tabs: 0
[15124:15128:0607/205619.080:WARNING:chrome\browser\performance_manager\policies\page_discarding_helper.cc:139] Discarding multiple pages with target (kb): 0, discard_protected_tabs: 0
[15124:15128:0607/205624.080:WARNING:chrome\browser\performance_manager\policies\page_discarding_helper.cc:139] Discarding multiple pages with target (kb): 0, discard_protected_tabs: 0
[15124:15128:0607/205629.099:WARNING:chrome\browser\performance_manager\policies\page_discarding_helper.cc:139] Discarding multiple pages with target (kb): 0, discard_protected_tabs: 0
[15124:15128:0607/205634.120:WARNING:chrome\browser\performance_manager\policies\page_discarding_helper.cc:139] Discarding multiple pages with target (kb): 0, discard_protected_tabs: 0
[15124:15128:0607/205639.120:WARNING:chrome\browser\performance_manager\policies\page_discarding_helper.cc:139] Discarding multiple pages with target (kb): 0, discard_protected_tabs: 0
[15124:15128:0607/205644.120:WARNING:chrome\browser\performance_manager\policies\page_discarding_helper.cc:139] Discarding multiple pages with target (kb): 0, discard_protected_tabs: 0
[15124:15128:0607/205649.139:WARNING:chrome\browser\performance_manager\policies\page_discarding_helper.cc:139] Discarding multiple pages with target (kb): 0, discard_protected_tabs: 0
[15124:15128:0607/205654.139:WARNING:chrome\browser\performance_manager\policies\page_discarding_helper.cc:139] Discarding multiple pages with target (kb): 0, discard_protected_tabs: 0
[15124:15128:0607/205659.159:WARNING:chrome\browser\performance_manager\policies\page_discarding_helper.cc:139] Discarding multiple pages with target (kb): 0, discard_protected_tabs: 0
[15124:15128:0607/205704.160:WARNING:chrome\browser\performance_manager\policies\page_discarding_helper.cc:139] Discarding multiple pages with target (kb): 0, discard_protected_tabs: 0
[15124:15128:0607/205844.419:WARNING:chrome\browser\performance_manager\policies\page_discarding_helper.cc:139] Discarding multiple pages with target (kb): 0, discard_protected_tabs: 0
[15124:15128:0607/211626.960:WARNING:chrome\browser\performance_manager\policies\page_discarding_helper.cc:139] Discarding multiple pages with target (kb): 0, discard_protected_tabs: 0
[15124:15128:0607/211636.999:WARNING:chrome\browser\performance_manager\policies\page_discarding_helper.cc:139] Discarding multiple pages with target (kb): 0, discard_protected_tabs: 0
[15124:15128:0607/211642.000:WARNING:chrome\browser\performance_manager\policies\page_discarding_helper.cc:139] Discarding multiple pages with target (kb): 0, discard_protected_tabs: 0
[15124:15128:0607/211647.020:WARNING:chrome\browser\performance_manager\policies\page_discarding_helper.cc:139] Discarding multiple pages with target (kb): 0, discard_protected_tabs: 0
[15124:15128:0607/211652.040:WARNING:chrome\browser\performance_manager\policies\page_discarding_helper.cc:139] Discarding multiple pages with target (kb): 0, discard_protected_tabs: 0
[15124:15128:0607/211657.040:WARNING:chrome\browser\performance_manager\policies\page_discarding_helper.cc:139] Discarding multiple pages with target (kb): 0, discard_protected_tabs: 0
[15124:15128:0607/211702.059:WARNING:chrome\browser\performance_manager\policies\page_discarding_helper.cc:139] Discarding multiple pages with target (kb): 0, discard_protected_tabs: 0
[15124:15128:0607/211707.061:WARNING:chrome\browser\performance_manager\policies\page_discarding_helper.cc:139] Discarding multiple pages with target (kb): 0, discard_protected_tabs: 0
[15124:15128:0607/211712.080:WARNING:chrome\browser\performance_manager\policies\page_discarding_helper.cc:139] Discarding multiple pages with target (kb): 0, discard_protected_tabs: 0
[15124:15128:0607/211717.099:WARNING:chrome\browser\performance_manager\policies\page_discarding_helper.cc:139] Discarding multiple pages with target (kb): 0, discard_protected_tabs: 0
[15124:15128:0607/211722.100:WARNING:chrome\browser\performance_manager\policies\page_discarding_helper.cc:139] Discarding multiple pages with target (kb): 0, discard_protected_tabs: 0
[15124:15128:0607/211727.119:WARNING:chrome\browser\performance_manager\policies\page_discarding_helper.cc:139] Discarding multiple pages with target (kb): 0, discard_protected_tabs: 0
[15124:15128:0607/211732.120:WARNING:chrome\browser\performance_manager\policies\page_discarding_helper.cc:139] Discarding multiple pages with target (kb): 0, discard_protected_tabs: 0
[15124:15128:0607/211737.120:WARNING:chrome\browser\performance_manager\policies\page_discarding_helper.cc:139] Discarding multiple pages with target (kb): 0, discard_protected_tabs: 0
[15124:15128:0607/211742.139:WARNING:chrome\browser\performance_manager\policies\page_discarding_helper.cc:139] Discarding multiple pages with target (kb): 0, discard_protected_tabs: 0
[15124:15128:0607/211747.159:WARNING:chrome\browser\performance_manager\policies\page_discarding_helper.cc:139] Discarding multiple pages with target (kb): 0, discard_protected_tabs: 0
[15124:15128:0607/211752.159:WARNING:chrome\browser\performance_manager\policies\page_discarding_helper.cc:139] Discarding multiple pages with target (kb): 0, discard_protected_tabs: 0
[15124:15128:0607/211757.179:WARNING:chrome\browser\performance_manager\policies\page_discarding_helper.cc:139] Discarding multiple pages with target (kb): 0, discard_protected_tabs: 0
[15124:15128:0607/211802.180:WARNING:chrome\browser\performance_manager\policies\page_discarding_helper.cc:139] Discarding multiple pages with target (kb): 0, discard_protected_tabs: 0
[15124:15128:0607/211807.200:WARNING:chrome\browser\performance_manager\policies\page_discarding_helper.cc:139] Discarding multiple pages with target (kb): 0, discard_protected_tabs: 0
[15124:15128:0607/211812.219:WARNING:chrome\browser\performance_manager\policies\page_discarding_helper.cc:139] Discarding multiple pages with target (kb): 0, discard_protected_tabs: 0
[15124:15128:0607/211817.220:WARNING:chrome\browser\performance_manager\policies\page_discarding_helper.cc:139] Discarding multiple pages with target (kb): 0, discard_protected_tabs: 0
[15124:15128:0607/211822.240:WARNING:chrome\browser\performance_manager\policies\page_discarding_helper.cc:139] Discarding multiple pages with target (kb): 0, discard_protected_tabs: 0
[15124:15128:0607/211832.260:WARNING:chrome\browser\performance_manager\policies\page_discarding_helper.cc:139] Discarding multiple pages with target (kb): 0, discard_protected_tabs: 0
[15124:15128:0607/211837.279:WARNING:chrome\browser\performance_manager\policies\page_discarding_helper.cc:139] Discarding multiple pages with target (kb): 0, discard_protected_tabs: 0
[15124:15128:0607/211842.280:WARNING:chrome\browser\performance_manager\policies\page_discarding_helper.cc:139] Discarding multiple pages with target (kb): 0, discard_protected_tabs: 0
[15124:15128:0607/211847.280:WARNING:chrome\browser\performance_manager\policies\page_discarding_helper.cc:139] Discarding multiple pages with target (kb): 0, discard_protected_tabs: 0
[15124:15128:0607/211852.299:WARNING:chrome\browser\performance_manager\policies\page_discarding_helper.cc:139] Discarding multiple pages with target (kb): 0, discard_protected_tabs: 0
[15124:15128:0607/211857.300:WARNING:chrome\browser\performance_manager\policies\page_discarding_helper.cc:139] Discarding multiple pages with target (kb): 0, discard_protected_tabs: 0
[15124:15128:0607/211902.319:WARNING:chrome\browser\performance_manager\policies\page_discarding_helper.cc:139] Discarding multiple pages with target (kb): 0, discard_protected_tabs: 0
[15124:15128:0607/211907.339:WARNING:chrome\browser\performance_manager\policies\page_discarding_helper.cc:139] Discarding multiple pages with target (kb): 0, discard_protected_tabs: 0
[15124:15128:0607/211912.340:WARNING:chrome\browser\performance_manager\policies\page_discarding_helper.cc:139] Discarding multiple pages with target (kb): 0, discard_protected_tabs: 0
[15124:15128:0607/212012.440:WARNING:chrome\browser\performance_manager\policies\page_discarding_helper.cc:139] Discarding multiple pages with target (kb): 0, discard_protected_tabs: 0
[15124:15128:0607/212017.460:WARNING:chrome\browser\performance_manager\policies\page_discarding_helper.cc:139] Discarding multiple pages with target (kb): 0, discard_protected_tabs: 0
[15124:15128:0607/212022.479:WARNING:chrome\browser\performance_manager\policies\page_discarding_helper.cc:139] Discarding multiple pages with target (kb): 0, discard_protected_tabs: 0
[15124:15128:0607/212027.499:WARNING:chrome\browser\performance_manager\policies\page_discarding_helper.cc:139] Discarding multiple pages with target (kb): 0, discard_protected_tabs: 0
[15124:15128:0607/212032.500:WARNING:chrome\browser\performance_manager\policies\page_discarding_helper.cc:139] Discarding multiple pages with target (kb): 0, discard_protected_tabs: 0
[15124:15128:0607/212037.519:WARNING:chrome\browser\performance_manager\policies\page_discarding_helper.cc:139] Discarding multiple pages with target (kb): 0, discard_protected_tabs: 0
[15124:15128:0607/212042.540:WARNING:chrome\browser\performance_manager\policies\page_discarding_helper.cc:139] Discarding multiple pages with target (kb): 0, discard_protected_tabs: 0
[15124:15128:0607/212047.560:WARNING:chrome\browser\performance_manager\policies\page_discarding_helper.cc:139] Discarding multiple pages with target (kb): 0, discard_protected_tabs: 0
[15124:15128:0607/212052.579:WARNING:chrome\browser\performance_manager\policies\page_discarding_helper.cc:139] Discarding multiple pages with target (kb): 0, discard_protected_tabs: 0
[15124:15128:0607/212057.580:WARNING:chrome\browser\performance_manager\policies\page_discarding_helper.cc:139] Discarding multiple pages with target (kb): 0, discard_protected_tabs: 0
[15124:15128:0607/212102.579:WARNING:chrome\browser\performance_manager\policies\page_discarding_helper.cc:139] Discarding multiple pages with target (kb): 0, discard_protected_tabs: 0
[15124:15128:0607/212107.599:WARNING:chrome\browser\performance_manager\policies\page_discarding_helper.cc:139] Discarding multiple pages with target (kb): 0, discard_protected_tabs: 0
[15124:15128:0607/212112.600:WARNING:chrome\browser\performance_manager\policies\page_discarding_helper.cc:139] Discarding multiple pages with target (kb): 0, discard_protected_tabs: 0
[15124:15128:0607/212117.619:WARNING:chrome\browser\performance_manager\policies\page_discarding_helper.cc:139] Discarding multiple pages with target (kb): 0, discard_protected_tabs: 0
[15124:15128:0607/212122.639:WARNING:chrome\browser\performance_manager\policies\page_discarding_helper.cc:139] Discarding multiple pages with target (kb): 0, discard_protected_tabs: 0
[15124:15128:0607/212127.640:WARNING:chrome\browser\performance_manager\policies\page_discarding_helper.cc:139] Discarding multiple pages with target (kb): 0, discard_protected_tabs: 0
[15124:15128:0607/212132.659:WARNING:chrome\browser\performance_manager\policies\page_discarding_helper.cc:139] Discarding multiple pages with target (kb): 0, discard_protected_tabs: 0
[15124:15128:0607/212142.680:WARNING:chrome\browser\performance_manager\policies\page_discarding_helper.cc:139] Discarding multiple pages with target (kb): 0, discard_protected_tabs: 0
[15124:15128:0607/212147.699:WARNING:chrome\browser\performance_manager\policies\page_discarding_helper.cc:139] Discarding multiple pages with target (kb): 0, discard_protected_tabs: 0
[15124:15128:0607/212152.719:WARNING:chrome\browser\performance_manager\policies\page_discarding_helper.cc:139] Discarding multiple pages with target (kb): 0, discard_protected_tabs: 0
[15124:15128:0607/212157.719:WARNING:chrome\browser\performance_manager\policies\page_discarding_helper.cc:139] Discarding multiple pages with target (kb): 0, discard_protected_tabs: 0
[15124:15128:0607/212202.720:WARNING:chrome\browser\performance_manager\policies\page_discarding_helper.cc:139] Discarding multiple pages with target (kb): 0, discard_protected_tabs: 0
[15124:15128:0607/212207.740:WARNING:chrome\browser\performance_manager\policies\page_discarding_helper.cc:139] Discarding multiple pages with target (kb): 0, discard_protected_tabs: 0
[15124:15128:0607/212212.759:WARNING:chrome\browser\performance_manager\policies\page_discarding_helper.cc:139] Discarding multiple pages with target (kb): 0, discard_protected_tabs: 0
[15124:15128:0607/212217.760:WARNING:chrome\browser\performance_manager\policies\page_discarding_helper.cc:139] Discarding multiple pages with target (kb): 0, discard_protected_tabs: 0
[15124:15128:0607/212222.759:WARNING:chrome\browser\performance_manager\policies\page_discarding_helper.cc:139] Discarding multiple pages with target (kb): 0, discard_protected_tabs: 0
[15124:15128:0607/212227.779:WARNING:chrome\browser\performance_manager\policies\page_discarding_helper.cc:139] Discarding multiple pages with target (kb): 0, discard_protected_tabs: 0
[15124:15128:0607/212232.800:WARNING:chrome\browser\performance_manager\policies\page_discarding_helper.cc:139] Discarding multiple pages with target (kb): 0, discard_protected_tabs: 0
[15124:15128:0607/212237.800:WARNING:chrome\browser\performance_manager\policies\page_discarding_helper.cc:139] Discarding multiple pages with target (kb): 0, discard_protected_tabs: 0
[15124:15128:0607/212242.820:WARNING:chrome\browser\performance_manager\policies\page_discarding_helper.cc:139] Discarding multiple pages with target (kb): 0, discard_protected_tabs: 0
[15124:15128:0607/212252.840:WARNING:chrome\browser\performance_manager\policies\page_discarding_helper.cc:139] Discarding multiple pages with target (kb): 0, discard_protected_tabs: 0
[15124:15128:0607/212257.859:WARNING:chrome\browser\performance_manager\policies\page_discarding_helper.cc:139] Discarding multiple pages with target (kb): 0, discard_protected_tabs: 0
[15124:15128:0607/212302.860:WARNING:chrome\browser\performance_manager\policies\page_discarding_helper.cc:139] Discarding multiple pages with target (kb): 0, discard_protected_tabs: 0
[15124:15128:0607/212307.879:WARNING:chrome\browser\performance_manager\policies\page_discarding_helper.cc:139] Discarding multiple pages with target (kb): 0, discard_protected_tabs: 0
[15124:15128:0607/212312.900:WARNING:chrome\browser\performance_manager\policies\page_discarding_helper.cc:139] Discarding multiple pages with target (kb): 0, discard_protected_tabs: 0
[15124:15128:0607/212317.920:WARNING:chrome\browser\performance_manager\policies\page_discarding_helper.cc:139] Discarding multiple pages with target (kb): 0, discard_protected_tabs: 0
[15124:15128:0607/212322.939:WARNING:chrome\browser\performance_manager\policies\page_discarding_helper.cc:139] Discarding multiple pages with target (kb): 0, discard_protected_tabs: 0
[15124:15128:0607/212327.959:WARNING:chrome\browser\performance_manager\policies\page_discarding_helper.cc:139] Discarding multiple pages with target (kb): 0, discard_protected_tabs: 0
[15124:15128:0607/212332.959:WARNING:chrome\browser\performance_manager\policies\page_discarding_helper.cc:139] Discarding multiple pages with target (kb): 0, discard_protected_tabs: 0
[15124:15128:0607/212342.980:WARNING:chrome\browser\performance_manager\policies\page_discarding_helper.cc:139] Discarding multiple pages with target (kb): 0, discard_protected_tabs: 0
[15124:15128:0607/212358.020:WARNING:chrome\browser\performance_manager\policies\page_discarding_helper.cc:139] Discarding multiple pages with target (kb): 0, discard_protected_tabs: 0
[15124:15128:0607/212403.040:WARNING:chrome\browser\performance_manager\policies\page_discarding_helper.cc:139] Discarding multiple pages with target (kb): 0, discard_protected_tabs: 0
[15124:15128:0607/212413.059:WARNING:chrome\browser\performance_manager\policies\page_discarding_helper.cc:139] Discarding multiple pages with target (kb): 0, discard_protected_tabs: 0
[15124:15128:0607/212418.080:WARNING:chrome\browser\performance_manager\policies\page_discarding_helper.cc:139] Discarding multiple pages with target (kb): 0, discard_protected_tabs: 0
[15124:15128:0607/212423.099:WARNING:chrome\browser\performance_manager\policies\page_discarding_helper.cc:139] Discarding multiple pages with target (kb): 0, discard_protected_tabs: 0
[15124:15128:0607/212428.099:WARNING:chrome\browser\performance_manager\policies\page_discarding_helper.cc:139] Discarding multiple pages with target (kb): 0, discard_protected_tabs: 0
[15124:15128:0607/212433.120:WARNING:chrome\browser\performance_manager\policies\page_discarding_helper.cc:139] Discarding multiple pages with target (kb): 0, discard_protected_tabs: 0
[15124:15128:0607/212438.140:WARNING:chrome\browser\performance_manager\policies\page_discarding_helper.cc:139] Discarding multiple pages with target (kb): 0, discard_protected_tabs: 0
[15124:15128:0607/212443.159:WARNING:chrome\browser\performance_manager\policies\page_discarding_helper.cc:139] Discarding multiple pages with target (kb): 0, discard_protected_tabs: 0
[15124:15128:0607/212448.179:WARNING:chrome\browser\performance_manager\policies\page_discarding_helper.cc:139] Discarding multiple pages with target (kb): 0, discard_protected_tabs: 0
[15124:15128:0607/212453.180:WARNING:chrome\browser\performance_manager\policies\page_discarding_helper.cc:139] Discarding multiple pages with target (kb): 0, discard_protected_tabs: 0
[15124:15128:0607/212458.199:WARNING:chrome\browser\performance_manager\policies\page_discarding_helper.cc:139] Discarding multiple pages with target (kb): 0, discard_protected_tabs: 0
[15124:15128:0607/212503.199:WARNING:chrome\browser\performance_manager\policies\page_discarding_helper.cc:139] Discarding multiple pages with target (kb): 0, discard_protected_tabs: 0
[15124:15128:0607/212508.200:WARNING:chrome\browser\performance_manager\policies\page_discarding_helper.cc:139] Discarding multiple pages with target (kb): 0, discard_protected_tabs: 0
[15124:15128:0607/212513.219:WARNING:chrome\browser\performance_manager\policies\page_discarding_helper.cc:139] Discarding multiple pages with target (kb): 0, discard_protected_tabs: 0
[15124:15128:0607/212518.239:WARNING:chrome\browser\performance_manager\policies\page_discarding_helper.cc:139] Discarding multiple pages with target (kb): 0, discard_protected_tabs: 0
[15124:15128:0607/212523.239:WARNING:chrome\browser\performance_manager\policies\page_discarding_helper.cc:139] Discarding multiple pages with target (kb): 0, discard_protected_tabs: 0
[15124:15128:0607/212528.240:WARNING:chrome\browser\performance_manager\policies\page_discarding_helper.cc:139] Discarding multiple pages with target (kb): 0, discard_protected_tabs: 0
[15124:15128:0607/212533.240:WARNING:chrome\browser\performance_manager\policies\page_discarding_helper.cc:139] Discarding multiple pages with target (kb): 0, discard_protected_tabs: 0
[15124:15128:0607/212538.260:WARNING:chrome\browser\performance_manager\policies\page_discarding_helper.cc:139] Discarding multiple pages with target (kb): 0, discard_protected_tabs: 0
[15124:15128:0607/212543.279:WARNING:chrome\browser\performance_manager\policies\page_discarding_helper.cc:139] Discarding multiple pages with target (kb): 0, discard_protected_tabs: 0
[15124:15128:0607/212548.279:WARNING:chrome\browser\performance_manager\policies\page_discarding_helper.cc:139] Discarding multiple pages with target (kb): 0, discard_protected_tabs: 0
[15124:15128:0607/212553.280:WARNING:chrome\browser\performance_manager\policies\page_discarding_helper.cc:139] Discarding multiple pages with target (kb): 0, discard_protected_tabs: 0
[15124:15128:0607/212558.299:WARNING:chrome\browser\performance_manager\policies\page_discarding_helper.cc:139] Discarding multiple pages with target (kb): 0, discard_protected_tabs: 0
[15124:15128:0607/212603.299:WARNING:chrome\browser\performance_manager\policies\page_discarding_helper.cc:139] Discarding multiple pages with target (kb): 0, discard_protected_tabs: 0
[15124:15128:0607/212608.319:WARNING:chrome\browser\performance_manager\policies\page_discarding_helper.cc:139] Discarding multiple pages with target (kb): 0, discard_protected_tabs: 0
[15124:15128:0607/212613.320:WARNING:chrome\browser\performance_manager\policies\page_discarding_helper.cc:139] Discarding multiple pages with target (kb): 0, discard_protected_tabs: 0
[15124:15128:0607/212618.339:WARNING:chrome\browser\performance_manager\policies\page_discarding_helper.cc:139] Discarding multiple pages with target (kb): 0, discard_protected_tabs: 0
[15124:15128:0607/212623.360:WARNING:chrome\browser\performance_manager\policies\page_discarding_helper.cc:139] Discarding multiple pages with target (kb): 0, discard_protected_tabs: 0
[15124:15128:0607/212628.380:WARNING:chrome\browser\performance_manager\policies\page_discarding_helper.cc:139] Discarding multiple pages with target (kb): 0, discard_protected_tabs: 0
[15124:15128:0607/212633.399:WARNING:chrome\browser\performance_manager\policies\page_discarding_helper.cc:139] Discarding multiple pages with target (kb): 0, discard_protected_tabs: 0
[15124:15128:0607/212638.419:WARNING:chrome\browser\performance_manager\policies\page_discarding_helper.cc:139] Discarding multiple pages with target (kb): 0, discard_protected_tabs: 0
[15124:15128:0607/212643.419:WARNING:chrome\browser\performance_manager\policies\page_discarding_helper.cc:139] Discarding multiple pages with target (kb): 0, discard_protected_tabs: 0
[15124:15128:0607/212648.439:WARNING:chrome\browser\performance_manager\policies\page_discarding_helper.cc:139] Discarding multiple pages with target (kb): 0, discard_protected_tabs: 0
[15124:15128:0607/212653.459:WARNING:chrome\browser\performance_manager\policies\page_discarding_helper.cc:139] Discarding multiple pages with target (kb): 0, discard_protected_tabs: 0
[15124:15128:0607/212658.459:WARNING:chrome\browser\performance_manager\policies\page_discarding_helper.cc:139] Discarding multiple pages with target (kb): 0, discard_protected_tabs: 0
[15124:15128:0607/212703.479:WARNING:chrome\browser\performance_manager\policies\page_discarding_helper.cc:139] Discarding multiple pages with target (kb): 0, discard_protected_tabs: 0
[15124:15128:0607/212708.480:WARNING:chrome\browser\performance_manager\policies\page_discarding_helper.cc:139] Discarding multiple pages with target (kb): 0, discard_protected_tabs: 0
[15124:15128:0607/212713.480:WARNING:chrome\browser\performance_manager\policies\page_discarding_helper.cc:139] Discarding multiple pages with target (kb): 0, discard_protected_tabs: 0
[15124:15128:0607/212718.499:WARNING:chrome\browser\performance_manager\policies\page_discarding_helper.cc:139] Discarding multiple pages with target (kb): 0, discard_protected_tabs: 0
[15124:15128:0607/212723.499:WARNING:chrome\browser\performance_manager\policies\page_discarding_helper.cc:139] Discarding multiple pages with target (kb): 0, discard_protected_tabs: 0
[15124:15128:0607/212728.519:WARNING:chrome\browser\performance_manager\policies\page_discarding_helper.cc:139] Discarding multiple pages with target (kb): 0, discard_protected_tabs: 0
[15124:15128:0607/212733.540:WARNING:chrome\browser\performance_manager\policies\page_discarding_helper.cc:139] Discarding multiple pages with target (kb): 0, discard_protected_tabs: 0
[15124:15128:0607/212738.559:WARNING:chrome\browser\performance_manager\policies\page_discarding_helper.cc:139] Discarding multiple pages with target (kb): 0, discard_protected_tabs: 0
[15124:15128:0607/212743.579:WARNING:chrome\browser\performance_manager\policies\page_discarding_helper.cc:139] Discarding multiple pages with target (kb): 0, discard_protected_tabs: 0
[15124:15128:0607/212748.599:WARNING:chrome\browser\performance_manager\policies\page_discarding_helper.cc:139] Discarding multiple pages with target (kb): 0, discard_protected_tabs: 0
[15124:15128:0607/212753.599:WARNING:chrome\browser\performance_manager\policies\page_discarding_helper.cc:139] Discarding multiple pages with target (kb): 0, discard_protected_tabs: 0
[15124:15128:0607/212758.620:WARNING:chrome\browser\performance_manager\policies\page_discarding_helper.cc:139] Discarding multiple pages with target (kb): 0, discard_protected_tabs: 0
[15124:15128:0607/212803.640:WARNING:chrome\browser\performance_manager\policies\page_discarding_helper.cc:139] Discarding multiple pages with target (kb): 0, discard_protected_tabs: 0
[15124:15128:0607/212808.660:WARNING:chrome\browser\performance_manager\policies\page_discarding_helper.cc:139] Discarding multiple pages with target (kb): 0, discard_protected_tabs: 0
[15124:15128:0607/212813.679:WARNING:chrome\browser\performance_manager\policies\page_discarding_helper.cc:139] Discarding multiple pages with target (kb): 0, discard_protected_tabs: 0
[15124:15128:0607/212818.680:WARNING:chrome\browser\performance_manager\policies\page_discarding_helper.cc:139] Discarding multiple pages with target (kb): 0, discard_protected_tabs: 0
[15124:15128:0607/212823.699:WARNING:chrome\browser\performance_manager\policies\page_discarding_helper.cc:139] Discarding multiple pages with target (kb): 0, discard_protected_tabs: 0
[15124:15128:0607/212828.699:WARNING:chrome\browser\performance_manager\policies\page_discarding_helper.cc:139] Discarding multiple pages with target (kb): 0, discard_protected_tabs: 0
[15124:15128:0607/212833.700:WARNING:chrome\browser\performance_manager\policies\page_discarding_helper.cc:139] Discarding multiple pages with target (kb): 0, discard_protected_tabs: 0
[15124:15128:0607/212838.719:WARNING:chrome\browser\performance_manager\policies\page_discarding_helper.cc:139] Discarding multiple pages with target (kb): 0, discard_protected_tabs: 0
[15124:15128:0607/212843.720:WARNING:chrome\browser\performance_manager\policies\page_discarding_helper.cc:139] Discarding multiple pages with target (kb): 0, discard_protected_tabs: 0
[15124:15128:0607/212848.720:WARNING:chrome\browser\performance_manager\policies\page_discarding_helper.cc:139] Discarding multiple pages with target (kb): 0, discard_protected_tabs: 0
[15124:15128:0607/212853.740:WARNING:chrome\browser\performance_manager\policies\page_discarding_helper.cc:139] Discarding multiple pages with target (kb): 0, discard_protected_tabs: 0
[15124:15128:0607/212858.760:WARNING:chrome\browser\performance_manager\policies\page_discarding_helper.cc:139] Discarding multiple pages with target (kb): 0, discard_protected_tabs: 0
[15124:15128:0607/212903.779:WARNING:chrome\browser\performance_manager\policies\page_discarding_helper.cc:139] Discarding multiple pages with target (kb): 0, discard_protected_tabs: 0
[130020:130024:0608/011314.663:INFO:d:\jenkins-slave\workspace\downloader_build_windows_x64_v6_213@2\qcef\src\cef\QCefRenderHandler.cpp:45] -------------------------------RenderHandler: OnBrowserCreated----------------------------  pid 130020
[130020:130024:0608/011314.743:INFO:d:\jenkins-slave\workspace\downloader_build_windows_x64_v6_213@2\qcef\src\cef\QCefRenderHandler.cpp:77] QCefRenderHandler::OnContextCreated
[130020:130024:0608/011315.028:INFO:d:\jenkins-slave\workspace\downloader_build_windows_x64_v6_213@2\qcef\src\cef\QCefRenderHandler.cpp:77] QCefRenderHandler::OnContextCreated
[15124:15128:0608/011322.368:INFO:CONSOLE:1] "Bootstrapping with the telemetry endpoint...", source: https://cloudfront.xp-assets.aiv-cdn.net/family/web/ATVWebPlayerSDKLoader-2.0/prod/WebPlayerSDK.js (1)
[15124:15128:0608/011322.919:INFO:CONSOLE:1] "Telemetry bootstrapping complete with appInstanceId: 7b0be684-62c6-11f1-9055-73682638c67a", source: https://cloudfront.xp-assets.aiv-cdn.net/family/web/ATVWebPlayerSDKLoader-2.0/prod/WebPlayerSDK.js (1)
[15124:15128:0608/011322.919:INFO:CONSOLE:1] "Periodic batch reporting is now enabled.", source: https://cloudfront.xp-assets.aiv-cdn.net/family/web/ATVWebPlayerSDKLoader-2.0/prod/WebPlayerSDK.js (1)
[128556:128208:0608/011327.052:INFO:media\cdm\cdm_module.cc:131] cdm_custom_path_ CDM at C:\Users\Enrico\AppData\Local\CEF\User Data\WidevineCdm\4.10.2934.0\_platform_specific\win_x64\widevinecdm.dll
[128556:128208:0608/011327.053:INFO:media\cdm\cdm_module.cc:140]  CDM at C:\Users\Enrico\AppData\Local\CEF\User Data\WidevineCdm\4.10.2934.0\_platform_specific\win_x64\widevinecdm.dll
[128556:128208:0608/011327.137:INFO:media\cdm\cdm_module.cc:183]  CDM at 4.10.2934.0
[15124:15128:0608/011348.449:INFO:CONSOLE:1] "Bootstrapping with the telemetry endpoint...", source: https://cloudfront.xp-assets.aiv-cdn.net/family/web/ATVWebPlayerSDKLoader-2.0/prod/WebPlayerSDK.js (1)
[15124:15128:0608/011348.659:INFO:CONSOLE:1] "Bootstrapping with the telemetry endpoint...", source: https://cloudfront.xp-assets.aiv-cdn.net/family/web/ATVWebPlayerSDKLoader-2.0/prod/WebPlayerSDK.js (1)
[15124:15128:0608/011348.679:INFO:CONSOLE:1] "Telemetry bootstrapping complete with appInstanceId: 8a842a6d-62c6-11f1-a7ee-8bf887ab48f8", source: https://cloudfront.xp-assets.aiv-cdn.net/family/web/ATVWebPlayerSDKLoader-2.0/prod/WebPlayerSDK.js (1)
[15124:15128:0608/011348.679:INFO:CONSOLE:1] "Periodic batch reporting is now enabled.", source: https://cloudfront.xp-assets.aiv-cdn.net/family/web/ATVWebPlayerSDKLoader-2.0/prod/WebPlayerSDK.js (1)
[15124:15128:0608/011348.779:INFO:CONSOLE:1] "Telemetry bootstrapping complete with appInstanceId: 8a97b283-62c6-11f1-a0ab-498ba342a040", source: https://cloudfront.xp-assets.aiv-cdn.net/family/web/ATVWebPlayerSDKLoader-2.0/prod/WebPlayerSDK.js (1)
[15124:15128:0608/011348.779:INFO:CONSOLE:1] "Periodic batch reporting is now enabled.", source: https://cloudfront.xp-assets.aiv-cdn.net/family/web/ATVWebPlayerSDKLoader-2.0/prod/WebPlayerSDK.js (1)
[15124:15128:0608/011422.927:INFO:CONSOLE:1] "Constructed new batch with sequence=0 @ 1780874062922", source: https://cloudfront.xp-assets.aiv-cdn.net/family/web/ATVWebPlayerSDKLoader-2.0/prod/WebPlayerSDK.js (1)
[15124:15128:0608/011422.927:INFO:CONSOLE:1] "Emitting batch with sequence=0 @ 1780874062922", source: https://cloudfront.xp-assets.aiv-cdn.net/family/web/ATVWebPlayerSDKLoader-2.0/prod/WebPlayerSDK.js (1)
[15124:15128:0608/011423.059:INFO:CONSOLE:1] "Batch emitted successfully: 0 @ 1780874063056", source: https://cloudfront.xp-assets.aiv-cdn.net/family/web/ATVWebPlayerSDKLoader-2.0/prod/WebPlayerSDK.js (1)
[15124:15128:0608/011423.060:INFO:CONSOLE:1] "Batch reporting cycle is complete. Waiting until next wake up...", source: https://cloudfront.xp-assets.aiv-cdn.net/family/web/ATVWebPlayerSDKLoader-2.0/prod/WebPlayerSDK.js (1)
[15124:15128:0608/011448.699:INFO:CONSOLE:1] "Constructed new batch with sequence=0 @ 1780874088693", source: https://cloudfront.xp-assets.aiv-cdn.net/family/web/ATVWebPlayerSDKLoader-2.0/prod/WebPlayerSDK.js (1)
[15124:15128:0608/011448.699:INFO:CONSOLE:1] "Emitting batch with sequence=0 @ 1780874088693", source: https://cloudfront.xp-assets.aiv-cdn.net/family/web/ATVWebPlayerSDKLoader-2.0/prod/WebPlayerSDK.js (1)
[15124:15128:0608/011448.868:INFO:CONSOLE:1] "Constructed new batch with sequence=0 @ 1780874088861", source: https://cloudfront.xp-assets.aiv-cdn.net/family/web/ATVWebPlayerSDKLoader-2.0/prod/WebPlayerSDK.js (1)
[15124:15128:0608/011448.868:INFO:CONSOLE:1] "Emitting batch with sequence=0 @ 1780874088861", source: https://cloudfront.xp-assets.aiv-cdn.net/family/web/ATVWebPlayerSDKLoader-2.0/prod/WebPlayerSDK.js (1)
[15124:15128:0608/011448.948:INFO:CONSOLE:1] "Batch emitted successfully: 0 @ 1780874088946", source: https://cloudfront.xp-assets.aiv-cdn.net/family/web/ATVWebPlayerSDKLoader-2.0/prod/WebPlayerSDK.js (1)
[15124:15128:0608/011448.948:INFO:CONSOLE:1] "Batch reporting cycle is complete. Waiting until next wake up...", source: https://cloudfront.xp-assets.aiv-cdn.net/family/web/ATVWebPlayerSDKLoader-2.0/prod/WebPlayerSDK.js (1)
[15124:15128:0608/011448.999:INFO:CONSOLE:1] "Batch emitted successfully: 0 @ 1780874088998", source: https://cloudfront.xp-assets.aiv-cdn.net/family/web/ATVWebPlayerSDKLoader-2.0/prod/WebPlayerSDK.js (1)
[15124:15128:0608/011449.000:INFO:CONSOLE:1] "Batch reporting cycle is complete. Waiting until next wake up...", source: https://cloudfront.xp-assets.aiv-cdn.net/family/web/ATVWebPlayerSDKLoader-2.0/prod/WebPlayerSDK.js (1)
[15124:15128:0608/011522.927:INFO:CONSOLE:1] "Could not build a batch because a batch is not yet ready to build.", source: https://cloudfront.xp-assets.aiv-cdn.net/family/web/ATVWebPlayerSDKLoader-2.0/prod/WebPlayerSDK.js (1)
[15124:15128:0608/011522.927:INFO:CONSOLE:1] "Batch reporting cycle is complete. Waiting until next wake up...", source: https://cloudfront.xp-assets.aiv-cdn.net/family/web/ATVWebPlayerSDKLoader-2.0/prod/WebPlayerSDK.js (1)
[15124:15128:0608/011548.680:INFO:CONSOLE:1] "Could not build a batch because a batch is not yet ready to build.", source: https://cloudfront.xp-assets.aiv-cdn.net/family/web/ATVWebPlayerSDKLoader-2.0/prod/WebPlayerSDK.js (1)
[15124:15128:0608/011548.680:INFO:CONSOLE:1] "Batch reporting cycle is complete. Waiting until next wake up...", source: https://cloudfront.xp-assets.aiv-cdn.net/family/web/ATVWebPlayerSDKLoader-2.0/prod/WebPlayerSDK.js (1)
[15124:15128:0608/011548.820:INFO:CONSOLE:1] "Could not build a batch because a batch is not yet ready to build.", source: https://cloudfront.xp-assets.aiv-cdn.net/family/web/ATVWebPlayerSDKLoader-2.0/prod/WebPlayerSDK.js (1)
[15124:15128:0608/011548.820:INFO:CONSOLE:1] "Batch reporting cycle is complete. Waiting until next wake up...", source: https://cloudfront.xp-assets.aiv-cdn.net/family/web/ATVWebPlayerSDKLoader-2.0/prod/WebPlayerSDK.js (1)
[15124:15128:0608/011622.919:INFO:CONSOLE:1] "Could not build a batch because a batch is not yet ready to build.", source: https://cloudfront.xp-assets.aiv-cdn.net/family/web/ATVWebPlayerSDKLoader-2.0/prod/WebPlayerSDK.js (1)
[15124:15128:0608/011622.919:INFO:CONSOLE:1] "Batch reporting cycle is complete. Waiting until next wake up...", source: https://cloudfront.xp-assets.aiv-cdn.net/family/web/ATVWebPlayerSDKLoader-2.0/prod/WebPlayerSDK.js (1)
[15124:15128:0608/011648.479:INFO:CONSOLE:0] "The resource https://redirect.prod.experiment.routing.cloudfront.aws.a2z.com/x.png?timestamp=1780874004047 was preloaded using link preload but not used within a few seconds from the window's load event. Please make sure it has an appropriate `as` value and it is preloaded intentionally.", source: https://www.amazon.de/gp/video/movie (0)
[15124:15128:0608/011648.759:INFO:CONSOLE:1] "Could not build a batch because a batch is not yet ready to build.", source: https://cloudfront.xp-assets.aiv-cdn.net/family/web/ATVWebPlayerSDKLoader-2.0/prod/WebPlayerSDK.js (1)
[15124:15128:0608/011648.759:INFO:CONSOLE:1] "Batch reporting cycle is complete. Waiting until next wake up...", source: https://cloudfront.xp-assets.aiv-cdn.net/family/web/ATVWebPlayerSDKLoader-2.0/prod/WebPlayerSDK.js (1)
[15124:15128:0608/011648.880:INFO:CONSOLE:1] "Could not build a batch because a batch is not yet ready to build.", source: https://cloudfront.xp-assets.aiv-cdn.net/family/web/ATVWebPlayerSDKLoader-2.0/prod/WebPlayerSDK.js (1)
[15124:15128:0608/011648.880:INFO:CONSOLE:1] "Batch reporting cycle is complete. Waiting until next wake up...", source: https://cloudfront.xp-assets.aiv-cdn.net/family/web/ATVWebPlayerSDKLoader-2.0/prod/WebPlayerSDK.js (1)
[15124:15128:0608/011718.380:INFO:CONSOLE:0] "The resource https://redirect.prod.experiment.routing.cloudfront.aws.a2z.com/x.png?timestamp=1780874004047 was preloaded using link preload but not used within a few seconds from the window's load event. Please make sure it has an appropriate `as` value and it is preloaded intentionally.", source: https://www.amazon.de/gp/video/movie (0)
[15124:15128:0608/011722.927:INFO:CONSOLE:1] "Could not build a batch because a batch is not yet ready to build.", source: https://cloudfront.xp-assets.aiv-cdn.net/family/web/ATVWebPlayerSDKLoader-2.0/prod/WebPlayerSDK.js (1)
[15124:15128:0608/011722.927:INFO:CONSOLE:1] "Batch reporting cycle is complete. Waiting until next wake up...", source: https://cloudfront.xp-assets.aiv-cdn.net/family/web/ATVWebPlayerSDKLoader-2.0/prod/WebPlayerSDK.js (1)
[15124:15128:0608/011729.999:INFO:CONSOLE:0] "The resource https://redirect.prod.experiment.routing.cloudfront.aws.a2z.com/x.png?timestamp=1780874004047 was preloaded using link preload but not used within a few seconds from the window's load event. Please make sure it has an appropriate `as` value and it is preloaded intentionally.", source: https://www.amazon.de/gp/video/movie (0)
[15124:15128:0608/011749.000:INFO:CONSOLE:1] "Could not build a batch because a batch is not yet ready to build.", source: https://cloudfront.xp-assets.aiv-cdn.net/family/web/ATVWebPlayerSDKLoader-2.0/prod/WebPlayerSDK.js (1)
[15124:15128:0608/011749.000:INFO:CONSOLE:1] "Batch reporting cycle is complete. Waiting until next wake up...", source: https://cloudfront.xp-assets.aiv-cdn.net/family/web/ATVWebPlayerSDKLoader-2.0/prod/WebPlayerSDK.js (1)
[15124:15128:0608/011749.000:INFO:CONSOLE:1] "Could not build a batch because a batch is not yet ready to build.", source: https://cloudfront.xp-assets.aiv-cdn.net/family/web/ATVWebPlayerSDKLoader-2.0/prod/WebPlayerSDK.js (1)
[15124:15128:0608/011749.001:INFO:CONSOLE:1] "Batch reporting cycle is complete. Waiting until next wake up...", source: https://cloudfront.xp-assets.aiv-cdn.net/family/web/ATVWebPlayerSDKLoader-2.0/prod/WebPlayerSDK.js (1)
[15124:15128:0608/011757.847:INFO:CONSOLE:0] "The resource https://redirect.prod.experiment.routing.cloudfront.aws.a2z.com/x.png?timestamp=1780874004047 was preloaded using link preload but not used within a few seconds from the window's load event. Please make sure it has an appropriate `as` value and it is preloaded intentionally.", source: https://www.amazon.de/gp/video/movie (0)
[15124:15128:0608/011822.927:INFO:CONSOLE:1] "Could not build a batch because a batch is not yet ready to build.", source: https://cloudfront.xp-assets.aiv-cdn.net/family/web/ATVWebPlayerSDKLoader-2.0/prod/WebPlayerSDK.js (1)
[15124:15128:0608/011822.927:INFO:CONSOLE:1] "Batch reporting cycle is complete. Waiting until next wake up...", source: https://cloudfront.xp-assets.aiv-cdn.net/family/web/ATVWebPlayerSDKLoader-2.0/prod/WebPlayerSDK.js (1)
[15124:15128:0608/011848.487:INFO:CONSOLE:0] "The resource https://redirect.prod.experiment.routing.cloudfront.aws.a2z.com/x.png?timestamp=1780874004047 was preloaded using link preload but not used within a few seconds from the window's load event. Please make sure it has an appropriate `as` value and it is preloaded intentionally.", source: https://www.amazon.de/gp/video/movie (0)
[15124:15128:0608/011848.960:INFO:CONSOLE:1] "Could not build a batch because a batch is not yet ready to build.", source: https://cloudfront.xp-assets.aiv-cdn.net/family/web/ATVWebPlayerSDKLoader-2.0/prod/WebPlayerSDK.js (1)
[15124:15128:0608/011848.960:INFO:CONSOLE:1] "Batch reporting cycle is complete. Waiting until next wake up...", source: https://cloudfront.xp-assets.aiv-cdn.net/family/web/ATVWebPlayerSDKLoader-2.0/prod/WebPlayerSDK.js (1)
[15124:15128:0608/011848.960:INFO:CONSOLE:1] "Could not build a batch because a batch is not yet ready to build.", source: https://cloudfront.xp-assets.aiv-cdn.net/family/web/ATVWebPlayerSDKLoader-2.0/prod/WebPlayerSDK.js (1)
[15124:15128:0608/011848.960:INFO:CONSOLE:1] "Batch reporting cycle is complete. Waiting until next wake up...", source: https://cloudfront.xp-assets.aiv-cdn.net/family/web/ATVWebPlayerSDKLoader-2.0/prod/WebPlayerSDK.js (1)
[15124:15128:0608/011922.939:INFO:CONSOLE:1] "Could not build a batch because a batch is not yet ready to build.", source: https://cloudfront.xp-assets.aiv-cdn.net/family/web/ATVWebPlayerSDKLoader-2.0/prod/WebPlayerSDK.js (1)
[15124:15128:0608/011922.939:INFO:CONSOLE:1] "Batch reporting cycle is complete. Waiting until next wake up...", source: https://cloudfront.xp-assets.aiv-cdn.net/family/web/ATVWebPlayerSDKLoader-2.0/prod/WebPlayerSDK.js (1)
[15124:15128:0608/011949.128:INFO:CONSOLE:1] "Could not build a batch because a batch is not yet ready to build.", source: https://cloudfront.xp-assets.aiv-cdn.net/family/web/ATVWebPlayerSDKLoader-2.0/prod/WebPlayerSDK.js (1)
[15124:15128:0608/011949.128:INFO:CONSOLE:1] "Batch reporting cycle is complete. Waiting until next wake up...", source: https://cloudfront.xp-assets.aiv-cdn.net/family/web/ATVWebPlayerSDKLoader-2.0/prod/WebPlayerSDK.js (1)
[15124:15128:0608/011949.128:INFO:CONSOLE:1] "Could not build a batch because a batch is not yet ready to build.", source: https://cloudfront.xp-assets.aiv-cdn.net/family/web/ATVWebPlayerSDKLoader-2.0/prod/WebPlayerSDK.js (1)
[15124:15128:0608/011949.128:INFO:CONSOLE:1] "Batch reporting cycle is complete. Waiting until next wake up...", source: https://cloudfront.xp-assets.aiv-cdn.net/family/web/ATVWebPlayerSDKLoader-2.0/prod/WebPlayerSDK.js (1)
[15124:15128:0608/012015.419:INFO:CONSOLE:0] "The resource https://redirect.prod.experiment.routing.cloudfront.aws.a2z.com/x.png?timestamp=1780874004047 was preloaded using link preload but not used within a few seconds from the window's load event. Please make sure it has an appropriate `as` value and it is preloaded intentionally.", source: https://www.amazon.de/gp/video/movie (0)
[15124:15128:0608/012022.989:INFO:CONSOLE:1] "Could not build a batch because a batch is not yet ready to build.", source: https://cloudfront.xp-assets.aiv-cdn.net/family/web/ATVWebPlayerSDKLoader-2.0/prod/WebPlayerSDK.js (1)
[15124:15128:0608/012022.989:INFO:CONSOLE:1] "Batch reporting cycle is complete. Waiting until next wake up...", source: https://cloudfront.xp-assets.aiv-cdn.net/family/web/ATVWebPlayerSDKLoader-2.0/prod/WebPlayerSDK.js (1)
[15124:15128:0608/012048.759:INFO:CONSOLE:1] "Could not build a batch because a batch is not yet ready to build.", source: https://cloudfront.xp-assets.aiv-cdn.net/family/web/ATVWebPlayerSDKLoader-2.0/prod/WebPlayerSDK.js (1)
[15124:15128:0608/012048.759:INFO:CONSOLE:1] "Batch reporting cycle is complete. Waiting until next wake up...", source: https://cloudfront.xp-assets.aiv-cdn.net/family/web/ATVWebPlayerSDKLoader-2.0/prod/WebPlayerSDK.js (1)
[15124:15128:0608/012049.159:INFO:CONSOLE:1] "Could not build a batch because a batch is not yet ready to build.", source: https://cloudfront.xp-assets.aiv-cdn.net/family/web/ATVWebPlayerSDKLoader-2.0/prod/WebPlayerSDK.js (1)
[15124:15128:0608/012049.159:INFO:CONSOLE:1] "Batch reporting cycle is complete. Waiting until next wake up...", source: https://cloudfront.xp-assets.aiv-cdn.net/family/web/ATVWebPlayerSDKLoader-2.0/prod/WebPlayerSDK.js (1)
[15124:15128:0608/012058.719:INFO:CONSOLE:0] "The resource https://redirect.prod.experiment.routing.cloudfront.aws.a2z.com/x.png?timestamp=1780874004047 was preloaded using link preload but not used within a few seconds from the window's load event. Please make sure it has an appropriate `as` value and it is preloaded intentionally.", source: https://www.amazon.de/gp/video/movie (0)
[15124:15128:0608/012122.919:INFO:CONSOLE:1] "Could not build a batch because a batch is not yet ready to build.", source: https://cloudfront.xp-assets.aiv-cdn.net/family/web/ATVWebPlayerSDKLoader-2.0/prod/WebPlayerSDK.js (1)
[15124:15128:0608/012122.919:INFO:CONSOLE:1] "Batch reporting cycle is complete. Waiting until next wake up...", source: https://cloudfront.xp-assets.aiv-cdn.net/family/web/ATVWebPlayerSDKLoader-2.0/prod/WebPlayerSDK.js (1)
[15124:15128:0608/012123.340:INFO:CONSOLE:0] "The resource https://redirect.prod.experiment.routing.cloudfront.aws.a2z.com/x.png?timestamp=1780874004047 was preloaded using link preload but not used within a few seconds from the window's load event. Please make sure it has an appropriate `as` value and it is preloaded intentionally.", source: https://www.amazon.de/gp/video/movie (0)
[129988:130028:0608/012124.139:INFO:d:\jenkins-slave\workspace\downloader_build_windows_x64_v6_213@2\qcef\src\cef\QCefRenderHandler.cpp:45] -------------------------------RenderHandler: OnBrowserCreated----------------------------  pid 129988
[129988:130028:0608/012124.750:INFO:d:\jenkins-slave\workspace\downloader_build_windows_x64_v6_213@2\qcef\src\cef\QCefRenderHandler.cpp:77] QCefRenderHandler::OnContextCreated
[15124:15128:0608/012125.408:INFO:CONSOLE:1] "Refused to get unsafe header "X-OneTrust-IsBot"", source: https://help.nflxext.com/helpcenter/OneTrust/oneTrust_production_2026-05-14/scripttemplates/otSDKStub.js (1)
[129988:130028:0608/012125.926:INFO:d:\jenkins-slave\workspace\downloader_build_windows_x64_v6_213@2\qcef\src\cef\QCefRenderHandler.cpp:77] QCefRenderHandler::OnContextCreated
[15124:15128:0608/012125.928:INFO:CONSOLE:0] "Blocked script execution in 'about:blank' because the document's frame is sandboxed and the 'allow-scripts' permission is not set.", source: about:blank (0)
[15124:15128:0608/012125.928:INFO:CONSOLE:0] "Blocked script execution in 'about:blank' because the document's frame is sandboxed and the 'allow-scripts' permission is not set.", source: about:blank (0)
[15124:17500:0608/012126.976:WARNING:cef\libcef\browser\browser_info.cc:367] Returning a speculative frame for [15,10]
[128160:123376:0608/012126.976:INFO:d:\jenkins-slave\workspace\downloader_build_windows_x64_v6_213@2\qcef\src\cef\QCefRenderHandler.cpp:45] -------------------------------RenderHandler: OnBrowserCreated----------------------------  pid 128160
[15124:15128:0608/012127.240:WARNING:cef\libcef\browser\browser_info.cc:367] Returning a speculative frame for [15,10]
[15124:15128:0608/012127.241:WARNING:cef\libcef\browser\browser_info.cc:367] Returning a speculative frame for [15,10]
[15124:15128:0608/012127.241:WARNING:cef\libcef\browser\browser_info.cc:367] Returning a speculative frame for [15,10]
[15124:15128:0608/012127.241:WARNING:cef\libcef\browser\browser_info.cc:367] Returning a speculative frame for [15,10]
[128160:123376:0608/012127.247:INFO:d:\jenkins-slave\workspace\downloader_build_windows_x64_v6_213@2\qcef\src\cef\QCefRenderHandler.cpp:77] QCefRenderHandler::OnContextCreated
[128160:123376:0608/012127.347:INFO:d:\jenkins-slave\workspace\downloader_build_windows_x64_v6_213@2\qcef\src\cef\QCefRenderHandler.cpp:77] QCefRenderHandler::OnContextCreated
[12544:17764:0608/012127.910:WARNING:ui\gl\angle_platform_impl.cc:47] HLSLCompiler.cpp:254 (rx::HLSLCompiler::compileToBinary): 
C:\fakepath(130,3-70): warning X3557: loop only executes for 1 iteration(s), forcing loop to unroll

[15124:15128:0608/012129.499:INFO:CONSOLE:0] "The resource https://redirect.prod.experiment.routing.cloudfront.aws.a2z.com/x.png?timestamp=1780874004047 was preloaded using link preload but not used within a few seconds from the window's load event. Please make sure it has an appropriate `as` value and it is preloaded intentionally.", source: https://www.amazon.de/gp/video/movie (0)
[128980:125288:0608/012130.198:INFO:media\cdm\cdm_module.cc:131] cdm_custom_path_ CDM at C:\Users\Enrico\AppData\Local\CEF\User Data\WidevineCdm\4.10.2934.0\_platform_specific\win_x64\widevinecdm.dll
[128980:125288:0608/012130.198:INFO:media\cdm\cdm_module.cc:140]  CDM at C:\Users\Enrico\AppData\Local\CEF\User Data\WidevineCdm\4.10.2934.0\_platform_specific\win_x64\widevinecdm.dll
[128980:125288:0608/012130.200:INFO:media\cdm\cdm_module.cc:183]  CDM at 4.10.2934.0
[128980:125288:0608/012130.420:WARNING:media\cdm\cdm_adapter.cc:404] [cdm_adapter] CdmAdapter::SetServerCertificate 
[128980:125288:0608/012133.070:WARNING:media\cdm\cdm_adapter.cc:476] [cdm_adapter] CreateSessionAndGenerateRequest
[128980:125288:0608/012133.150:WARNING:media\cdm\cdm_adapter.cc:1337] [cdm_adapter] OnSessionMessage session_id =  3EE8271BB0DE1D8A8505207E02466C01
[128980:125288:0608/012133.150:WARNING:media\cdm\cdm_adapter.cc:1340] [cdm_adapter] OnSessionMessage  _DLL_CEFBASE_FILE_NAME_ :libcefbase.dll g_plibcefbaseDll :140719068610560
[128980:125288:0608/012133.468:WARNING:media\cdm\cdm_adapter.cc:404] [cdm_adapter] CdmAdapter::SetServerCertificate 
[128980:125288:0608/012133.498:WARNING:media\cdm\cdm_adapter.cc:404] [cdm_adapter] CdmAdapter::SetServerCertificate 
[128980:125288:0608/012133.556:WARNING:media\cdm\cdm_adapter.cc:404] [cdm_adapter] CdmAdapter::SetServerCertificate 
[128980:125288:0608/012133.579:WARNING:media\cdm\cdm_adapter.cc:476] [cdm_adapter] CreateSessionAndGenerateRequest
[128980:125288:0608/012133.585:WARNING:media\cdm\cdm_adapter.cc:476] [cdm_adapter] CreateSessionAndGenerateRequest
[128980:125288:0608/012133.663:WARNING:media\cdm\cdm_adapter.cc:1337] [cdm_adapter] OnSessionMessage session_id =  D6B735B31C0CB9394665F8E309FC3BC3
[128980:125288:0608/012133.663:WARNING:media\cdm\cdm_adapter.cc:1340] [cdm_adapter] OnSessionMessage  _DLL_CEFBASE_FILE_NAME_ :libcefbase.dll g_plibcefbaseDll :140719068610560
[128980:125288:0608/012133.719:WARNING:media\cdm\cdm_adapter.cc:1337] [cdm_adapter] OnSessionMessage session_id =  D85DB214A6AFD2FA7AE0B9533EBEA304
[128980:125288:0608/012133.719:WARNING:media\cdm\cdm_adapter.cc:1340] [cdm_adapter] OnSessionMessage  _DLL_CEFBASE_FILE_NAME_ :libcefbase.dll g_plibcefbaseDll :140719068610560
[15124:15128:0608/012135.779:INFO:CONSOLE:0] "The resource https://redirect.prod.experiment.routing.cloudfront.aws.a2z.com/x.png?timestamp=1780874004047 was preloaded using link preload but not used within a few seconds from the window's load event. Please make sure it has an appropriate `as` value and it is preloaded intentionally.", source: https://www.amazon.de/gp/video/movie (0)
[128160:123376:0608/012136.973:INFO:d:\jenkins-slave\workspace\downloader_build_windows_x64_v6_213@2\qcef\src\cef\QCefRenderHandler.cpp:56] --------------------------------RenderHandler: OnBrowserDestroyed----------------------------  pid 128160
[15124:15128:0608/012143.148:INFO:CONSOLE:0] "The resource https://redirect.prod.experiment.routing.cloudfront.aws.a2z.com/x.png?timestamp=1780874004047 was preloaded using link preload but not used within a few seconds from the window's load event. Please make sure it has an appropriate `as` value and it is preloaded intentionally.", source: https://www.amazon.de/gp/video/movie (0)
[15124:15128:0608/012148.047:INFO:CONSOLE:0] "The resource https://redirect.prod.experiment.routing.cloudfront.aws.a2z.com/x.png?timestamp=1780874004047 was preloaded using link preload but not used within a few seconds from the window's load event. Please make sure it has an appropriate `as` value and it is preloaded intentionally.", source: https://www.amazon.de/gp/video/movie (0)
[15124:15128:0608/012148.740:INFO:CONSOLE:1] "Could not build a batch because a batch is not yet ready to build.", source: https://cloudfront.xp-assets.aiv-cdn.net/family/web/ATVWebPlayerSDKLoader-2.0/prod/WebPlayerSDK.js (1)
[15124:15128:0608/012148.740:INFO:CONSOLE:1] "Batch reporting cycle is complete. Waiting until next wake up...", source: https://cloudfront.xp-assets.aiv-cdn.net/family/web/ATVWebPlayerSDKLoader-2.0/prod/WebPlayerSDK.js (1)
[15124:15128:0608/012148.819:INFO:CONSOLE:1] "Could not build a batch because a batch is not yet ready to build.", source: https://cloudfront.xp-assets.aiv-cdn.net/family/web/ATVWebPlayerSDKLoader-2.0/prod/WebPlayerSDK.js (1)
[15124:15128:0608/012148.819:INFO:CONSOLE:1] "Batch reporting cycle is complete. Waiting until next wake up...", source: https://cloudfront.xp-assets.aiv-cdn.net/family/web/ATVWebPlayerSDKLoader-2.0/prod/WebPlayerSDK.js (1)
[15124:15128:0608/012157.919:INFO:CONSOLE:0] "The resource https://redirect.prod.experiment.routing.cloudfront.aws.a2z.com/x.png?timestamp=1780874004047 was preloaded using link preload but not used within a few seconds from the window's load event. Please make sure it has an appropriate `as` value and it is preloaded intentionally.", source: https://www.amazon.de/gp/video/movie (0)
[15124:15128:0608/012217.359:INFO:CONSOLE:0] "The resource https://redirect.prod.experiment.routing.cloudfront.aws.a2z.com/x.png?timestamp=1780874004047 was preloaded using link preload but not used within a few seconds from the window's load event. Please make sure it has an appropriate `as` value and it is preloaded intentionally.", source: https://www.amazon.de/gp/video/movie (0)
[15124:15128:0608/012222.919:INFO:CONSOLE:1] "Could not build a batch because a batch is not yet ready to build.", source: https://cloudfront.xp-assets.aiv-cdn.net/family/web/ATVWebPlayerSDKLoader-2.0/prod/WebPlayerSDK.js (1)
[15124:15128:0608/012222.919:INFO:CONSOLE:1] "Batch reporting cycle is complete. Waiting until next wake up...", source: https://cloudfront.xp-assets.aiv-cdn.net/family/web/ATVWebPlayerSDKLoader-2.0/prod/WebPlayerSDK.js (1)
[15124:15128:0608/012247.247:INFO:CONSOLE:0] "The resource https://redirect.prod.experiment.routing.cloudfront.aws.a2z.com/x.png?timestamp=1780874004047 was preloaded using link preload but not used within a few seconds from the window's load event. Please make sure it has an appropriate `as` value and it is preloaded intentionally.", source: https://www.amazon.de/gp/video/movie (0)
[15124:15128:0608/012248.739:INFO:CONSOLE:1] "Could not build a batch because a batch is not yet ready to build.", source: https://cloudfront.xp-assets.aiv-cdn.net/family/web/ATVWebPlayerSDKLoader-2.0/prod/WebPlayerSDK.js (1)
[15124:15128:0608/012248.739:INFO:CONSOLE:1] "Batch reporting cycle is complete. Waiting until next wake up...", source: https://cloudfront.xp-assets.aiv-cdn.net/family/web/ATVWebPlayerSDKLoader-2.0/prod/WebPlayerSDK.js (1)
[15124:15128:0608/012248.819:INFO:CONSOLE:1] "Could not build a batch because a batch is not yet ready to build.", source: https://cloudfront.xp-assets.aiv-cdn.net/family/web/ATVWebPlayerSDKLoader-2.0/prod/WebPlayerSDK.js (1)
[15124:15128:0608/012248.819:INFO:CONSOLE:1] "Batch reporting cycle is complete. Waiting until next wake up...", source: https://cloudfront.xp-assets.aiv-cdn.net/family/web/ATVWebPlayerSDKLoader-2.0/prod/WebPlayerSDK.js (1)
[15124:15128:0608/012252.527:INFO:CONSOLE:0] "The resource https://redirect.prod.experiment.routing.cloudfront.aws.a2z.com/x.png?timestamp=1780874004047 was preloaded using link preload but not used within a few seconds from the window's load event. Please make sure it has an appropriate `as` value and it is preloaded intentionally.", source: https://www.amazon.de/gp/video/movie (0)
[128980:125288:0608/012307.580:WARNING:media\cdm\cdm_adapter.cc:404] [cdm_adapter] CdmAdapter::SetServerCertificate 
[128980:125288:0608/012307.583:WARNING:media\cdm\cdm_adapter.cc:476] [cdm_adapter] CreateSessionAndGenerateRequest
[128980:125288:0608/012307.657:WARNING:media\cdm\cdm_adapter.cc:1337] [cdm_adapter] OnSessionMessage session_id =  AC79C0694BCE5B30E3E72ABB91F90713
[128980:125288:0608/012307.658:WARNING:media\cdm\cdm_adapter.cc:1340] [cdm_adapter] OnSessionMessage  _DLL_CEFBASE_FILE_NAME_ :libcefbase.dll g_plibcefbaseDll :140719068610560
[128980:125288:0608/012308.045:WARNING:media\cdm\cdm_adapter.cc:599] [cdm_adapter] CdmAdapter::UpdateSession session_id :AC79C0694BCE5B30E3E72ABB91F90713
[15124:15128:0608/012317.402:INFO:CONSOLE:0] "The resource https://redirect.prod.experiment.routing.cloudfront.aws.a2z.com/x.png?timestamp=1780874004047 was preloaded using link preload but not used within a few seconds from the window's load event. Please make sure it has an appropriate `as` value and it is preloaded intentionally.", source: https://www.amazon.de/gp/video/movie (0)
[15124:15128:0608/012322.928:INFO:CONSOLE:1] "Could not build a batch because a batch is not yet ready to build.", source: https://cloudfront.xp-assets.aiv-cdn.net/family/web/ATVWebPlayerSDKLoader-2.0/prod/WebPlayerSDK.js (1)
[15124:15128:0608/012322.928:INFO:CONSOLE:1] "Batch reporting cycle is complete. Waiting until next wake up...", source: https://cloudfront.xp-assets.aiv-cdn.net/family/web/ATVWebPlayerSDKLoader-2.0/prod/WebPlayerSDK.js (1)
[15124:15128:0608/012323.619:INFO:CONSOLE:0] "The resource https://redirect.prod.experiment.routing.cloudfront.aws.a2z.com/x.png?timestamp=1780874004047 was preloaded using link preload but not used within a few seconds from the window's load event. Please make sure it has an appropriate `as` value and it is preloaded intentionally.", source: https://www.amazon.de/gp/video/movie (0)
[129988:130028:0608/012327.985:INFO:d:\jenkins-slave\workspace\downloader_build_windows_x64_v6_213@2\qcef\src\cef\QCefRenderHandler.cpp:45] -------------------------------RenderHandler: OnBrowserCreated----------------------------  pid 129988
[15124:15128:0608/012328.739:INFO:CONSOLE:0] "The resource https://redirect.prod.experiment.routing.cloudfront.aws.a2z.com/x.png?timestamp=1780874004047 was preloaded using link preload but not used within a few seconds from the window's load event. Please make sure it has an appropriate `as` value and it is preloaded intentionally.", source: https://www.amazon.de/gp/video/movie (0)
[129988:130028:0608/012328.996:INFO:d:\jenkins-slave\workspace\downloader_build_windows_x64_v6_213@2\qcef\src\cef\QCefRenderHandler.cpp:77] QCefRenderHandler::OnContextCreated
[129988:130028:0608/012329.023:INFO:d:\jenkins-slave\workspace\downloader_build_windows_x64_v6_213@2\qcef\src\cef\QCefRenderHandler.cpp:56] --------------------------------RenderHandler: OnBrowserDestroyed----------------------------  pid 129988
[15124:15128:0608/012329.035:INFO:CONSOLE:1] "Refused to get unsafe header "X-OneTrust-IsBot"", source: https://help.nflxext.com/helpcenter/OneTrust/oneTrust_production_2026-05-14/scripttemplates/otSDKStub.js (1)
[129988:130028:0608/012329.582:INFO:d:\jenkins-slave\workspace\downloader_build_windows_x64_v6_213@2\qcef\src\cef\QCefRenderHandler.cpp:77] QCefRenderHandler::OnContextCreated
[15124:15128:0608/012329.594:INFO:CONSOLE:0] "Blocked script execution in 'about:blank' because the document's frame is sandboxed and the 'allow-scripts' permission is not set.", source: about:blank (0)
[15124:15128:0608/012329.594:INFO:CONSOLE:0] "Blocked script execution in 'about:blank' because the document's frame is sandboxed and the 'allow-scripts' permission is not set.", source: about:blank (0)
[15124:17500:0608/012330.433:WARNING:cef\libcef\browser\browser_info.cc:367] Returning a speculative frame for [16,10]
[128056:129344:0608/012330.433:INFO:d:\jenkins-slave\workspace\downloader_build_windows_x64_v6_213@2\qcef\src\cef\QCefRenderHandler.cpp:45] -------------------------------RenderHandler: OnBrowserCreated----------------------------  pid 128056
[15124:15128:0608/012330.521:WARNING:cef\libcef\browser\browser_info.cc:367] Returning a speculative frame for [16,10]
[15124:15128:0608/012330.521:WARNING:cef\libcef\browser\browser_info.cc:367] Returning a speculative frame for [16,10]
[15124:15128:0608/012330.521:WARNING:cef\libcef\browser\browser_info.cc:367] Returning a speculative frame for [16,10]
[15124:15128:0608/012330.521:WARNING:cef\libcef\browser\browser_info.cc:367] Returning a speculative frame for [16,10]
[128056:129344:0608/012330.528:INFO:d:\jenkins-slave\workspace\downloader_build_windows_x64_v6_213@2\qcef\src\cef\QCefRenderHandler.cpp:77] QCefRenderHandler::OnContextCreated
[128980:125288:0608/012330.630:WARNING:media\cdm\cdm_adapter.cc:404] [cdm_adapter] CdmAdapter::SetServerCertificate 
[128056:129344:0608/012330.633:INFO:d:\jenkins-slave\workspace\downloader_build_windows_x64_v6_213@2\qcef\src\cef\QCefRenderHandler.cpp:77] QCefRenderHandler::OnContextCreated
[128980:125288:0608/012330.633:WARNING:media\cdm\cdm_adapter.cc:476] [cdm_adapter] CreateSessionAndGenerateRequest
[128980:125288:0608/012330.743:WARNING:media\cdm\cdm_adapter.cc:1337] [cdm_adapter] OnSessionMessage session_id =  31DB8310F0DCC2E6895558DA02646EDE
[128980:125288:0608/012330.743:WARNING:media\cdm\cdm_adapter.cc:1340] [cdm_adapter] OnSessionMessage  _DLL_CEFBASE_FILE_NAME_ :libcefbase.dll g_plibcefbaseDll :140719068610560
[15124:15128:0608/012330.871:INFO:CONSOLE:1] "Uncaught TypeError: Cannot read properties of undefined (reading 'click')", source: https://www.netflix.com/browse (1)
[128980:125288:0608/012331.222:WARNING:media\cdm\cdm_adapter.cc:404] [cdm_adapter] CdmAdapter::SetServerCertificate 
[128980:125288:0608/012331.224:WARNING:media\cdm\cdm_adapter.cc:404] [cdm_adapter] CdmAdapter::SetServerCertificate 
[128980:125288:0608/012331.253:WARNING:media\cdm\cdm_adapter.cc:476] [cdm_adapter] CreateSessionAndGenerateRequest
[128980:125288:0608/012331.257:WARNING:media\cdm\cdm_adapter.cc:404] [cdm_adapter] CdmAdapter::SetServerCertificate 
[128980:125288:0608/012331.259:WARNING:media\cdm\cdm_adapter.cc:476] [cdm_adapter] CreateSessionAndGenerateRequest
[128980:125288:0608/012331.320:WARNING:media\cdm\cdm_adapter.cc:1337] [cdm_adapter] OnSessionMessage session_id =  5D14A47CD2734A8F58DCB6067C4CC70F
[128980:125288:0608/012331.320:WARNING:media\cdm\cdm_adapter.cc:1340] [cdm_adapter] OnSessionMessage  _DLL_CEFBASE_FILE_NAME_ :libcefbase.dll g_plibcefbaseDll :140719068610560
[128980:125288:0608/012331.378:WARNING:media\cdm\cdm_adapter.cc:1337] [cdm_adapter] OnSessionMessage session_id =  58D5524D6F39B85D9A005DF8CCBAF8F7
[128980:125288:0608/012331.378:WARNING:media\cdm\cdm_adapter.cc:1340] [cdm_adapter] OnSessionMessage  _DLL_CEFBASE_FILE_NAME_ :libcefbase.dll g_plibcefbaseDll :140719068610560
[128980:125288:0608/012334.801:WARNING:media\cdm\cdm_adapter.cc:404] [cdm_adapter] CdmAdapter::SetServerCertificate 
[128980:125288:0608/012334.803:WARNING:media\cdm\cdm_adapter.cc:476] [cdm_adapter] CreateSessionAndGenerateRequest
[128980:125288:0608/012334.878:WARNING:media\cdm\cdm_adapter.cc:1337] [cdm_adapter] OnSessionMessage session_id =  5A6CFA3AA2E488692322A228025A137E
[128980:125288:0608/012334.878:WARNING:media\cdm\cdm_adapter.cc:1340] [cdm_adapter] OnSessionMessage  _DLL_CEFBASE_FILE_NAME_ :libcefbase.dll g_plibcefbaseDll :140719068610560
[128980:125288:0608/012335.948:WARNING:media\cdm\cdm_adapter.cc:404] [cdm_adapter] CdmAdapter::SetServerCertificate 
[128980:125288:0608/012335.952:WARNING:media\cdm\cdm_adapter.cc:476] [cdm_adapter] CreateSessionAndGenerateRequest
[128980:125288:0608/012336.034:WARNING:media\cdm\cdm_adapter.cc:1337] [cdm_adapter] OnSessionMessage session_id =  9AFA639BD8EA3A34BA69171BC93781EA
[128980:125288:0608/012336.034:WARNING:media\cdm\cdm_adapter.cc:1340] [cdm_adapter] OnSessionMessage  _DLL_CEFBASE_FILE_NAME_ :libcefbase.dll g_plibcefbaseDll :140719068610560
[15124:15128:0608/012337.460:INFO:CONSOLE:0] "The resource https://redirect.prod.experiment.routing.cloudfront.aws.a2z.com/x.png?timestamp=1780874004047 was preloaded using link preload but not used within a few seconds from the window's load event. Please make sure it has an appropriate `as` value and it is preloaded intentionally.", source: https://www.amazon.de/gp/video/movie (0)
[128056:129344:0608/012340.424:INFO:d:\jenkins-slave\workspace\downloader_build_windows_x64_v6_213@2\qcef\src\cef\QCefRenderHandler.cpp:56] --------------------------------RenderHandler: OnBrowserDestroyed----------------------------  pid 128056
[15124:15128:0608/012347.400:INFO:CONSOLE:0] "The resource https://redirect.prod.experiment.routing.cloudfront.aws.a2z.com/x.png?timestamp=1780874004047 was preloaded using link preload but not used within a few seconds from the window's load event. Please make sure it has an appropriate `as` value and it is preloaded intentionally.", source: https://www.amazon.de/gp/video/movie (0)
[15124:15128:0608/012348.908:INFO:CONSOLE:1] "Could not build a batch because a batch is not yet ready to build.", source: https://cloudfront.xp-assets.aiv-cdn.net/family/web/ATVWebPlayerSDKLoader-2.0/prod/WebPlayerSDK.js (1)
[15124:15128:0608/012348.908:INFO:CONSOLE:1] "Batch reporting cycle is complete. Waiting until next wake up...", source: https://cloudfront.xp-assets.aiv-cdn.net/family/web/ATVWebPlayerSDKLoader-2.0/prod/WebPlayerSDK.js (1)
[15124:15128:0608/012348.908:INFO:CONSOLE:1] "Could not build a batch because a batch is not yet ready to build.", source: https://cloudfront.xp-assets.aiv-cdn.net/family/web/ATVWebPlayerSDKLoader-2.0/prod/WebPlayerSDK.js (1)
[15124:15128:0608/012348.908:INFO:CONSOLE:1] "Batch reporting cycle is complete. Waiting until next wake up...", source: https://cloudfront.xp-assets.aiv-cdn.net/family/web/ATVWebPlayerSDKLoader-2.0/prod/WebPlayerSDK.js (1)
[15124:15128:0608/012355.061:INFO:CONSOLE:0] "The resource https://redirect.prod.experiment.routing.cloudfront.aws.a2z.com/x.png?timestamp=1780874004047 was preloaded using link preload but not used within a few seconds from the window's load event. Please make sure it has an appropriate `as` value and it is preloaded intentionally.", source: https://www.amazon.de/gp/video/movie (0)
[15124:15128:0608/012418.281:INFO:CONSOLE:0] "The resource https://redirect.prod.experiment.routing.cloudfront.aws.a2z.com/x.png?timestamp=1780874004047 was preloaded using link preload but not used within a few seconds from the window's load event. Please make sure it has an appropriate `as` value and it is preloaded intentionally.", source: https://www.amazon.de/gp/video/movie (0)
[15124:15128:0608/012422.927:INFO:CONSOLE:1] "Could not build a batch because a batch is not yet ready to build.", source: https://cloudfront.xp-assets.aiv-cdn.net/family/web/ATVWebPlayerSDKLoader-2.0/prod/WebPlayerSDK.js (1)
[15124:15128:0608/012422.927:INFO:CONSOLE:1] "Batch reporting cycle is complete. Waiting until next wake up...", source: https://cloudfront.xp-assets.aiv-cdn.net/family/web/ATVWebPlayerSDKLoader-2.0/prod/WebPlayerSDK.js (1)
[15124:15128:0608/012435.778:INFO:CONSOLE:0] "The resource https://redirect.prod.experiment.routing.cloudfront.aws.a2z.com/x.png?timestamp=1780874004047 was preloaded using link preload but not used within a few seconds from the window's load event. Please make sure it has an appropriate `as` value and it is preloaded intentionally.", source: https://www.amazon.de/gp/video/movie (0)
[15124:15128:0608/012447.609:INFO:CONSOLE:0] "The resource https://redirect.prod.experiment.routing.cloudfront.aws.a2z.com/x.png?timestamp=1780874004047 was preloaded using link preload but not used within a few seconds from the window's load event. Please make sure it has an appropriate `as` value and it is preloaded intentionally.", source: https://www.amazon.de/gp/video/movie (0)
[15124:15128:0608/012448.828:INFO:CONSOLE:1] "Could not build a batch because a batch is not yet ready to build.", source: https://cloudfront.xp-assets.aiv-cdn.net/family/web/ATVWebPlayerSDKLoader-2.0/prod/WebPlayerSDK.js (1)
[15124:15128:0608/012448.855:INFO:CONSOLE:1] "Batch reporting cycle is complete. Waiting until next wake up...", source: https://cloudfront.xp-assets.aiv-cdn.net/family/web/ATVWebPlayerSDKLoader-2.0/prod/WebPlayerSDK.js (1)
[15124:15128:0608/012448.879:INFO:CONSOLE:1] "Could not build a batch because a batch is not yet ready to build.", source: https://cloudfront.xp-assets.aiv-cdn.net/family/web/ATVWebPlayerSDKLoader-2.0/prod/WebPlayerSDK.js (1)
[15124:15128:0608/012448.879:INFO:CONSOLE:1] "Batch reporting cycle is complete. Waiting until next wake up...", source: https://cloudfront.xp-assets.aiv-cdn.net/family/web/ATVWebPlayerSDKLoader-2.0/prod/WebPlayerSDK.js (1)
[15124:15128:0608/012517.822:INFO:CONSOLE:0] "The resource https://redirect.prod.experiment.routing.cloudfront.aws.a2z.com/x.png?timestamp=1780874004047 was preloaded using link preload but not used within a few seconds from the window's load event. Please make sure it has an appropriate `as` value and it is preloaded intentionally.", source: https://www.amazon.de/gp/video/movie (0)
[15124:15128:0608/012522.919:INFO:CONSOLE:1] "Could not build a batch because a batch is not yet ready to build.", source: https://cloudfront.xp-assets.aiv-cdn.net/family/web/ATVWebPlayerSDKLoader-2.0/prod/WebPlayerSDK.js (1)
[15124:15128:0608/012522.919:INFO:CONSOLE:1] "Batch reporting cycle is complete. Waiting until next wake up...", source: https://cloudfront.xp-assets.aiv-cdn.net/family/web/ATVWebPlayerSDKLoader-2.0/prod/WebPlayerSDK.js (1)
[15124:15128:0608/012547.879:INFO:CONSOLE:0] "The resource https://redirect.prod.experiment.routing.cloudfront.aws.a2z.com/x.png?timestamp=1780874004047 was preloaded using link preload but not used within a few seconds from the window's load event. Please make sure it has an appropriate `as` value and it is preloaded intentionally.", source: https://www.amazon.de/gp/video/movie (0)
[15124:15128:0608/012548.900:INFO:CONSOLE:1] "Could not build a batch because a batch is not yet ready to build.", source: https://cloudfront.xp-assets.aiv-cdn.net/family/web/ATVWebPlayerSDKLoader-2.0/prod/WebPlayerSDK.js (1)
[15124:15128:0608/012548.900:INFO:CONSOLE:1] "Batch reporting cycle is complete. Waiting until next wake up...", source: https://cloudfront.xp-assets.aiv-cdn.net/family/web/ATVWebPlayerSDKLoader-2.0/prod/WebPlayerSDK.js (1)
[15124:15128:0608/012548.963:INFO:CONSOLE:1] "Could not build a batch because a batch is not yet ready to build.", source: https://cloudfront.xp-assets.aiv-cdn.net/family/web/ATVWebPlayerSDKLoader-2.0/prod/WebPlayerSDK.js (1)
[15124:15128:0608/012548.963:INFO:CONSOLE:1] "Batch reporting cycle is complete. Waiting until next wake up...", source: https://cloudfront.xp-assets.aiv-cdn.net/family/web/ATVWebPlayerSDKLoader-2.0/prod/WebPlayerSDK.js (1)
[15124:15128:0608/012617.631:INFO:CONSOLE:0] "The resource https://redirect.prod.experiment.routing.cloudfront.aws.a2z.com/x.png?timestamp=1780874004047 was preloaded using link preload but not used within a few seconds from the window's load event. Please make sure it has an appropriate `as` value and it is preloaded intentionally.", source: https://www.amazon.de/gp/video/movie (0)
[15124:15128:0608/012622.919:INFO:CONSOLE:1] "Could not build a batch because a batch is not yet ready to build.", source: https://cloudfront.xp-assets.aiv-cdn.net/family/web/ATVWebPlayerSDKLoader-2.0/prod/WebPlayerSDK.js (1)
[15124:15128:0608/012622.920:INFO:CONSOLE:1] "Batch reporting cycle is complete. Waiting until next wake up...", source: https://cloudfront.xp-assets.aiv-cdn.net/family/web/ATVWebPlayerSDKLoader-2.0/prod/WebPlayerSDK.js (1)
[15124:15128:0608/012647.319:INFO:CONSOLE:0] "The resource https://redirect.prod.experiment.routing.cloudfront.aws.a2z.com/x.png?timestamp=1780874004047 was preloaded using link preload but not used within a few seconds from the window's load event. Please make sure it has an appropriate `as` value and it is preloaded intentionally.", source: https://www.amazon.de/gp/video/movie (0)
[15124:15128:0608/012648.700:INFO:CONSOLE:1] "Could not build a batch because a batch is not yet ready to build.", source: https://cloudfront.xp-assets.aiv-cdn.net/family/web/ATVWebPlayerSDKLoader-2.0/prod/WebPlayerSDK.js (1)
[15124:15128:0608/012648.700:INFO:CONSOLE:1] "Batch reporting cycle is complete. Waiting until next wake up...", source: https://cloudfront.xp-assets.aiv-cdn.net/family/web/ATVWebPlayerSDKLoader-2.0/prod/WebPlayerSDK.js (1)
[15124:15128:0608/012648.819:INFO:CONSOLE:1] "Could not build a batch because a batch is not yet ready to build.", source: https://cloudfront.xp-assets.aiv-cdn.net/family/web/ATVWebPlayerSDKLoader-2.0/prod/WebPlayerSDK.js (1)
[15124:15128:0608/012648.819:INFO:CONSOLE:1] "Batch reporting cycle is complete. Waiting until next wake up...", source: https://cloudfront.xp-assets.aiv-cdn.net/family/web/ATVWebPlayerSDKLoader-2.0/prod/WebPlayerSDK.js (1)
[15124:15128:0608/012717.540:INFO:CONSOLE:0] "The resource https://redirect.prod.experiment.routing.cloudfront.aws.a2z.com/x.png?timestamp=1780874004047 was preloaded using link preload but not used within a few seconds from the window's load event. Please make sure it has an appropriate `as` value and it is preloaded intentionally.", source: https://www.amazon.de/gp/video/movie (0)
[15124:15128:0608/012722.919:INFO:CONSOLE:1] "Could not build a batch because a batch is not yet ready to build.", source: https://cloudfront.xp-assets.aiv-cdn.net/family/web/ATVWebPlayerSDKLoader-2.0/prod/WebPlayerSDK.js (1)
[15124:15128:0608/012722.919:INFO:CONSOLE:1] "Batch reporting cycle is complete. Waiting until next wake up...", source: https://cloudfront.xp-assets.aiv-cdn.net/family/web/ATVWebPlayerSDKLoader-2.0/prod/WebPlayerSDK.js (1)
[15124:15128:0608/012740.900:INFO:CONSOLE:0] "The resource https://redirect.prod.experiment.routing.cloudfront.aws.a2z.com/x.png?timestamp=1780874004047 was preloaded using link preload but not used within a few seconds from the window's load event. Please make sure it has an appropriate `as` value and it is preloaded intentionally.", source: https://www.amazon.de/gp/video/movie (0)
[15124:15128:0608/012747.339:INFO:CONSOLE:0] "The resource https://redirect.prod.experiment.routing.cloudfront.aws.a2z.com/x.png?timestamp=1780874004047 was preloaded using link preload but not used within a few seconds from the window's load event. Please make sure it has an appropriate `as` value and it is preloaded intentionally.", source: https://www.amazon.de/gp/video/movie (0)
[15124:15128:0608/012748.740:INFO:CONSOLE:1] "Could not build a batch because a batch is not yet ready to build.", source: https://cloudfront.xp-assets.aiv-cdn.net/family/web/ATVWebPlayerSDKLoader-2.0/prod/WebPlayerSDK.js (1)
[15124:15128:0608/012748.740:INFO:CONSOLE:1] "Batch reporting cycle is complete. Waiting until next wake up...", source: https://cloudfront.xp-assets.aiv-cdn.net/family/web/ATVWebPlayerSDKLoader-2.0/prod/WebPlayerSDK.js (1)
[15124:15128:0608/012748.869:INFO:CONSOLE:1] "Could not build a batch because a batch is not yet ready to build.", source: https://cloudfront.xp-assets.aiv-cdn.net/family/web/ATVWebPlayerSDKLoader-2.0/prod/WebPlayerSDK.js (1)
[15124:15128:0608/012748.869:INFO:CONSOLE:1] "Batch reporting cycle is complete. Waiting until next wake up...", source: https://cloudfront.xp-assets.aiv-cdn.net/family/web/ATVWebPlayerSDKLoader-2.0/prod/WebPlayerSDK.js (1)
[15124:15128:0608/012819.207:INFO:CONSOLE:0] "The resource https://redirect.prod.experiment.routing.cloudfront.aws.a2z.com/x.png?timestamp=1780874004047 was preloaded using link preload but not used within a few seconds from the window's load event. Please make sure it has an appropriate `as` value and it is preloaded intentionally.", source: https://www.amazon.de/gp/video/movie (0)
[15124:15128:0608/012822.928:INFO:CONSOLE:1] "Could not build a batch because a batch is not yet ready to build.", source: https://cloudfront.xp-assets.aiv-cdn.net/family/web/ATVWebPlayerSDKLoader-2.0/prod/WebPlayerSDK.js (1)
[15124:15128:0608/012822.928:INFO:CONSOLE:1] "Batch reporting cycle is complete. Waiting until next wake up...", source: https://cloudfront.xp-assets.aiv-cdn.net/family/web/ATVWebPlayerSDKLoader-2.0/prod/WebPlayerSDK.js (1)
[15124:15128:0608/012827.500:INFO:CONSOLE:0] "The resource https://redirect.prod.experiment.routing.cloudfront.aws.a2z.com/x.png?timestamp=1780874004047 was preloaded using link preload but not used within a few seconds from the window's load event. Please make sure it has an appropriate `as` value and it is preloaded intentionally.", source: https://www.amazon.de/gp/video/movie (0)
[15124:15128:0608/012847.340:INFO:CONSOLE:0] "The resource https://redirect.prod.experiment.routing.cloudfront.aws.a2z.com/x.png?timestamp=1780874004047 was preloaded using link preload but not used within a few seconds from the window's load event. Please make sure it has an appropriate `as` value and it is preloaded intentionally.", source: https://www.amazon.de/gp/video/movie (0)
[15124:15128:0608/012848.699:INFO:CONSOLE:1] "Could not build a batch because a batch is not yet ready to build.", source: https://cloudfront.xp-assets.aiv-cdn.net/family/web/ATVWebPlayerSDKLoader-2.0/prod/WebPlayerSDK.js (1)
[15124:15128:0608/012848.699:INFO:CONSOLE:1] "Batch reporting cycle is complete. Waiting until next wake up...", source: https://cloudfront.xp-assets.aiv-cdn.net/family/web/ATVWebPlayerSDKLoader-2.0/prod/WebPlayerSDK.js (1)
[15124:15128:0608/012848.841:INFO:CONSOLE:1] "Could not build a batch because a batch is not yet ready to build.", source: https://cloudfront.xp-assets.aiv-cdn.net/family/web/ATVWebPlayerSDKLoader-2.0/prod/WebPlayerSDK.js (1)
[15124:15128:0608/012848.841:INFO:CONSOLE:1] "Batch reporting cycle is complete. Waiting until next wake up...", source: https://cloudfront.xp-assets.aiv-cdn.net/family/web/ATVWebPlayerSDKLoader-2.0/prod/WebPlayerSDK.js (1)
[15124:15128:0608/012853.579:INFO:CONSOLE:0] "The resource https://redirect.prod.experiment.routing.cloudfront.aws.a2z.com/x.png?timestamp=1780874004047 was preloaded using link preload but not used within a few seconds from the window's load event. Please make sure it has an appropriate `as` value and it is preloaded intentionally.", source: https://www.amazon.de/gp/video/movie (0)
[15124:15128:0608/012917.368:INFO:CONSOLE:0] "The resource https://redirect.prod.experiment.routing.cloudfront.aws.a2z.com/x.png?timestamp=1780874004047 was preloaded using link preload but not used within a few seconds from the window's load event. Please make sure it has an appropriate `as` value and it is preloaded intentionally.", source: https://www.amazon.de/gp/video/movie (0)
[15124:15128:0608/012922.921:INFO:CONSOLE:1] "Could not build a batch because a batch is not yet ready to build.", source: https://cloudfront.xp-assets.aiv-cdn.net/family/web/ATVWebPlayerSDKLoader-2.0/prod/WebPlayerSDK.js (1)
[15124:15128:0608/012922.921:INFO:CONSOLE:1] "Batch reporting cycle is complete. Waiting until next wake up...", source: https://cloudfront.xp-assets.aiv-cdn.net/family/web/ATVWebPlayerSDKLoader-2.0/prod/WebPlayerSDK.js (1)
[15124:15128:0608/012947.299:INFO:CONSOLE:0] "The resource https://redirect.prod.experiment.routing.cloudfront.aws.a2z.com/x.png?timestamp=1780874004047 was preloaded using link preload but not used within a few seconds from the window's load event. Please make sure it has an appropriate `as` value and it is preloaded intentionally.", source: https://www.amazon.de/gp/video/movie (0)
[15124:15128:0608/012948.739:INFO:CONSOLE:1] "Could not build a batch because a batch is not yet ready to build.", source: https://cloudfront.xp-assets.aiv-cdn.net/family/web/ATVWebPlayerSDKLoader-2.0/prod/WebPlayerSDK.js (1)
[15124:15128:0608/012948.739:INFO:CONSOLE:1] "Batch reporting cycle is complete. Waiting until next wake up...", source: https://cloudfront.xp-assets.aiv-cdn.net/family/web/ATVWebPlayerSDKLoader-2.0/prod/WebPlayerSDK.js (1)
[15124:15128:0608/012948.819:INFO:CONSOLE:1] "Could not build a batch because a batch is not yet ready to build.", source: https://cloudfront.xp-assets.aiv-cdn.net/family/web/ATVWebPlayerSDKLoader-2.0/prod/WebPlayerSDK.js (1)
[15124:15128:0608/012948.820:INFO:CONSOLE:1] "Batch reporting cycle is complete. Waiting until next wake up...", source: https://cloudfront.xp-assets.aiv-cdn.net/family/web/ATVWebPlayerSDKLoader-2.0/prod/WebPlayerSDK.js (1)
[15124:15128:0608/013017.248:INFO:CONSOLE:0] "The resource https://redirect.prod.experiment.routing.cloudfront.aws.a2z.com/x.png?timestamp=1780874004047 was preloaded using link preload but not used within a few seconds from the window's load event. Please make sure it has an appropriate `as` value and it is preloaded intentionally.", source: https://www.amazon.de/gp/video/movie (0)
[15124:15128:0608/013022.921:INFO:CONSOLE:1] "Could not build a batch because a batch is not yet ready to build.", source: https://cloudfront.xp-assets.aiv-cdn.net/family/web/ATVWebPlayerSDKLoader-2.0/prod/WebPlayerSDK.js (1)
[15124:15128:0608/013022.921:INFO:CONSOLE:1] "Batch reporting cycle is complete. Waiting until next wake up...", source: https://cloudfront.xp-assets.aiv-cdn.net/family/web/ATVWebPlayerSDKLoader-2.0/prod/WebPlayerSDK.js (1)
[15124:15128:0608/013047.522:INFO:CONSOLE:0] "The resource https://redirect.prod.experiment.routing.cloudfront.aws.a2z.com/x.png?timestamp=1780874004047 was preloaded using link preload but not used within a few seconds from the window's load event. Please make sure it has an appropriate `as` value and it is preloaded intentionally.", source: https://www.amazon.de/gp/video/movie (0)
[15124:15128:0608/013048.728:INFO:CONSOLE:1] "Could not build a batch because a batch is not yet ready to build.", source: https://cloudfront.xp-assets.aiv-cdn.net/family/web/ATVWebPlayerSDKLoader-2.0/prod/WebPlayerSDK.js (1)
[15124:15128:0608/013048.729:INFO:CONSOLE:1] "Batch reporting cycle is complete. Waiting until next wake up...", source: https://cloudfront.xp-assets.aiv-cdn.net/family/web/ATVWebPlayerSDKLoader-2.0/prod/WebPlayerSDK.js (1)
[15124:15128:0608/013048.807:INFO:CONSOLE:1] "Could not build a batch because a batch is not yet ready to build.", source: https://cloudfront.xp-assets.aiv-cdn.net/family/web/ATVWebPlayerSDKLoader-2.0/prod/WebPlayerSDK.js (1)
[15124:15128:0608/013048.807:INFO:CONSOLE:1] "Batch reporting cycle is complete. Waiting until next wake up...", source: https://cloudfront.xp-assets.aiv-cdn.net/family/web/ATVWebPlayerSDKLoader-2.0/prod/WebPlayerSDK.js (1)
[15124:15128:0608/013117.579:INFO:CONSOLE:0] "The resource https://redirect.prod.experiment.routing.cloudfront.aws.a2z.com/x.png?timestamp=1780874004047 was preloaded using link preload but not used within a few seconds from the window's load event. Please make sure it has an appropriate `as` value and it is preloaded intentionally.", source: https://www.amazon.de/gp/video/movie (0)
[15124:15128:0608/013122.919:INFO:CONSOLE:1] "Could not build a batch because a batch is not yet ready to build.", source: https://cloudfront.xp-assets.aiv-cdn.net/family/web/ATVWebPlayerSDKLoader-2.0/prod/WebPlayerSDK.js (1)
[15124:15128:0608/013122.919:INFO:CONSOLE:1] "Batch reporting cycle is complete. Waiting until next wake up...", source: https://cloudfront.xp-assets.aiv-cdn.net/family/web/ATVWebPlayerSDKLoader-2.0/prod/WebPlayerSDK.js (1)
[15124:15128:0608/013147.299:INFO:CONSOLE:0] "The resource https://redirect.prod.experiment.routing.cloudfront.aws.a2z.com/x.png?timestamp=1780874004047 was preloaded using link preload but not used within a few seconds from the window's load event. Please make sure it has an appropriate `as` value and it is preloaded intentionally.", source: https://www.amazon.de/gp/video/movie (0)
[15124:15128:0608/013148.727:INFO:CONSOLE:1] "Could not build a batch because a batch is not yet ready to build.", source: https://cloudfront.xp-assets.aiv-cdn.net/family/web/ATVWebPlayerSDKLoader-2.0/prod/WebPlayerSDK.js (1)
[15124:15128:0608/013148.729:INFO:CONSOLE:1] "Batch reporting cycle is complete. Waiting until next wake up...", source: https://cloudfront.xp-assets.aiv-cdn.net/family/web/ATVWebPlayerSDKLoader-2.0/prod/WebPlayerSDK.js (1)
[15124:15128:0608/013148.807:INFO:CONSOLE:1] "Could not build a batch because a batch is not yet ready to build.", source: https://cloudfront.xp-assets.aiv-cdn.net/family/web/ATVWebPlayerSDKLoader-2.0/prod/WebPlayerSDK.js (1)
[15124:15128:0608/013148.807:INFO:CONSOLE:1] "Batch reporting cycle is complete. Waiting until next wake up...", source: https://cloudfront.xp-assets.aiv-cdn.net/family/web/ATVWebPlayerSDKLoader-2.0/prod/WebPlayerSDK.js (1)
[15124:15128:0608/013217.468:INFO:CONSOLE:0] "The resource https://redirect.prod.experiment.routing.cloudfront.aws.a2z.com/x.png?timestamp=1780874004047 was preloaded using link preload but not used within a few seconds from the window's load event. Please make sure it has an appropriate `as` value and it is preloaded intentionally.", source: https://www.amazon.de/gp/video/movie (0)
[15124:15128:0608/013222.927:INFO:CONSOLE:1] "Could not build a batch because a batch is not yet ready to build.", source: https://cloudfront.xp-assets.aiv-cdn.net/family/web/ATVWebPlayerSDKLoader-2.0/prod/WebPlayerSDK.js (1)
[15124:15128:0608/013222.927:INFO:CONSOLE:1] "Batch reporting cycle is complete. Waiting until next wake up...", source: https://cloudfront.xp-assets.aiv-cdn.net/family/web/ATVWebPlayerSDKLoader-2.0/prod/WebPlayerSDK.js (1)
[15124:15128:0608/013247.347:INFO:CONSOLE:0] "The resource https://redirect.prod.experiment.routing.cloudfront.aws.a2z.com/x.png?timestamp=1780874004047 was preloaded using link preload but not used within a few seconds from the window's load event. Please make sure it has an appropriate `as` value and it is preloaded intentionally.", source: https://www.amazon.de/gp/video/movie (0)
[15124:15128:0608/013248.700:INFO:CONSOLE:1] "Could not build a batch because a batch is not yet ready to build.", source: https://cloudfront.xp-assets.aiv-cdn.net/family/web/ATVWebPlayerSDKLoader-2.0/prod/WebPlayerSDK.js (1)
[15124:15128:0608/013248.700:INFO:CONSOLE:1] "Batch reporting cycle is complete. Waiting until next wake up...", source: https://cloudfront.xp-assets.aiv-cdn.net/family/web/ATVWebPlayerSDKLoader-2.0/prod/WebPlayerSDK.js (1)
[15124:15128:0608/013248.819:INFO:CONSOLE:1] "Could not build a batch because a batch is not yet ready to build.", source: https://cloudfront.xp-assets.aiv-cdn.net/family/web/ATVWebPlayerSDKLoader-2.0/prod/WebPlayerSDK.js (1)
[15124:15128:0608/013248.819:INFO:CONSOLE:1] "Batch reporting cycle is complete. Waiting until next wake up...", source: https://cloudfront.xp-assets.aiv-cdn.net/family/web/ATVWebPlayerSDKLoader-2.0/prod/WebPlayerSDK.js (1)
[15124:15128:0608/013317.228:INFO:CONSOLE:0] "The resource https://redirect.prod.experiment.routing.cloudfront.aws.a2z.com/x.png?timestamp=1780874004047 was preloaded using link preload but not used within a few seconds from the window's load event. Please make sure it has an appropriate `as` value and it is preloaded intentionally.", source: https://www.amazon.de/gp/video/movie (0)
[15124:15128:0608/013322.927:INFO:CONSOLE:1] "Could not build a batch because a batch is not yet ready to build.", source: https://cloudfront.xp-assets.aiv-cdn.net/family/web/ATVWebPlayerSDKLoader-2.0/prod/WebPlayerSDK.js (1)
[15124:15128:0608/013322.927:INFO:CONSOLE:1] "Batch reporting cycle is complete. Waiting until next wake up...", source: https://cloudfront.xp-assets.aiv-cdn.net/family/web/ATVWebPlayerSDKLoader-2.0/prod/WebPlayerSDK.js (1)
[15124:15128:0608/013328.009:INFO:CONSOLE:0] "The resource https://redirect.prod.experiment.routing.cloudfront.aws.a2z.com/x.png?timestamp=1780874004047 was preloaded using link preload but not used within a few seconds from the window's load event. Please make sure it has an appropriate `as` value and it is preloaded intentionally.", source: https://www.amazon.de/gp/video/movie (0)
[15124:15128:0608/013337.880:INFO:CONSOLE:0] "The resource https://redirect.prod.experiment.routing.cloudfront.aws.a2z.com/x.png?timestamp=1780874004047 was preloaded using link preload but not used within a few seconds from the window's load event. Please make sure it has an appropriate `as` value and it is preloaded intentionally.", source: https://www.amazon.de/gp/video/movie (0)
[15124:15128:0608/013342.667:INFO:CONSOLE:0] "The resource https://redirect.prod.experiment.routing.cloudfront.aws.a2z.com/x.png?timestamp=1780874004047 was preloaded using link preload but not used within a few seconds from the window's load event. Please make sure it has an appropriate `as` value and it is preloaded intentionally.", source: https://www.amazon.de/gp/video/movie (0)
[15124:15128:0608/013348.039:INFO:CONSOLE:0] "The resource https://redirect.prod.experiment.routing.cloudfront.aws.a2z.com/x.png?timestamp=1780874004047 was preloaded using link preload but not used within a few seconds from the window's load event. Please make sure it has an appropriate `as` value and it is preloaded intentionally.", source: https://www.amazon.de/gp/video/movie (0)
[15124:15128:0608/013348.680:INFO:CONSOLE:1] "Could not build a batch because a batch is not yet ready to build.", source: https://cloudfront.xp-assets.aiv-cdn.net/family/web/ATVWebPlayerSDKLoader-2.0/prod/WebPlayerSDK.js (1)
[15124:15128:0608/013348.680:INFO:CONSOLE:1] "Batch reporting cycle is complete. Waiting until next wake up...", source: https://cloudfront.xp-assets.aiv-cdn.net/family/web/ATVWebPlayerSDKLoader-2.0/prod/WebPlayerSDK.js (1)
[15124:15128:0608/013348.808:INFO:CONSOLE:1] "Could not build a batch because a batch is not yet ready to build.", source: https://cloudfront.xp-assets.aiv-cdn.net/family/web/ATVWebPlayerSDKLoader-2.0/prod/WebPlayerSDK.js (1)
[15124:15128:0608/013348.808:INFO:CONSOLE:1] "Batch reporting cycle is complete. Waiting until next wake up...", source: https://cloudfront.xp-assets.aiv-cdn.net/family/web/ATVWebPlayerSDKLoader-2.0/prod/WebPlayerSDK.js (1)
[128980:125288:0608/013402.040:WARNING:media\cdm\cdm_adapter.cc:404] [cdm_adapter] CdmAdapter::SetServerCertificate 
[128980:125288:0608/013402.043:WARNING:media\cdm\cdm_adapter.cc:476] [cdm_adapter] CreateSessionAndGenerateRequest
[128980:125288:0608/013402.118:WARNING:media\cdm\cdm_adapter.cc:1337] [cdm_adapter] OnSessionMessage session_id =  0375E890EDD664ED1D605FDF6C85CB53
[128980:125288:0608/013402.118:WARNING:media\cdm\cdm_adapter.cc:1340] [cdm_adapter] OnSessionMessage  _DLL_CEFBASE_FILE_NAME_ :libcefbase.dll g_plibcefbaseDll :140719068610560
[128980:125288:0608/013402.615:WARNING:media\cdm\cdm_adapter.cc:599] [cdm_adapter] CdmAdapter::UpdateSession session_id :0375E890EDD664ED1D605FDF6C85CB53
[15124:15128:0608/013412.399:INFO:CONSOLE:0] "The resource https://redirect.prod.experiment.routing.cloudfront.aws.a2z.com/x.png?timestamp=1780874004047 was preloaded using link preload but not used within a few seconds from the window's load event. Please make sure it has an appropriate `as` value and it is preloaded intentionally.", source: https://www.amazon.de/gp/video/movie (0)
[15124:15128:0608/013422.920:INFO:CONSOLE:1] "Could not build a batch because a batch is not yet ready to build.", source: https://cloudfront.xp-assets.aiv-cdn.net/family/web/ATVWebPlayerSDKLoader-2.0/prod/WebPlayerSDK.js (1)
[15124:15128:0608/013422.920:INFO:CONSOLE:1] "Batch reporting cycle is complete. Waiting until next wake up...", source: https://cloudfront.xp-assets.aiv-cdn.net/family/web/ATVWebPlayerSDKLoader-2.0/prod/WebPlayerSDK.js (1)
[129988:130028:0608/013424.249:INFO:d:\jenkins-slave\workspace\downloader_build_windows_x64_v6_213@2\qcef\src\cef\QCefRenderHandler.cpp:45] -------------------------------RenderHandler: OnBrowserCreated----------------------------  pid 129988
[129988:130028:0608/013425.104:INFO:d:\jenkins-slave\workspace\downloader_build_windows_x64_v6_213@2\qcef\src\cef\QCefRenderHandler.cpp:77] QCefRenderHandler::OnContextCreated
[15124:15128:0608/013425.223:INFO:CONSOLE:1] "Refused to get unsafe header "X-OneTrust-IsBot"", source: https://help.nflxext.com/helpcenter/OneTrust/oneTrust_production_2026-05-14/scripttemplates/otSDKStub.js (1)
[129988:130028:0608/013425.259:INFO:d:\jenkins-slave\workspace\downloader_build_windows_x64_v6_213@2\qcef\src\cef\QCefRenderHandler.cpp:56] --------------------------------RenderHandler: OnBrowserDestroyed----------------------------  pid 129988
[129988:130028:0608/013425.361:INFO:d:\jenkins-slave\workspace\downloader_build_windows_x64_v6_213@2\qcef\src\cef\QCefRenderHandler.cpp:77] QCefRenderHandler::OnContextCreated
[15124:15128:0608/013425.361:INFO:CONSOLE:0] "Blocked script execution in 'about:blank' because the document's frame is sandboxed and the 'allow-scripts' permission is not set.", source: about:blank (0)
[15124:15128:0608/013425.367:INFO:CONSOLE:0] "Blocked script execution in 'about:blank' because the document's frame is sandboxed and the 'allow-scripts' permission is not set.", source: about:blank (0)
[15124:17500:0608/013425.854:WARNING:cef\libcef\browser\browser_info.cc:367] Returning a speculative frame for [18,10]
[127284:124088:0608/013425.854:INFO:d:\jenkins-slave\workspace\downloader_build_windows_x64_v6_213@2\qcef\src\cef\QCefRenderHandler.cpp:45] -------------------------------RenderHandler: OnBrowserCreated----------------------------  pid 127284
[15124:15128:0608/013426.009:WARNING:cef\libcef\browser\browser_info.cc:367] Returning a speculative frame for [18,10]
[15124:15128:0608/013426.009:WARNING:cef\libcef\browser\browser_info.cc:367] Returning a speculative frame for [18,10]
[15124:15128:0608/013426.010:WARNING:cef\libcef\browser\browser_info.cc:367] Returning a speculative frame for [18,10]
[15124:15128:0608/013426.010:WARNING:cef\libcef\browser\browser_info.cc:367] Returning a speculative frame for [18,10]
[127284:124088:0608/013426.017:INFO:d:\jenkins-slave\workspace\downloader_build_windows_x64_v6_213@2\qcef\src\cef\QCefRenderHandler.cpp:77] QCefRenderHandler::OnContextCreated
[127284:124088:0608/013426.131:INFO:d:\jenkins-slave\workspace\downloader_build_windows_x64_v6_213@2\qcef\src\cef\QCefRenderHandler.cpp:77] QCefRenderHandler::OnContextCreated
[15124:15128:0608/013426.540:INFO:CONSOLE:1] "Uncaught TypeError: Cannot read properties of undefined (reading 'click')", source: https://www.netflix.com/browse (1)
[128980:125288:0608/013426.794:WARNING:media\cdm\cdm_adapter.cc:404] [cdm_adapter] CdmAdapter::SetServerCertificate 
[128980:125288:0608/013426.844:WARNING:media\cdm\cdm_adapter.cc:476] [cdm_adapter] CreateSessionAndGenerateRequest
[128980:125288:0608/013426.925:WARNING:media\cdm\cdm_adapter.cc:1337] [cdm_adapter] OnSessionMessage session_id =  885F9580FB0A56C2AEC696C6FD0E3E35
[128980:125288:0608/013426.925:WARNING:media\cdm\cdm_adapter.cc:1340] [cdm_adapter] OnSessionMessage  _DLL_CEFBASE_FILE_NAME_ :libcefbase.dll g_plibcefbaseDll :140719068610560
[128980:125288:0608/013427.314:WARNING:media\cdm\cdm_adapter.cc:404] [cdm_adapter] CdmAdapter::SetServerCertificate 
[128980:125288:0608/013427.318:WARNING:media\cdm\cdm_adapter.cc:404] [cdm_adapter] CdmAdapter::SetServerCertificate 
[128980:125288:0608/013427.343:WARNING:media\cdm\cdm_adapter.cc:404] [cdm_adapter] CdmAdapter::SetServerCertificate 
[128980:125288:0608/013427.345:WARNING:media\cdm\cdm_adapter.cc:476] [cdm_adapter] CreateSessionAndGenerateRequest
[128980:125288:0608/013427.365:WARNING:media\cdm\cdm_adapter.cc:476] [cdm_adapter] CreateSessionAndGenerateRequest
[128980:125288:0608/013427.416:WARNING:media\cdm\cdm_adapter.cc:1337] [cdm_adapter] OnSessionMessage session_id =  D95BF7C9E80EA41AC4B948A790A3D57F
[128980:125288:0608/013427.416:WARNING:media\cdm\cdm_adapter.cc:1340] [cdm_adapter] OnSessionMessage  _DLL_CEFBASE_FILE_NAME_ :libcefbase.dll g_plibcefbaseDll :140719068610560
[128980:125288:0608/013427.469:WARNING:media\cdm\cdm_adapter.cc:1337] [cdm_adapter] OnSessionMessage session_id =  B75D4BD206ED14ACBD62D1D02522A0A3
[128980:125288:0608/013427.469:WARNING:media\cdm\cdm_adapter.cc:1340] [cdm_adapter] OnSessionMessage  _DLL_CEFBASE_FILE_NAME_ :libcefbase.dll g_plibcefbaseDll :140719068610560
[127284:124088:0608/013435.862:INFO:d:\jenkins-slave\workspace\downloader_build_windows_x64_v6_213@2\qcef\src\cef\QCefRenderHandler.cpp:56] --------------------------------RenderHandler: OnBrowserDestroyed----------------------------  pid 127284
[15124:15128:0608/013447.699:INFO:CONSOLE:0] "The resource https://redirect.prod.experiment.routing.cloudfront.aws.a2z.com/x.png?timestamp=1780874004047 was preloaded using link preload but not used within a few seconds from the window's load event. Please make sure it has an appropriate `as` value and it is preloaded intentionally.", source: https://www.amazon.de/gp/video/movie (0)
[15124:15128:0608/013448.827:INFO:CONSOLE:1] "Could not build a batch because a batch is not yet ready to build.", source: https://cloudfront.xp-assets.aiv-cdn.net/family/web/ATVWebPlayerSDKLoader-2.0/prod/WebPlayerSDK.js (1)
[15124:15128:0608/013448.827:INFO:CONSOLE:1] "Batch reporting cycle is complete. Waiting until next wake up...", source: https://cloudfront.xp-assets.aiv-cdn.net/family/web/ATVWebPlayerSDKLoader-2.0/prod/WebPlayerSDK.js (1)
[15124:15128:0608/013448.879:INFO:CONSOLE:1] "Could not build a batch because a batch is not yet ready to build.", source: https://cloudfront.xp-assets.aiv-cdn.net/family/web/ATVWebPlayerSDKLoader-2.0/prod/WebPlayerSDK.js (1)
[15124:15128:0608/013448.879:INFO:CONSOLE:1] "Batch reporting cycle is complete. Waiting until next wake up...", source: https://cloudfront.xp-assets.aiv-cdn.net/family/web/ATVWebPlayerSDKLoader-2.0/prod/WebPlayerSDK.js (1)
[15124:15128:0608/013453.359:INFO:CONSOLE:0] "The resource https://redirect.prod.experiment.routing.cloudfront.aws.a2z.com/x.png?timestamp=1780874004047 was preloaded using link preload but not used within a few seconds from the window's load event. Please make sure it has an appropriate `as` value and it is preloaded intentionally.", source: https://www.amazon.de/gp/video/movie (0)
[15124:15128:0608/013517.527:INFO:CONSOLE:0] "The resource https://redirect.prod.experiment.routing.cloudfront.aws.a2z.com/x.png?timestamp=1780874004047 was preloaded using link preload but not used within a few seconds from the window's load event. Please make sure it has an appropriate `as` value and it is preloaded intentionally.", source: https://www.amazon.de/gp/video/movie (0)
[15124:15128:0608/013522.929:INFO:CONSOLE:1] "Could not build a batch because a batch is not yet ready to build.", source: https://cloudfront.xp-assets.aiv-cdn.net/family/web/ATVWebPlayerSDKLoader-2.0/prod/WebPlayerSDK.js (1)
[15124:15128:0608/013522.929:INFO:CONSOLE:1] "Batch reporting cycle is complete. Waiting until next wake up...", source: https://cloudfront.xp-assets.aiv-cdn.net/family/web/ATVWebPlayerSDKLoader-2.0/prod/WebPlayerSDK.js (1)
[15124:15128:0608/013547.428:INFO:CONSOLE:0] "The resource https://redirect.prod.experiment.routing.cloudfront.aws.a2z.com/x.png?timestamp=1780874004047 was preloaded using link preload but not used within a few seconds from the window's load event. Please make sure it has an appropriate `as` value and it is preloaded intentionally.", source: https://www.amazon.de/gp/video/movie (0)
[15124:15128:0608/013548.779:INFO:CONSOLE:1] "Could not build a batch because a batch is not yet ready to build.", source: https://cloudfront.xp-assets.aiv-cdn.net/family/web/ATVWebPlayerSDKLoader-2.0/prod/WebPlayerSDK.js (1)
[15124:15128:0608/013548.779:INFO:CONSOLE:1] "Batch reporting cycle is complete. Waiting until next wake up...", source: https://cloudfront.xp-assets.aiv-cdn.net/family/web/ATVWebPlayerSDKLoader-2.0/prod/WebPlayerSDK.js (1)
[15124:15128:0608/013548.880:INFO:CONSOLE:1] "Could not build a batch because a batch is not yet ready to build.", source: https://cloudfront.xp-assets.aiv-cdn.net/family/web/ATVWebPlayerSDKLoader-2.0/prod/WebPlayerSDK.js (1)
[15124:15128:0608/013548.880:INFO:CONSOLE:1] "Batch reporting cycle is complete. Waiting until next wake up...", source: https://cloudfront.xp-assets.aiv-cdn.net/family/web/ATVWebPlayerSDKLoader-2.0/prod/WebPlayerSDK.js (1)
[15124:15128:0608/013617.481:INFO:CONSOLE:0] "The resource https://redirect.prod.experiment.routing.cloudfront.aws.a2z.com/x.png?timestamp=1780874004047 was preloaded using link preload but not used within a few seconds from the window's load event. Please make sure it has an appropriate `as` value and it is preloaded intentionally.", source: https://www.amazon.de/gp/video/movie (0)
[15124:15128:0608/013622.920:INFO:CONSOLE:1] "Could not build a batch because a batch is not yet ready to build.", source: https://cloudfront.xp-assets.aiv-cdn.net/family/web/ATVWebPlayerSDKLoader-2.0/prod/WebPlayerSDK.js (1)
[15124:15128:0608/013622.920:INFO:CONSOLE:1] "Batch reporting cycle is complete. Waiting until next wake up...", source: https://cloudfront.xp-assets.aiv-cdn.net/family/web/ATVWebPlayerSDKLoader-2.0/prod/WebPlayerSDK.js (1)
[15124:15128:0608/013647.403:INFO:CONSOLE:0] "The resource https://redirect.prod.experiment.routing.cloudfront.aws.a2z.com/x.png?timestamp=1780874004047 was preloaded using link preload but not used within a few seconds from the window's load event. Please make sure it has an appropriate `as` value and it is preloaded intentionally.", source: https://www.amazon.de/gp/video/movie (0)
[15124:15128:0608/013648.681:INFO:CONSOLE:1] "Could not build a batch because a batch is not yet ready to build.", source: https://cloudfront.xp-assets.aiv-cdn.net/family/web/ATVWebPlayerSDKLoader-2.0/prod/WebPlayerSDK.js (1)
[15124:15128:0608/013648.681:INFO:CONSOLE:1] "Batch reporting cycle is complete. Waiting until next wake up...", source: https://cloudfront.xp-assets.aiv-cdn.net/family/web/ATVWebPlayerSDKLoader-2.0/prod/WebPlayerSDK.js (1)
[15124:15128:0608/013649.062:INFO:CONSOLE:1] "Could not build a batch because a batch is not yet ready to build.", source: https://cloudfront.xp-assets.aiv-cdn.net/family/web/ATVWebPlayerSDKLoader-2.0/prod/WebPlayerSDK.js (1)
[15124:15128:0608/013649.063:INFO:CONSOLE:1] "Batch reporting cycle is complete. Waiting until next wake up...", source: https://cloudfront.xp-assets.aiv-cdn.net/family/web/ATVWebPlayerSDKLoader-2.0/prod/WebPlayerSDK.js (1)
[15124:15128:0608/013717.309:INFO:CONSOLE:0] "The resource https://redirect.prod.experiment.routing.cloudfront.aws.a2z.com/x.png?timestamp=1780874004047 was preloaded using link preload but not used within a few seconds from the window's load event. Please make sure it has an appropriate `as` value and it is preloaded intentionally.", source: https://www.amazon.de/gp/video/movie (0)
[15124:15128:0608/013722.919:INFO:CONSOLE:1] "Could not build a batch because a batch is not yet ready to build.", source: https://cloudfront.xp-assets.aiv-cdn.net/family/web/ATVWebPlayerSDKLoader-2.0/prod/WebPlayerSDK.js (1)
[15124:15128:0608/013722.920:INFO:CONSOLE:1] "Batch reporting cycle is complete. Waiting until next wake up...", source: https://cloudfront.xp-assets.aiv-cdn.net/family/web/ATVWebPlayerSDKLoader-2.0/prod/WebPlayerSDK.js (1)
[15124:15128:0608/013747.780:INFO:CONSOLE:0] "The resource https://redirect.prod.experiment.routing.cloudfront.aws.a2z.com/x.png?timestamp=1780874004047 was preloaded using link preload but not used within a few seconds from the window's load event. Please make sure it has an appropriate `as` value and it is preloaded intentionally.", source: https://www.amazon.de/gp/video/movie (0)
[15124:15128:0608/013748.887:INFO:CONSOLE:1] "Could not build a batch because a batch is not yet ready to build.", source: https://cloudfront.xp-assets.aiv-cdn.net/family/web/ATVWebPlayerSDKLoader-2.0/prod/WebPlayerSDK.js (1)
[15124:15128:0608/013748.887:INFO:CONSOLE:1] "Batch reporting cycle is complete. Waiting until next wake up...", source: https://cloudfront.xp-assets.aiv-cdn.net/family/web/ATVWebPlayerSDKLoader-2.0/prod/WebPlayerSDK.js (1)
[15124:15128:0608/013749.002:INFO:CONSOLE:1] "Could not build a batch because a batch is not yet ready to build.", source: https://cloudfront.xp-assets.aiv-cdn.net/family/web/ATVWebPlayerSDKLoader-2.0/prod/WebPlayerSDK.js (1)
[15124:15128:0608/013749.002:INFO:CONSOLE:1] "Batch reporting cycle is complete. Waiting until next wake up...", source: https://cloudfront.xp-assets.aiv-cdn.net/family/web/ATVWebPlayerSDKLoader-2.0/prod/WebPlayerSDK.js (1)
[15124:15128:0608/013817.480:INFO:CONSOLE:0] "The resource https://redirect.prod.experiment.routing.cloudfront.aws.a2z.com/x.png?timestamp=1780874004047 was preloaded using link preload but not used within a few seconds from the window's load event. Please make sure it has an appropriate `as` value and it is preloaded intentionally.", source: https://www.amazon.de/gp/video/movie (0)
[15124:15128:0608/013822.920:INFO:CONSOLE:1] "Could not build a batch because a batch is not yet ready to build.", source: https://cloudfront.xp-assets.aiv-cdn.net/family/web/ATVWebPlayerSDKLoader-2.0/prod/WebPlayerSDK.js (1)
[15124:15128:0608/013822.920:INFO:CONSOLE:1] "Batch reporting cycle is complete. Waiting until next wake up...", source: https://cloudfront.xp-assets.aiv-cdn.net/family/web/ATVWebPlayerSDKLoader-2.0/prod/WebPlayerSDK.js (1)
[15124:15128:0608/013847.359:INFO:CONSOLE:0] "The resource https://redirect.prod.experiment.routing.cloudfront.aws.a2z.com/x.png?timestamp=1780874004047 was preloaded using link preload but not used within a few seconds from the window's load event. Please make sure it has an appropriate `as` value and it is preloaded intentionally.", source: https://www.amazon.de/gp/video/movie (0)
[15124:15128:0608/013848.719:INFO:CONSOLE:1] "Could not build a batch because a batch is not yet ready to build.", source: https://cloudfront.xp-assets.aiv-cdn.net/family/web/ATVWebPlayerSDKLoader-2.0/prod/WebPlayerSDK.js (1)
[15124:15128:0608/013848.719:INFO:CONSOLE:1] "Batch reporting cycle is complete. Waiting until next wake up...", source: https://cloudfront.xp-assets.aiv-cdn.net/family/web/ATVWebPlayerSDKLoader-2.0/prod/WebPlayerSDK.js (1)
[15124:15128:0608/013848.882:INFO:CONSOLE:1] "Could not build a batch because a batch is not yet ready to build.", source: https://cloudfront.xp-assets.aiv-cdn.net/family/web/ATVWebPlayerSDKLoader-2.0/prod/WebPlayerSDK.js (1)
[15124:15128:0608/013848.882:INFO:CONSOLE:1] "Batch reporting cycle is complete. Waiting until next wake up...", source: https://cloudfront.xp-assets.aiv-cdn.net/family/web/ATVWebPlayerSDKLoader-2.0/prod/WebPlayerSDK.js (1)
[15124:15128:0608/013917.327:INFO:CONSOLE:0] "The resource https://redirect.prod.experiment.routing.cloudfront.aws.a2z.com/x.png?timestamp=1780874004047 was preloaded using link preload but not used within a few seconds from the window's load event. Please make sure it has an appropriate `as` value and it is preloaded intentionally.", source: https://www.amazon.de/gp/video/movie (0)
[15124:15128:0608/013922.919:INFO:CONSOLE:1] "Could not build a batch because a batch is not yet ready to build.", source: https://cloudfront.xp-assets.aiv-cdn.net/family/web/ATVWebPlayerSDKLoader-2.0/prod/WebPlayerSDK.js (1)
[15124:15128:0608/013922.919:INFO:CONSOLE:1] "Batch reporting cycle is complete. Waiting until next wake up...", source: https://cloudfront.xp-assets.aiv-cdn.net/family/web/ATVWebPlayerSDKLoader-2.0/prod/WebPlayerSDK.js (1)
[15124:15128:0608/013947.327:INFO:CONSOLE:0] "The resource https://redirect.prod.experiment.routing.cloudfront.aws.a2z.com/x.png?timestamp=1780874004047 was preloaded using link preload but not used within a few seconds from the window's load event. Please make sure it has an appropriate `as` value and it is preloaded intentionally.", source: https://www.amazon.de/gp/video/movie (0)
[15124:15128:0608/013948.700:INFO:CONSOLE:1] "Could not build a batch because a batch is not yet ready to build.", source: https://cloudfront.xp-assets.aiv-cdn.net/family/web/ATVWebPlayerSDKLoader-2.0/prod/WebPlayerSDK.js (1)
[15124:15128:0608/013948.700:INFO:CONSOLE:1] "Batch reporting cycle is complete. Waiting until next wake up...", source: https://cloudfront.xp-assets.aiv-cdn.net/family/web/ATVWebPlayerSDKLoader-2.0/prod/WebPlayerSDK.js (1)
[15124:15128:0608/013948.820:INFO:CONSOLE:1] "Could not build a batch because a batch is not yet ready to build.", source: https://cloudfront.xp-assets.aiv-cdn.net/family/web/ATVWebPlayerSDKLoader-2.0/prod/WebPlayerSDK.js (1)
[15124:15128:0608/013948.820:INFO:CONSOLE:1] "Batch reporting cycle is complete. Waiting until next wake up...", source: https://cloudfront.xp-assets.aiv-cdn.net/family/web/ATVWebPlayerSDKLoader-2.0/prod/WebPlayerSDK.js (1)
[15124:15128:0608/014017.519:INFO:CONSOLE:0] "The resource https://redirect.prod.experiment.routing.cloudfront.aws.a2z.com/x.png?timestamp=1780874004047 was preloaded using link preload but not used within a few seconds from the window's load event. Please make sure it has an appropriate `as` value and it is preloaded intentionally.", source: https://www.amazon.de/gp/video/movie (0)
[15124:15128:0608/014022.919:INFO:CONSOLE:1] "Could not build a batch because a batch is not yet ready to build.", source: https://cloudfront.xp-assets.aiv-cdn.net/family/web/ATVWebPlayerSDKLoader-2.0/prod/WebPlayerSDK.js (1)
[15124:15128:0608/014022.920:INFO:CONSOLE:1] "Batch reporting cycle is complete. Waiting until next wake up...", source: https://cloudfront.xp-assets.aiv-cdn.net/family/web/ATVWebPlayerSDKLoader-2.0/prod/WebPlayerSDK.js (1)
[15124:15128:0608/014047.579:INFO:CONSOLE:0] "The resource https://redirect.prod.experiment.routing.cloudfront.aws.a2z.com/x.png?timestamp=1780874004047 was preloaded using link preload but not used within a few seconds from the window's load event. Please make sure it has an appropriate `as` value and it is preloaded intentionally.", source: https://www.amazon.de/gp/video/movie (0)
[15124:15128:0608/014048.740:INFO:CONSOLE:1] "Could not build a batch because a batch is not yet ready to build.", source: https://cloudfront.xp-assets.aiv-cdn.net/family/web/ATVWebPlayerSDKLoader-2.0/prod/WebPlayerSDK.js (1)
[15124:15128:0608/014048.740:INFO:CONSOLE:1] "Batch reporting cycle is complete. Waiting until next wake up...", source: https://cloudfront.xp-assets.aiv-cdn.net/family/web/ATVWebPlayerSDKLoader-2.0/prod/WebPlayerSDK.js (1)
[15124:15128:0608/014048.879:INFO:CONSOLE:1] "Could not build a batch because a batch is not yet ready to build.", source: https://cloudfront.xp-assets.aiv-cdn.net/family/web/ATVWebPlayerSDKLoader-2.0/prod/WebPlayerSDK.js (1)
[15124:15128:0608/014048.879:INFO:CONSOLE:1] "Batch reporting cycle is complete. Waiting until next wake up...", source: https://cloudfront.xp-assets.aiv-cdn.net/family/web/ATVWebPlayerSDKLoader-2.0/prod/WebPlayerSDK.js (1)
[15124:15128:0608/014117.299:INFO:CONSOLE:0] "The resource https://redirect.prod.experiment.routing.cloudfront.aws.a2z.com/x.png?timestamp=1780874004047 was preloaded using link preload but not used within a few seconds from the window's load event. Please make sure it has an appropriate `as` value and it is preloaded intentionally.", source: https://www.amazon.de/gp/video/movie (0)
[15124:15128:0608/014122.919:INFO:CONSOLE:1] "Could not build a batch because a batch is not yet ready to build.", source: https://cloudfront.xp-assets.aiv-cdn.net/family/web/ATVWebPlayerSDKLoader-2.0/prod/WebPlayerSDK.js (1)
[15124:15128:0608/014122.919:INFO:CONSOLE:1] "Batch reporting cycle is complete. Waiting until next wake up...", source: https://cloudfront.xp-assets.aiv-cdn.net/family/web/ATVWebPlayerSDKLoader-2.0/prod/WebPlayerSDK.js (1)
[15124:15128:0608/014147.420:INFO:CONSOLE:0] "The resource https://redirect.prod.experiment.routing.cloudfront.aws.a2z.com/x.png?timestamp=1780874004047 was preloaded using link preload but not used within a few seconds from the window's load event. Please make sure it has an appropriate `as` value and it is preloaded intentionally.", source: https://www.amazon.de/gp/video/movie (0)
[15124:15128:0608/014148.699:INFO:CONSOLE:1] "Could not build a batch because a batch is not yet ready to build.", source: https://cloudfront.xp-assets.aiv-cdn.net/family/web/ATVWebPlayerSDKLoader-2.0/prod/WebPlayerSDK.js (1)
[15124:15128:0608/014148.699:INFO:CONSOLE:1] "Batch reporting cycle is complete. Waiting until next wake up...", source: https://cloudfront.xp-assets.aiv-cdn.net/family/web/ATVWebPlayerSDKLoader-2.0/prod/WebPlayerSDK.js (1)
[15124:15128:0608/014148.819:INFO:CONSOLE:1] "Could not build a batch because a batch is not yet ready to build.", source: https://cloudfront.xp-assets.aiv-cdn.net/family/web/ATVWebPlayerSDKLoader-2.0/prod/WebPlayerSDK.js (1)
[15124:15128:0608/014148.819:INFO:CONSOLE:1] "Batch reporting cycle is complete. Waiting until next wake up...", source: https://cloudfront.xp-assets.aiv-cdn.net/family/web/ATVWebPlayerSDKLoader-2.0/prod/WebPlayerSDK.js (1)
[15124:15128:0608/014217.459:INFO:CONSOLE:0] "The resource https://redirect.prod.experiment.routing.cloudfront.aws.a2z.com/x.png?timestamp=1780874004047 was preloaded using link preload but not used within a few seconds from the window's load event. Please make sure it has an appropriate `as` value and it is preloaded intentionally.", source: https://www.amazon.de/gp/video/movie (0)
[15124:15128:0608/014222.927:INFO:CONSOLE:1] "Could not build a batch because a batch is not yet ready to build.", source: https://cloudfront.xp-assets.aiv-cdn.net/family/web/ATVWebPlayerSDKLoader-2.0/prod/WebPlayerSDK.js (1)
[15124:15128:0608/014222.927:INFO:CONSOLE:1] "Batch reporting cycle is complete. Waiting until next wake up...", source: https://cloudfront.xp-assets.aiv-cdn.net/family/web/ATVWebPlayerSDKLoader-2.0/prod/WebPlayerSDK.js (1)
[15124:15128:0608/014247.248:INFO:CONSOLE:0] "The resource https://redirect.prod.experiment.routing.cloudfront.aws.a2z.com/x.png?timestamp=1780874004047 was preloaded using link preload but not used within a few seconds from the window's load event. Please make sure it has an appropriate `as` value and it is preloaded intentionally.", source: https://www.amazon.de/gp/video/movie (0)
[15124:15128:0608/014248.700:INFO:CONSOLE:1] "Could not build a batch because a batch is not yet ready to build.", source: https://cloudfront.xp-assets.aiv-cdn.net/family/web/ATVWebPlayerSDKLoader-2.0/prod/WebPlayerSDK.js (1)
[15124:15128:0608/014248.700:INFO:CONSOLE:1] "Batch reporting cycle is complete. Waiting until next wake up...", source: https://cloudfront.xp-assets.aiv-cdn.net/family/web/ATVWebPlayerSDKLoader-2.0/prod/WebPlayerSDK.js (1)
[15124:15128:0608/014248.839:INFO:CONSOLE:1] "Could not build a batch because a batch is not yet ready to build.", source: https://cloudfront.xp-assets.aiv-cdn.net/family/web/ATVWebPlayerSDKLoader-2.0/prod/WebPlayerSDK.js (1)
[15124:15128:0608/014248.839:INFO:CONSOLE:1] "Batch reporting cycle is complete. Waiting until next wake up...", source: https://cloudfront.xp-assets.aiv-cdn.net/family/web/ATVWebPlayerSDKLoader-2.0/prod/WebPlayerSDK.js (1)
[15124:15128:0608/014319.219:INFO:CONSOLE:0] "The resource https://redirect.prod.experiment.routing.cloudfront.aws.a2z.com/x.png?timestamp=1780874004047 was preloaded using link preload but not used within a few seconds from the window's load event. Please make sure it has an appropriate `as` value and it is preloaded intentionally.", source: https://www.amazon.de/gp/video/movie (0)
[15124:15128:0608/014322.919:INFO:CONSOLE:1] "Could not build a batch because a batch is not yet ready to build.", source: https://cloudfront.xp-assets.aiv-cdn.net/family/web/ATVWebPlayerSDKLoader-2.0/prod/WebPlayerSDK.js (1)
[15124:15128:0608/014322.919:INFO:CONSOLE:1] "Batch reporting cycle is complete. Waiting until next wake up...", source: https://cloudfront.xp-assets.aiv-cdn.net/family/web/ATVWebPlayerSDKLoader-2.0/prod/WebPlayerSDK.js (1)
[15124:15128:0608/014328.599:INFO:CONSOLE:0] "The resource https://redirect.prod.experiment.routing.cloudfront.aws.a2z.com/x.png?timestamp=1780874004047 was preloaded using link preload but not used within a few seconds from the window's load event. Please make sure it has an appropriate `as` value and it is preloaded intentionally.", source: https://www.amazon.de/gp/video/movie (0)
[15124:15128:0608/014338.207:INFO:CONSOLE:0] "The resource https://redirect.prod.experiment.routing.cloudfront.aws.a2z.com/x.png?timestamp=1780874004047 was preloaded using link preload but not used within a few seconds from the window's load event. Please make sure it has an appropriate `as` value and it is preloaded intentionally.", source: https://www.amazon.de/gp/video/movie (0)
[15124:15128:0608/014343.187:INFO:CONSOLE:0] "The resource https://redirect.prod.experiment.routing.cloudfront.aws.a2z.com/x.png?timestamp=1780874004047 was preloaded using link preload but not used within a few seconds from the window's load event. Please make sure it has an appropriate `as` value and it is preloaded intentionally.", source: https://www.amazon.de/gp/video/movie (0)
[15124:15128:0608/014348.867:INFO:CONSOLE:1] "Could not build a batch because a batch is not yet ready to build.", source: https://cloudfront.xp-assets.aiv-cdn.net/family/web/ATVWebPlayerSDKLoader-2.0/prod/WebPlayerSDK.js (1)
[15124:15128:0608/014348.868:INFO:CONSOLE:1] "Batch reporting cycle is complete. Waiting until next wake up...", source: https://cloudfront.xp-assets.aiv-cdn.net/family/web/ATVWebPlayerSDKLoader-2.0/prod/WebPlayerSDK.js (1)
[15124:15128:0608/014348.947:INFO:CONSOLE:1] "Could not build a batch because a batch is not yet ready to build.", source: https://cloudfront.xp-assets.aiv-cdn.net/family/web/ATVWebPlayerSDKLoader-2.0/prod/WebPlayerSDK.js (1)
[15124:15128:0608/014348.947:INFO:CONSOLE:1] "Batch reporting cycle is complete. Waiting until next wake up...", source: https://cloudfront.xp-assets.aiv-cdn.net/family/web/ATVWebPlayerSDKLoader-2.0/prod/WebPlayerSDK.js (1)
[15124:15128:0608/014417.381:INFO:CONSOLE:0] "The resource https://redirect.prod.experiment.routing.cloudfront.aws.a2z.com/x.png?timestamp=1780874004047 was preloaded using link preload but not used within a few seconds from the window's load event. Please make sure it has an appropriate `as` value and it is preloaded intentionally.", source: https://www.amazon.de/gp/video/movie (0)
[15124:15128:0608/014422.922:INFO:CONSOLE:1] "Could not build a batch because a batch is not yet ready to build.", source: https://cloudfront.xp-assets.aiv-cdn.net/family/web/ATVWebPlayerSDKLoader-2.0/prod/WebPlayerSDK.js (1)
[15124:15128:0608/014422.922:INFO:CONSOLE:1] "Batch reporting cycle is complete. Waiting until next wake up...", source: https://cloudfront.xp-assets.aiv-cdn.net/family/web/ATVWebPlayerSDKLoader-2.0/prod/WebPlayerSDK.js (1)
[15124:15128:0608/014447.419:INFO:CONSOLE:0] "The resource https://redirect.prod.experiment.routing.cloudfront.aws.a2z.com/x.png?timestamp=1780874004047 was preloaded using link preload but not used within a few seconds from the window's load event. Please make sure it has an appropriate `as` value and it is preloaded intentionally.", source: https://www.amazon.de/gp/video/movie (0)
[15124:15128:0608/014448.739:INFO:CONSOLE:1] "Could not build a batch because a batch is not yet ready to build.", source: https://cloudfront.xp-assets.aiv-cdn.net/family/web/ATVWebPlayerSDKLoader-2.0/prod/WebPlayerSDK.js (1)
[15124:15128:0608/014448.739:INFO:CONSOLE:1] "Batch reporting cycle is complete. Waiting until next wake up...", source: https://cloudfront.xp-assets.aiv-cdn.net/family/web/ATVWebPlayerSDKLoader-2.0/prod/WebPlayerSDK.js (1)
[15124:15128:0608/014448.859:INFO:CONSOLE:1] "Could not build a batch because a batch is not yet ready to build.", source: https://cloudfront.xp-assets.aiv-cdn.net/family/web/ATVWebPlayerSDKLoader-2.0/prod/WebPlayerSDK.js (1)
[15124:15128:0608/014448.859:INFO:CONSOLE:1] "Batch reporting cycle is complete. Waiting until next wake up...", source: https://cloudfront.xp-assets.aiv-cdn.net/family/web/ATVWebPlayerSDKLoader-2.0/prod/WebPlayerSDK.js (1)
[15124:15128:0608/014517.240:INFO:CONSOLE:0] "The resource https://redirect.prod.experiment.routing.cloudfront.aws.a2z.com/x.png?timestamp=1780874004047 was preloaded using link preload but not used within a few seconds from the window's load event. Please make sure it has an appropriate `as` value and it is preloaded intentionally.", source: https://www.amazon.de/gp/video/movie (0)
[15124:15128:0608/014522.919:INFO:CONSOLE:1] "Could not build a batch because a batch is not yet ready to build.", source: https://cloudfront.xp-assets.aiv-cdn.net/family/web/ATVWebPlayerSDKLoader-2.0/prod/WebPlayerSDK.js (1)
[15124:15128:0608/014522.919:INFO:CONSOLE:1] "Batch reporting cycle is complete. Waiting until next wake up...", source: https://cloudfront.xp-assets.aiv-cdn.net/family/web/ATVWebPlayerSDKLoader-2.0/prod/WebPlayerSDK.js (1)
[15124:15128:0608/014542.139:INFO:CONSOLE:0] "The resource https://redirect.prod.experiment.routing.cloudfront.aws.a2z.com/x.png?timestamp=1780874004047 was preloaded using link preload but not used within a few seconds from the window's load event. Please make sure it has an appropriate `as` value and it is preloaded intentionally.", source: https://www.amazon.de/gp/video/movie (0)
[15124:15128:0608/014547.240:INFO:CONSOLE:0] "The resource https://redirect.prod.experiment.routing.cloudfront.aws.a2z.com/x.png?timestamp=1780874004047 was preloaded using link preload but not used within a few seconds from the window's load event. Please make sure it has an appropriate `as` value and it is preloaded intentionally.", source: https://www.amazon.de/gp/video/movie (0)
[15124:15128:0608/014548.701:INFO:CONSOLE:1] "Could not build a batch because a batch is not yet ready to build.", source: https://cloudfront.xp-assets.aiv-cdn.net/family/web/ATVWebPlayerSDKLoader-2.0/prod/WebPlayerSDK.js (1)
[15124:15128:0608/014548.701:INFO:CONSOLE:1] "Batch reporting cycle is complete. Waiting until next wake up...", source: https://cloudfront.xp-assets.aiv-cdn.net/family/web/ATVWebPlayerSDKLoader-2.0/prod/WebPlayerSDK.js (1)
[15124:15128:0608/014548.802:INFO:CONSOLE:1] "Could not build a batch because a batch is not yet ready to build.", source: https://cloudfront.xp-assets.aiv-cdn.net/family/web/ATVWebPlayerSDKLoader-2.0/prod/WebPlayerSDK.js (1)
[15124:15128:0608/014548.802:INFO:CONSOLE:1] "Batch reporting cycle is complete. Waiting until next wake up...", source: https://cloudfront.xp-assets.aiv-cdn.net/family/web/ATVWebPlayerSDKLoader-2.0/prod/WebPlayerSDK.js (1)
[15124:15128:0608/014617.520:INFO:CONSOLE:0] "The resource https://redirect.prod.experiment.routing.cloudfront.aws.a2z.com/x.png?timestamp=1780874004047 was preloaded using link preload but not used within a few seconds from the window's load event. Please make sure it has an appropriate `as` value and it is preloaded intentionally.", source: https://www.amazon.de/gp/video/movie (0)
[15124:15128:0608/014622.928:INFO:CONSOLE:1] "Could not build a batch because a batch is not yet ready to build.", source: https://cloudfront.xp-assets.aiv-cdn.net/family/web/ATVWebPlayerSDKLoader-2.0/prod/WebPlayerSDK.js (1)
[15124:15128:0608/014622.928:INFO:CONSOLE:1] "Batch reporting cycle is complete. Waiting until next wake up...", source: https://cloudfront.xp-assets.aiv-cdn.net/family/web/ATVWebPlayerSDKLoader-2.0/prod/WebPlayerSDK.js (1)
[15124:15128:0608/014647.302:INFO:CONSOLE:0] "The resource https://redirect.prod.experiment.routing.cloudfront.aws.a2z.com/x.png?timestamp=1780874004047 was preloaded using link preload but not used within a few seconds from the window's load event. Please make sure it has an appropriate `as` value and it is preloaded intentionally.", source: https://www.amazon.de/gp/video/movie (0)
[15124:15128:0608/014648.699:INFO:CONSOLE:1] "Could not build a batch because a batch is not yet ready to build.", source: https://cloudfront.xp-assets.aiv-cdn.net/family/web/ATVWebPlayerSDKLoader-2.0/prod/WebPlayerSDK.js (1)
[15124:15128:0608/014648.699:INFO:CONSOLE:1] "Batch reporting cycle is complete. Waiting until next wake up...", source: https://cloudfront.xp-assets.aiv-cdn.net/family/web/ATVWebPlayerSDKLoader-2.0/prod/WebPlayerSDK.js (1)
[15124:15128:0608/014648.819:INFO:CONSOLE:1] "Could not build a batch because a batch is not yet ready to build.", source: https://cloudfront.xp-assets.aiv-cdn.net/family/web/ATVWebPlayerSDKLoader-2.0/prod/WebPlayerSDK.js (1)
[15124:15128:0608/014648.820:INFO:CONSOLE:1] "Batch reporting cycle is complete. Waiting until next wake up...", source: https://cloudfront.xp-assets.aiv-cdn.net/family/web/ATVWebPlayerSDKLoader-2.0/prod/WebPlayerSDK.js (1)
[15124:15128:0608/014717.259:INFO:CONSOLE:0] "The resource https://redirect.prod.experiment.routing.cloudfront.aws.a2z.com/x.png?timestamp=1780874004047 was preloaded using link preload but not used within a few seconds from the window's load event. Please make sure it has an appropriate `as` value and it is preloaded intentionally.", source: https://www.amazon.de/gp/video/movie (0)
[15124:15128:0608/014722.919:INFO:CONSOLE:1] "Could not build a batch because a batch is not yet ready to build.", source: https://cloudfront.xp-assets.aiv-cdn.net/family/web/ATVWebPlayerSDKLoader-2.0/prod/WebPlayerSDK.js (1)
[15124:15128:0608/014722.919:INFO:CONSOLE:1] "Batch reporting cycle is complete. Waiting until next wake up...", source: https://cloudfront.xp-assets.aiv-cdn.net/family/web/ATVWebPlayerSDKLoader-2.0/prod/WebPlayerSDK.js (1)
[15124:15128:0608/014747.540:INFO:CONSOLE:0] "The resource https://redirect.prod.experiment.routing.cloudfront.aws.a2z.com/x.png?timestamp=1780874004047 was preloaded using link preload but not used within a few seconds from the window's load event. Please make sure it has an appropriate `as` value and it is preloaded intentionally.", source: https://www.amazon.de/gp/video/movie (0)
[15124:15128:0608/014748.700:INFO:CONSOLE:1] "Could not build a batch because a batch is not yet ready to build.", source: https://cloudfront.xp-assets.aiv-cdn.net/family/web/ATVWebPlayerSDKLoader-2.0/prod/WebPlayerSDK.js (1)
[15124:15128:0608/014748.700:INFO:CONSOLE:1] "Batch reporting cycle is complete. Waiting until next wake up...", source: https://cloudfront.xp-assets.aiv-cdn.net/family/web/ATVWebPlayerSDKLoader-2.0/prod/WebPlayerSDK.js (1)
[15124:15128:0608/014748.819:INFO:CONSOLE:1] "Could not build a batch because a batch is not yet ready to build.", source: https://cloudfront.xp-assets.aiv-cdn.net/family/web/ATVWebPlayerSDKLoader-2.0/prod/WebPlayerSDK.js (1)
[15124:15128:0608/014748.819:INFO:CONSOLE:1] "Batch reporting cycle is complete. Waiting until next wake up...", source: https://cloudfront.xp-assets.aiv-cdn.net/family/web/ATVWebPlayerSDKLoader-2.0/prod/WebPlayerSDK.js (1)
[15124:15128:0608/014817.360:INFO:CONSOLE:0] "The resource https://redirect.prod.experiment.routing.cloudfront.aws.a2z.com/x.png?timestamp=1780874004047 was preloaded using link preload but not used within a few seconds from the window's load event. Please make sure it has an appropriate `as` value and it is preloaded intentionally.", source: https://www.amazon.de/gp/video/movie (0)
[15124:15128:0608/014822.922:INFO:CONSOLE:1] "Could not build a batch because a batch is not yet ready to build.", source: https://cloudfront.xp-assets.aiv-cdn.net/family/web/ATVWebPlayerSDKLoader-2.0/prod/WebPlayerSDK.js (1)
[15124:15128:0608/014822.922:INFO:CONSOLE:1] "Batch reporting cycle is complete. Waiting until next wake up...", source: https://cloudfront.xp-assets.aiv-cdn.net/family/web/ATVWebPlayerSDKLoader-2.0/prod/WebPlayerSDK.js (1)
[15124:15128:0608/014847.341:INFO:CONSOLE:0] "The resource https://redirect.prod.experiment.routing.cloudfront.aws.a2z.com/x.png?timestamp=1780874004047 was preloaded using link preload but not used within a few seconds from the window's load event. Please make sure it has an appropriate `as` value and it is preloaded intentionally.", source: https://www.amazon.de/gp/video/movie (0)
[15124:15128:0608/014848.699:INFO:CONSOLE:1] "Could not build a batch because a batch is not yet ready to build.", source: https://cloudfront.xp-assets.aiv-cdn.net/family/web/ATVWebPlayerSDKLoader-2.0/prod/WebPlayerSDK.js (1)
[15124:15128:0608/014848.699:INFO:CONSOLE:1] "Batch reporting cycle is complete. Waiting until next wake up...", source: https://cloudfront.xp-assets.aiv-cdn.net/family/web/ATVWebPlayerSDKLoader-2.0/prod/WebPlayerSDK.js (1)
[15124:15128:0608/014848.819:INFO:CONSOLE:1] "Could not build a batch because a batch is not yet ready to build.", source: https://cloudfront.xp-assets.aiv-cdn.net/family/web/ATVWebPlayerSDKLoader-2.0/prod/WebPlayerSDK.js (1)
[15124:15128:0608/014848.820:INFO:CONSOLE:1] "Batch reporting cycle is complete. Waiting until next wake up...", source: https://cloudfront.xp-assets.aiv-cdn.net/family/web/ATVWebPlayerSDKLoader-2.0/prod/WebPlayerSDK.js (1)
[15124:15128:0608/014917.339:INFO:CONSOLE:0] "The resource https://redirect.prod.experiment.routing.cloudfront.aws.a2z.com/x.png?timestamp=1780874004047 was preloaded using link preload but not used within a few seconds from the window's load event. Please make sure it has an appropriate `as` value and it is preloaded intentionally.", source: https://www.amazon.de/gp/video/movie (0)
[15124:15128:0608/014922.919:INFO:CONSOLE:1] "Could not build a batch because a batch is not yet ready to build.", source: https://cloudfront.xp-assets.aiv-cdn.net/family/web/ATVWebPlayerSDKLoader-2.0/prod/WebPlayerSDK.js (1)
[15124:15128:0608/014922.919:INFO:CONSOLE:1] "Batch reporting cycle is complete. Waiting until next wake up...", source: https://cloudfront.xp-assets.aiv-cdn.net/family/web/ATVWebPlayerSDKLoader-2.0/prod/WebPlayerSDK.js (1)
[15124:15128:0608/014947.479:INFO:CONSOLE:0] "The resource https://redirect.prod.experiment.routing.cloudfront.aws.a2z.com/x.png?timestamp=1780874004047 was preloaded using link preload but not used within a few seconds from the window's load event. Please make sure it has an appropriate `as` value and it is preloaded intentionally.", source: https://www.amazon.de/gp/video/movie (0)
[15124:15128:0608/014948.728:INFO:CONSOLE:1] "Could not build a batch because a batch is not yet ready to build.", source: https://cloudfront.xp-assets.aiv-cdn.net/family/web/ATVWebPlayerSDKLoader-2.0/prod/WebPlayerSDK.js (1)
[15124:15128:0608/014948.728:INFO:CONSOLE:1] "Batch reporting cycle is complete. Waiting until next wake up...", source: https://cloudfront.xp-assets.aiv-cdn.net/family/web/ATVWebPlayerSDKLoader-2.0/prod/WebPlayerSDK.js (1)
[15124:15128:0608/014948.919:INFO:CONSOLE:1] "Could not build a batch because a batch is not yet ready to build.", source: https://cloudfront.xp-assets.aiv-cdn.net/family/web/ATVWebPlayerSDKLoader-2.0/prod/WebPlayerSDK.js (1)
[15124:15128:0608/014948.920:INFO:CONSOLE:1] "Batch reporting cycle is complete. Waiting until next wake up...", source: https://cloudfront.xp-assets.aiv-cdn.net/family/web/ATVWebPlayerSDKLoader-2.0/prod/WebPlayerSDK.js (1)
[15124:15128:0608/015017.239:INFO:CONSOLE:0] "The resource https://redirect.prod.experiment.routing.cloudfront.aws.a2z.com/x.png?timestamp=1780874004047 was preloaded using link preload but not used within a few seconds from the window's load event. Please make sure it has an appropriate `as` value and it is preloaded intentionally.", source: https://www.amazon.de/gp/video/movie (0)
[15124:15128:0608/015022.928:INFO:CONSOLE:1] "Could not build a batch because a batch is not yet ready to build.", source: https://cloudfront.xp-assets.aiv-cdn.net/family/web/ATVWebPlayerSDKLoader-2.0/prod/WebPlayerSDK.js (1)
[15124:15128:0608/015022.928:INFO:CONSOLE:1] "Batch reporting cycle is complete. Waiting until next wake up...", source: https://cloudfront.xp-assets.aiv-cdn.net/family/web/ATVWebPlayerSDKLoader-2.0/prod/WebPlayerSDK.js (1)
[15124:15128:0608/015047.479:INFO:CONSOLE:0] "The resource https://redirect.prod.experiment.routing.cloudfront.aws.a2z.com/x.png?timestamp=1780874004047 was preloaded using link preload but not used within a few seconds from the window's load event. Please make sure it has an appropriate `as` value and it is preloaded intentionally.", source: https://www.amazon.de/gp/video/movie (0)
[15124:15128:0608/015048.699:INFO:CONSOLE:1] "Could not build a batch because a batch is not yet ready to build.", source: https://cloudfront.xp-assets.aiv-cdn.net/family/web/ATVWebPlayerSDKLoader-2.0/prod/WebPlayerSDK.js (1)
[15124:15128:0608/015048.699:INFO:CONSOLE:1] "Batch reporting cycle is complete. Waiting until next wake up...", source: https://cloudfront.xp-assets.aiv-cdn.net/family/web/ATVWebPlayerSDKLoader-2.0/prod/WebPlayerSDK.js (1)
[15124:15128:0608/015048.819:INFO:CONSOLE:1] "Could not build a batch because a batch is not yet ready to build.", source: https://cloudfront.xp-assets.aiv-cdn.net/family/web/ATVWebPlayerSDKLoader-2.0/prod/WebPlayerSDK.js (1)
[15124:15128:0608/015048.819:INFO:CONSOLE:1] "Batch reporting cycle is complete. Waiting until next wake up...", source: https://cloudfront.xp-assets.aiv-cdn.net/family/web/ATVWebPlayerSDKLoader-2.0/prod/WebPlayerSDK.js (1)
[15124:15128:0608/015117.499:INFO:CONSOLE:0] "The resource https://redirect.prod.experiment.routing.cloudfront.aws.a2z.com/x.png?timestamp=1780874004047 was preloaded using link preload but not used within a few seconds from the window's load event. Please make sure it has an appropriate `as` value and it is preloaded intentionally.", source: https://www.amazon.de/gp/video/movie (0)
[15124:15128:0608/015122.927:INFO:CONSOLE:1] "Could not build a batch because a batch is not yet ready to build.", source: https://cloudfront.xp-assets.aiv-cdn.net/family/web/ATVWebPlayerSDKLoader-2.0/prod/WebPlayerSDK.js (1)
[15124:15128:0608/015122.927:INFO:CONSOLE:1] "Batch reporting cycle is complete. Waiting until next wake up...", source: https://cloudfront.xp-assets.aiv-cdn.net/family/web/ATVWebPlayerSDKLoader-2.0/prod/WebPlayerSDK.js (1)
[15124:15128:0608/015147.319:INFO:CONSOLE:0] "The resource https://redirect.prod.experiment.routing.cloudfront.aws.a2z.com/x.png?timestamp=1780874004047 was preloaded using link preload but not used within a few seconds from the window's load event. Please make sure it has an appropriate `as` value and it is preloaded intentionally.", source: https://www.amazon.de/gp/video/movie (0)
[15124:15128:0608/015148.699:INFO:CONSOLE:1] "Could not build a batch because a batch is not yet ready to build.", source: https://cloudfront.xp-assets.aiv-cdn.net/family/web/ATVWebPlayerSDKLoader-2.0/prod/WebPlayerSDK.js (1)
[15124:15128:0608/015148.699:INFO:CONSOLE:1] "Batch reporting cycle is complete. Waiting until next wake up...", source: https://cloudfront.xp-assets.aiv-cdn.net/family/web/ATVWebPlayerSDKLoader-2.0/prod/WebPlayerSDK.js (1)
[15124:15128:0608/015148.819:INFO:CONSOLE:1] "Could not build a batch because a batch is not yet ready to build.", source: https://cloudfront.xp-assets.aiv-cdn.net/family/web/ATVWebPlayerSDKLoader-2.0/prod/WebPlayerSDK.js (1)
[15124:15128:0608/015148.820:INFO:CONSOLE:1] "Batch reporting cycle is complete. Waiting until next wake up...", source: https://cloudfront.xp-assets.aiv-cdn.net/family/web/ATVWebPlayerSDKLoader-2.0/prod/WebPlayerSDK.js (1)
[15124:15128:0608/015217.242:INFO:CONSOLE:0] "The resource https://redirect.prod.experiment.routing.cloudfront.aws.a2z.com/x.png?timestamp=1780874004047 was preloaded using link preload but not used within a few seconds from the window's load event. Please make sure it has an appropriate `as` value and it is preloaded intentionally.", source: https://www.amazon.de/gp/video/movie (0)
[15124:15128:0608/015222.927:INFO:CONSOLE:1] "Could not build a batch because a batch is not yet ready to build.", source: https://cloudfront.xp-assets.aiv-cdn.net/family/web/ATVWebPlayerSDKLoader-2.0/prod/WebPlayerSDK.js (1)
[15124:15128:0608/015222.927:INFO:CONSOLE:1] "Batch reporting cycle is complete. Waiting until next wake up...", source: https://cloudfront.xp-assets.aiv-cdn.net/family/web/ATVWebPlayerSDKLoader-2.0/prod/WebPlayerSDK.js (1)
[15124:15128:0608/015247.519:INFO:CONSOLE:0] "The resource https://redirect.prod.experiment.routing.cloudfront.aws.a2z.com/x.png?timestamp=1780874004047 was preloaded using link preload but not used within a few seconds from the window's load event. Please make sure it has an appropriate `as` value and it is preloaded intentionally.", source: https://www.amazon.de/gp/video/movie (0)
[15124:15128:0608/015248.699:INFO:CONSOLE:1] "Could not build a batch because a batch is not yet ready to build.", source: https://cloudfront.xp-assets.aiv-cdn.net/family/web/ATVWebPlayerSDKLoader-2.0/prod/WebPlayerSDK.js (1)
[15124:15128:0608/015248.699:INFO:CONSOLE:1] "Batch reporting cycle is complete. Waiting until next wake up...", source: https://cloudfront.xp-assets.aiv-cdn.net/family/web/ATVWebPlayerSDKLoader-2.0/prod/WebPlayerSDK.js (1)
[15124:15128:0608/015248.820:INFO:CONSOLE:1] "Could not build a batch because a batch is not yet ready to build.", source: https://cloudfront.xp-assets.aiv-cdn.net/family/web/ATVWebPlayerSDKLoader-2.0/prod/WebPlayerSDK.js (1)
[15124:15128:0608/015248.820:INFO:CONSOLE:1] "Batch reporting cycle is complete. Waiting until next wake up...", source: https://cloudfront.xp-assets.aiv-cdn.net/family/web/ATVWebPlayerSDKLoader-2.0/prod/WebPlayerSDK.js (1)
[15124:15128:0608/015317.479:INFO:CONSOLE:0] "The resource https://redirect.prod.experiment.routing.cloudfront.aws.a2z.com/x.png?timestamp=1780874004047 was preloaded using link preload but not used within a few seconds from the window's load event. Please make sure it has an appropriate `as` value and it is preloaded intentionally.", source: https://www.amazon.de/gp/video/movie (0)
[15124:15128:0608/015322.919:INFO:CONSOLE:1] "Could not build a batch because a batch is not yet ready to build.", source: https://cloudfront.xp-assets.aiv-cdn.net/family/web/ATVWebPlayerSDKLoader-2.0/prod/WebPlayerSDK.js (1)
[15124:15128:0608/015322.919:INFO:CONSOLE:1] "Batch reporting cycle is complete. Waiting until next wake up...", source: https://cloudfront.xp-assets.aiv-cdn.net/family/web/ATVWebPlayerSDKLoader-2.0/prod/WebPlayerSDK.js (1)
[15124:15128:0608/015328.959:INFO:CONSOLE:0] "The resource https://redirect.prod.experiment.routing.cloudfront.aws.a2z.com/x.png?timestamp=1780874004047 was preloaded using link preload but not used within a few seconds from the window's load event. Please make sure it has an appropriate `as` value and it is preloaded intentionally.", source: https://www.amazon.de/gp/video/movie (0)
[15124:15128:0608/015338.699:INFO:CONSOLE:0] "The resource https://redirect.prod.experiment.routing.cloudfront.aws.a2z.com/x.png?timestamp=1780874004047 was preloaded using link preload but not used within a few seconds from the window's load event. Please make sure it has an appropriate `as` value and it is preloaded intentionally.", source: https://www.amazon.de/gp/video/movie (0)
[15124:15128:0608/015347.340:INFO:CONSOLE:0] "The resource https://redirect.prod.experiment.routing.cloudfront.aws.a2z.com/x.png?timestamp=1780874004047 was preloaded using link preload but not used within a few seconds from the window's load event. Please make sure it has an appropriate `as` value and it is preloaded intentionally.", source: https://www.amazon.de/gp/video/movie (0)
[15124:15128:0608/015348.699:INFO:CONSOLE:1] "Could not build a batch because a batch is not yet ready to build.", source: https://cloudfront.xp-assets.aiv-cdn.net/family/web/ATVWebPlayerSDKLoader-2.0/prod/WebPlayerSDK.js (1)
[15124:15128:0608/015348.699:INFO:CONSOLE:1] "Batch reporting cycle is complete. Waiting until next wake up...", source: https://cloudfront.xp-assets.aiv-cdn.net/family/web/ATVWebPlayerSDKLoader-2.0/prod/WebPlayerSDK.js (1)
[15124:15128:0608/015348.819:INFO:CONSOLE:1] "Could not build a batch because a batch is not yet ready to build.", source: https://cloudfront.xp-assets.aiv-cdn.net/family/web/ATVWebPlayerSDKLoader-2.0/prod/WebPlayerSDK.js (1)
[15124:15128:0608/015348.820:INFO:CONSOLE:1] "Batch reporting cycle is complete. Waiting until next wake up...", source: https://cloudfront.xp-assets.aiv-cdn.net/family/web/ATVWebPlayerSDKLoader-2.0/prod/WebPlayerSDK.js (1)
[15124:15128:0608/015417.459:INFO:CONSOLE:0] "The resource https://redirect.prod.experiment.routing.cloudfront.aws.a2z.com/x.png?timestamp=1780874004047 was preloaded using link preload but not used within a few seconds from the window's load event. Please make sure it has an appropriate `as` value and it is preloaded intentionally.", source: https://www.amazon.de/gp/video/movie (0)
[15124:15128:0608/015422.919:INFO:CONSOLE:1] "Could not build a batch because a batch is not yet ready to build.", source: https://cloudfront.xp-assets.aiv-cdn.net/family/web/ATVWebPlayerSDKLoader-2.0/prod/WebPlayerSDK.js (1)
[15124:15128:0608/015422.920:INFO:CONSOLE:1] "Batch reporting cycle is complete. Waiting until next wake up...", source: https://cloudfront.xp-assets.aiv-cdn.net/family/web/ATVWebPlayerSDKLoader-2.0/prod/WebPlayerSDK.js (1)
[15124:15128:0608/015447.379:INFO:CONSOLE:0] "The resource https://redirect.prod.experiment.routing.cloudfront.aws.a2z.com/x.png?timestamp=1780874004047 was preloaded using link preload but not used within a few seconds from the window's load event. Please make sure it has an appropriate `as` value and it is preloaded intentionally.", source: https://www.amazon.de/gp/video/movie (0)
[15124:15128:0608/015448.727:INFO:CONSOLE:1] "Could not build a batch because a batch is not yet ready to build.", source: https://cloudfront.xp-assets.aiv-cdn.net/family/web/ATVWebPlayerSDKLoader-2.0/prod/WebPlayerSDK.js (1)
[15124:15128:0608/015448.727:INFO:CONSOLE:1] "Batch reporting cycle is complete. Waiting until next wake up...", source: https://cloudfront.xp-assets.aiv-cdn.net/family/web/ATVWebPlayerSDKLoader-2.0/prod/WebPlayerSDK.js (1)
[15124:15128:0608/015448.899:INFO:CONSOLE:1] "Could not build a batch because a batch is not yet ready to build.", source: https://cloudfront.xp-assets.aiv-cdn.net/family/web/ATVWebPlayerSDKLoader-2.0/prod/WebPlayerSDK.js (1)
[15124:15128:0608/015448.899:INFO:CONSOLE:1] "Batch reporting cycle is complete. Waiting until next wake up...", source: https://cloudfront.xp-assets.aiv-cdn.net/family/web/ATVWebPlayerSDKLoader-2.0/prod/WebPlayerSDK.js (1)
[15124:15128:0608/015517.308:INFO:CONSOLE:0] "The resource https://redirect.prod.experiment.routing.cloudfront.aws.a2z.com/x.png?timestamp=1780874004047 was preloaded using link preload but not used within a few seconds from the window's load event. Please make sure it has an appropriate `as` value and it is preloaded intentionally.", source: https://www.amazon.de/gp/video/movie (0)
[15124:15128:0608/015522.928:INFO:CONSOLE:1] "Could not build a batch because a batch is not yet ready to build.", source: https://cloudfront.xp-assets.aiv-cdn.net/family/web/ATVWebPlayerSDKLoader-2.0/prod/WebPlayerSDK.js (1)
[15124:15128:0608/015522.928:INFO:CONSOLE:1] "Batch reporting cycle is complete. Waiting until next wake up...", source: https://cloudfront.xp-assets.aiv-cdn.net/family/web/ATVWebPlayerSDKLoader-2.0/prod/WebPlayerSDK.js (1)
[15124:15128:0608/015547.462:INFO:CONSOLE:0] "The resource https://redirect.prod.experiment.routing.cloudfront.aws.a2z.com/x.png?timestamp=1780874004047 was preloaded using link preload but not used within a few seconds from the window's load event. Please make sure it has an appropriate `as` value and it is preloaded intentionally.", source: https://www.amazon.de/gp/video/movie (0)
[15124:15128:0608/015548.699:INFO:CONSOLE:1] "Could not build a batch because a batch is not yet ready to build.", source: https://cloudfront.xp-assets.aiv-cdn.net/family/web/ATVWebPlayerSDKLoader-2.0/prod/WebPlayerSDK.js (1)
[15124:15128:0608/015548.699:INFO:CONSOLE:1] "Batch reporting cycle is complete. Waiting until next wake up...", source: https://cloudfront.xp-assets.aiv-cdn.net/family/web/ATVWebPlayerSDKLoader-2.0/prod/WebPlayerSDK.js (1)
[15124:15128:0608/015548.819:INFO:CONSOLE:1] "Could not build a batch because a batch is not yet ready to build.", source: https://cloudfront.xp-assets.aiv-cdn.net/family/web/ATVWebPlayerSDKLoader-2.0/prod/WebPlayerSDK.js (1)
[15124:15128:0608/015548.819:INFO:CONSOLE:1] "Batch reporting cycle is complete. Waiting until next wake up...", source: https://cloudfront.xp-assets.aiv-cdn.net/family/web/ATVWebPlayerSDKLoader-2.0/prod/WebPlayerSDK.js (1)
[15124:15128:0608/015617.339:INFO:CONSOLE:0] "The resource https://redirect.prod.experiment.routing.cloudfront.aws.a2z.com/x.png?timestamp=1780874004047 was preloaded using link preload but not used within a few seconds from the window's load event. Please make sure it has an appropriate `as` value and it is preloaded intentionally.", source: https://www.amazon.de/gp/video/movie (0)
[15124:15128:0608/015622.927:INFO:CONSOLE:1] "Could not build a batch because a batch is not yet ready to build.", source: https://cloudfront.xp-assets.aiv-cdn.net/family/web/ATVWebPlayerSDKLoader-2.0/prod/WebPlayerSDK.js (1)
[15124:15128:0608/015622.927:INFO:CONSOLE:1] "Batch reporting cycle is complete. Waiting until next wake up...", source: https://cloudfront.xp-assets.aiv-cdn.net/family/web/ATVWebPlayerSDKLoader-2.0/prod/WebPlayerSDK.js (1)
[15124:15128:0608/015647.260:INFO:CONSOLE:0] "The resource https://redirect.prod.experiment.routing.cloudfront.aws.a2z.com/x.png?timestamp=1780874004047 was preloaded using link preload but not used within a few seconds from the window's load event. Please make sure it has an appropriate `as` value and it is preloaded intentionally.", source: https://www.amazon.de/gp/video/movie (0)
[15124:15128:0608/015648.679:INFO:CONSOLE:1] "Could not build a batch because a batch is not yet ready to build.", source: https://cloudfront.xp-assets.aiv-cdn.net/family/web/ATVWebPlayerSDKLoader-2.0/prod/WebPlayerSDK.js (1)
[15124:15128:0608/015648.679:INFO:CONSOLE:1] "Batch reporting cycle is complete. Waiting until next wake up...", source: https://cloudfront.xp-assets.aiv-cdn.net/family/web/ATVWebPlayerSDKLoader-2.0/prod/WebPlayerSDK.js (1)
[15124:15128:0608/015648.847:INFO:CONSOLE:1] "Could not build a batch because a batch is not yet ready to build.", source: https://cloudfront.xp-assets.aiv-cdn.net/family/web/ATVWebPlayerSDKLoader-2.0/prod/WebPlayerSDK.js (1)
[15124:15128:0608/015648.847:INFO:CONSOLE:1] "Batch reporting cycle is complete. Waiting until next wake up...", source: https://cloudfront.xp-assets.aiv-cdn.net/family/web/ATVWebPlayerSDKLoader-2.0/prod/WebPlayerSDK.js (1)
[15124:15128:0608/015717.219:INFO:CONSOLE:0] "The resource https://redirect.prod.experiment.routing.cloudfront.aws.a2z.com/x.png?timestamp=1780874004047 was preloaded using link preload but not used within a few seconds from the window's load event. Please make sure it has an appropriate `as` value and it is preloaded intentionally.", source: https://www.amazon.de/gp/video/movie (0)
[15124:15128:0608/015722.919:INFO:CONSOLE:1] "Could not build a batch because a batch is not yet ready to build.", source: https://cloudfront.xp-assets.aiv-cdn.net/family/web/ATVWebPlayerSDKLoader-2.0/prod/WebPlayerSDK.js (1)
[15124:15128:0608/015722.919:INFO:CONSOLE:1] "Batch reporting cycle is complete. Waiting until next wake up...", source: https://cloudfront.xp-assets.aiv-cdn.net/family/web/ATVWebPlayerSDKLoader-2.0/prod/WebPlayerSDK.js (1)
[15124:15128:0608/015747.419:INFO:CONSOLE:0] "The resource https://redirect.prod.experiment.routing.cloudfront.aws.a2z.com/x.png?timestamp=1780874004047 was preloaded using link preload but not used within a few seconds from the window's load event. Please make sure it has an appropriate `as` value and it is preloaded intentionally.", source: https://www.amazon.de/gp/video/movie (0)
[15124:15128:0608/015748.679:INFO:CONSOLE:1] "Could not build a batch because a batch is not yet ready to build.", source: https://cloudfront.xp-assets.aiv-cdn.net/family/web/ATVWebPlayerSDKLoader-2.0/prod/WebPlayerSDK.js (1)
[15124:15128:0608/015748.679:INFO:CONSOLE:1] "Batch reporting cycle is complete. Waiting until next wake up...", source: https://cloudfront.xp-assets.aiv-cdn.net/family/web/ATVWebPlayerSDKLoader-2.0/prod/WebPlayerSDK.js (1)
[15124:15128:0608/015748.848:INFO:CONSOLE:1] "Could not build a batch because a batch is not yet ready to build.", source: https://cloudfront.xp-assets.aiv-cdn.net/family/web/ATVWebPlayerSDKLoader-2.0/prod/WebPlayerSDK.js (1)
[15124:15128:0608/015748.848:INFO:CONSOLE:1] "Batch reporting cycle is complete. Waiting until next wake up...", source: https://cloudfront.xp-assets.aiv-cdn.net/family/web/ATVWebPlayerSDKLoader-2.0/prod/WebPlayerSDK.js (1)
[15124:15128:0608/015819.162:INFO:CONSOLE:0] "The resource https://redirect.prod.experiment.routing.cloudfront.aws.a2z.com/x.png?timestamp=1780874004047 was preloaded using link preload but not used within a few seconds from the window's load event. Please make sure it has an appropriate `as` value and it is preloaded intentionally.", source: https://www.amazon.de/gp/video/movie (0)
[15124:15128:0608/015822.919:INFO:CONSOLE:1] "Could not build a batch because a batch is not yet ready to build.", source: https://cloudfront.xp-assets.aiv-cdn.net/family/web/ATVWebPlayerSDKLoader-2.0/prod/WebPlayerSDK.js (1)
[15124:15128:0608/015822.919:INFO:CONSOLE:1] "Batch reporting cycle is complete. Waiting until next wake up...", source: https://cloudfront.xp-assets.aiv-cdn.net/family/web/ATVWebPlayerSDKLoader-2.0/prod/WebPlayerSDK.js (1)
[15124:15128:0608/015847.320:INFO:CONSOLE:0] "The resource https://redirect.prod.experiment.routing.cloudfront.aws.a2z.com/x.png?timestamp=1780874004047 was preloaded using link preload but not used within a few seconds from the window's load event. Please make sure it has an appropriate `as` value and it is preloaded intentionally.", source: https://www.amazon.de/gp/video/movie (0)
[15124:15128:0608/015848.699:INFO:CONSOLE:1] "Could not build a batch because a batch is not yet ready to build.", source: https://cloudfront.xp-assets.aiv-cdn.net/family/web/ATVWebPlayerSDKLoader-2.0/prod/WebPlayerSDK.js (1)
[15124:15128:0608/015848.699:INFO:CONSOLE:1] "Batch reporting cycle is complete. Waiting until next wake up...", source: https://cloudfront.xp-assets.aiv-cdn.net/family/web/ATVWebPlayerSDKLoader-2.0/prod/WebPlayerSDK.js (1)
[15124:15128:0608/015848.820:INFO:CONSOLE:1] "Could not build a batch because a batch is not yet ready to build.", source: https://cloudfront.xp-assets.aiv-cdn.net/family/web/ATVWebPlayerSDKLoader-2.0/prod/WebPlayerSDK.js (1)
[15124:15128:0608/015848.821:INFO:CONSOLE:1] "Batch reporting cycle is complete. Waiting until next wake up...", source: https://cloudfront.xp-assets.aiv-cdn.net/family/web/ATVWebPlayerSDKLoader-2.0/prod/WebPlayerSDK.js (1)
[15124:15128:0608/015917.247:INFO:CONSOLE:0] "The resource https://redirect.prod.experiment.routing.cloudfront.aws.a2z.com/x.png?timestamp=1780874004047 was preloaded using link preload but not used within a few seconds from the window's load event. Please make sure it has an appropriate `as` value and it is preloaded intentionally.", source: https://www.amazon.de/gp/video/movie (0)
[15124:15128:0608/015922.927:INFO:CONSOLE:1] "Could not build a batch because a batch is not yet ready to build.", source: https://cloudfront.xp-assets.aiv-cdn.net/family/web/ATVWebPlayerSDKLoader-2.0/prod/WebPlayerSDK.js (1)
[15124:15128:0608/015922.927:INFO:CONSOLE:1] "Batch reporting cycle is complete. Waiting until next wake up...", source: https://cloudfront.xp-assets.aiv-cdn.net/family/web/ATVWebPlayerSDKLoader-2.0/prod/WebPlayerSDK.js (1)
[15124:15128:0608/015947.499:INFO:CONSOLE:0] "The resource https://redirect.prod.experiment.routing.cloudfront.aws.a2z.com/x.png?timestamp=1780874004047 was preloaded using link preload but not used within a few seconds from the window's load event. Please make sure it has an appropriate `as` value and it is preloaded intentionally.", source: https://www.amazon.de/gp/video/movie (0)
[15124:15128:0608/015948.680:INFO:CONSOLE:1] "Could not build a batch because a batch is not yet ready to build.", source: https://cloudfront.xp-assets.aiv-cdn.net/family/web/ATVWebPlayerSDKLoader-2.0/prod/WebPlayerSDK.js (1)
[15124:15128:0608/015948.680:INFO:CONSOLE:1] "Batch reporting cycle is complete. Waiting until next wake up...", source: https://cloudfront.xp-assets.aiv-cdn.net/family/web/ATVWebPlayerSDKLoader-2.0/prod/WebPlayerSDK.js (1)
[15124:15128:0608/015948.819:INFO:CONSOLE:1] "Could not build a batch because a batch is not yet ready to build.", source: https://cloudfront.xp-assets.aiv-cdn.net/family/web/ATVWebPlayerSDKLoader-2.0/prod/WebPlayerSDK.js (1)
[15124:15128:0608/015948.819:INFO:CONSOLE:1] "Batch reporting cycle is complete. Waiting until next wake up...", source: https://cloudfront.xp-assets.aiv-cdn.net/family/web/ATVWebPlayerSDKLoader-2.0/prod/WebPlayerSDK.js (1)
[15124:15128:0608/020017.239:INFO:CONSOLE:0] "The resource https://redirect.prod.experiment.routing.cloudfront.aws.a2z.com/x.png?timestamp=1780874004047 was preloaded using link preload but not used within a few seconds from the window's load event. Please make sure it has an appropriate `as` value and it is preloaded intentionally.", source: https://www.amazon.de/gp/video/movie (0)
[15124:15128:0608/020022.922:INFO:CONSOLE:1] "Could not build a batch because a batch is not yet ready to build.", source: https://cloudfront.xp-assets.aiv-cdn.net/family/web/ATVWebPlayerSDKLoader-2.0/prod/WebPlayerSDK.js (1)
[15124:15128:0608/020022.922:INFO:CONSOLE:1] "Batch reporting cycle is complete. Waiting until next wake up...", source: https://cloudfront.xp-assets.aiv-cdn.net/family/web/ATVWebPlayerSDKLoader-2.0/prod/WebPlayerSDK.js (1)
[15124:15128:0608/020047.500:INFO:CONSOLE:0] "The resource https://redirect.prod.experiment.routing.cloudfront.aws.a2z.com/x.png?timestamp=1780874004047 was preloaded using link preload but not used within a few seconds from the window's load event. Please make sure it has an appropriate `as` value and it is preloaded intentionally.", source: https://www.amazon.de/gp/video/movie (0)
[15124:15128:0608/020048.728:INFO:CONSOLE:1] "Could not build a batch because a batch is not yet ready to build.", source: https://cloudfront.xp-assets.aiv-cdn.net/family/web/ATVWebPlayerSDKLoader-2.0/prod/WebPlayerSDK.js (1)
[15124:15128:0608/020048.728:INFO:CONSOLE:1] "Batch reporting cycle is complete. Waiting until next wake up...", source: https://cloudfront.xp-assets.aiv-cdn.net/family/web/ATVWebPlayerSDKLoader-2.0/prod/WebPlayerSDK.js (1)
[15124:15128:0608/020048.900:INFO:CONSOLE:1] "Could not build a batch because a batch is not yet ready to build.", source: https://cloudfront.xp-assets.aiv-cdn.net/family/web/ATVWebPlayerSDKLoader-2.0/prod/WebPlayerSDK.js (1)
[15124:15128:0608/020048.900:INFO:CONSOLE:1] "Batch reporting cycle is complete. Waiting until next wake up...", source: https://cloudfront.xp-assets.aiv-cdn.net/family/web/ATVWebPlayerSDKLoader-2.0/prod/WebPlayerSDK.js (1)
[15124:15128:0608/020117.308:INFO:CONSOLE:0] "The resource https://redirect.prod.experiment.routing.cloudfront.aws.a2z.com/x.png?timestamp=1780874004047 was preloaded using link preload but not used within a few seconds from the window's load event. Please make sure it has an appropriate `as` value and it is preloaded intentionally.", source: https://www.amazon.de/gp/video/movie (0)
[15124:15128:0608/020122.919:INFO:CONSOLE:1] "Could not build a batch because a batch is not yet ready to build.", source: https://cloudfront.xp-assets.aiv-cdn.net/family/web/ATVWebPlayerSDKLoader-2.0/prod/WebPlayerSDK.js (1)
[15124:15128:0608/020122.919:INFO:CONSOLE:1] "Batch reporting cycle is complete. Waiting until next wake up...", source: https://cloudfront.xp-assets.aiv-cdn.net/family/web/ATVWebPlayerSDKLoader-2.0/prod/WebPlayerSDK.js (1)
[15124:15128:0608/020147.259:INFO:CONSOLE:0] "The resource https://redirect.prod.experiment.routing.cloudfront.aws.a2z.com/x.png?timestamp=1780874004047 was preloaded using link preload but not used within a few seconds from the window's load event. Please make sure it has an appropriate `as` value and it is preloaded intentionally.", source: https://www.amazon.de/gp/video/movie (0)
[15124:15128:0608/020148.722:INFO:CONSOLE:1] "Could not build a batch because a batch is not yet ready to build.", source: https://cloudfront.xp-assets.aiv-cdn.net/family/web/ATVWebPlayerSDKLoader-2.0/prod/WebPlayerSDK.js (1)
[15124:15128:0608/020148.722:INFO:CONSOLE:1] "Batch reporting cycle is complete. Waiting until next wake up...", source: https://cloudfront.xp-assets.aiv-cdn.net/family/web/ATVWebPlayerSDKLoader-2.0/prod/WebPlayerSDK.js (1)
[15124:15128:0608/020148.879:INFO:CONSOLE:1] "Could not build a batch because a batch is not yet ready to build.", source: https://cloudfront.xp-assets.aiv-cdn.net/family/web/ATVWebPlayerSDKLoader-2.0/prod/WebPlayerSDK.js (1)
[15124:15128:0608/020148.879:INFO:CONSOLE:1] "Batch reporting cycle is complete. Waiting until next wake up...", source: https://cloudfront.xp-assets.aiv-cdn.net/family/web/ATVWebPlayerSDKLoader-2.0/prod/WebPlayerSDK.js (1)
[15124:15128:0608/020155.240:INFO:CONSOLE:0] "The resource https://redirect.prod.experiment.routing.cloudfront.aws.a2z.com/x.png?timestamp=1780874004047 was preloaded using link preload but not used within a few seconds from the window's load event. Please make sure it has an appropriate `as` value and it is preloaded intentionally.", source: https://www.amazon.de/gp/video/movie (0)
[15124:15128:0608/020217.239:INFO:CONSOLE:0] "The resource https://redirect.prod.experiment.routing.cloudfront.aws.a2z.com/x.png?timestamp=1780874004047 was preloaded using link preload but not used within a few seconds from the window's load event. Please make sure it has an appropriate `as` value and it is preloaded intentionally.", source: https://www.amazon.de/gp/video/movie (0)
[15124:15128:0608/020222.919:INFO:CONSOLE:1] "Could not build a batch because a batch is not yet ready to build.", source: https://cloudfront.xp-assets.aiv-cdn.net/family/web/ATVWebPlayerSDKLoader-2.0/prod/WebPlayerSDK.js (1)
[15124:15128:0608/020222.920:INFO:CONSOLE:1] "Batch reporting cycle is complete. Waiting until next wake up...", source: https://cloudfront.xp-assets.aiv-cdn.net/family/web/ATVWebPlayerSDKLoader-2.0/prod/WebPlayerSDK.js (1)
[15124:15128:0608/020247.219:INFO:CONSOLE:0] "The resource https://redirect.prod.experiment.routing.cloudfront.aws.a2z.com/x.png?timestamp=1780874004047 was preloaded using link preload but not used within a few seconds from the window's load event. Please make sure it has an appropriate `as` value and it is preloaded intentionally.", source: https://www.amazon.de/gp/video/movie (0)
[15124:15128:0608/020248.739:INFO:CONSOLE:1] "Could not build a batch because a batch is not yet ready to build.", source: https://cloudfront.xp-assets.aiv-cdn.net/family/web/ATVWebPlayerSDKLoader-2.0/prod/WebPlayerSDK.js (1)
[15124:15128:0608/020248.739:INFO:CONSOLE:1] "Batch reporting cycle is complete. Waiting until next wake up...", source: https://cloudfront.xp-assets.aiv-cdn.net/family/web/ATVWebPlayerSDKLoader-2.0/prod/WebPlayerSDK.js (1)
[15124:15128:0608/020248.859:INFO:CONSOLE:1] "Could not build a batch because a batch is not yet ready to build.", source: https://cloudfront.xp-assets.aiv-cdn.net/family/web/ATVWebPlayerSDKLoader-2.0/prod/WebPlayerSDK.js (1)
[15124:15128:0608/020248.859:INFO:CONSOLE:1] "Batch reporting cycle is complete. Waiting until next wake up...", source: https://cloudfront.xp-assets.aiv-cdn.net/family/web/ATVWebPlayerSDKLoader-2.0/prod/WebPlayerSDK.js (1)
[15124:15128:0608/020317.500:INFO:CONSOLE:0] "The resource https://redirect.prod.experiment.routing.cloudfront.aws.a2z.com/x.png?timestamp=1780874004047 was preloaded using link preload but not used within a few seconds from the window's load event. Please make sure it has an appropriate `as` value and it is preloaded intentionally.", source: https://www.amazon.de/gp/video/movie (0)
[15124:15128:0608/020322.919:INFO:CONSOLE:1] "Could not build a batch because a batch is not yet ready to build.", source: https://cloudfront.xp-assets.aiv-cdn.net/family/web/ATVWebPlayerSDKLoader-2.0/prod/WebPlayerSDK.js (1)
[15124:15128:0608/020322.919:INFO:CONSOLE:1] "Batch reporting cycle is complete. Waiting until next wake up...", source: https://cloudfront.xp-assets.aiv-cdn.net/family/web/ATVWebPlayerSDKLoader-2.0/prod/WebPlayerSDK.js (1)
[15124:15128:0608/020329.299:INFO:CONSOLE:0] "The resource https://redirect.prod.experiment.routing.cloudfront.aws.a2z.com/x.png?timestamp=1780874004047 was preloaded using link preload but not used within a few seconds from the window's load event. Please make sure it has an appropriate `as` value and it is preloaded intentionally.", source: https://www.amazon.de/gp/video/movie (0)
[15124:15128:0608/020339.379:INFO:CONSOLE:0] "The resource https://redirect.prod.experiment.routing.cloudfront.aws.a2z.com/x.png?timestamp=1780874004047 was preloaded using link preload but not used within a few seconds from the window's load event. Please make sure it has an appropriate `as` value and it is preloaded intentionally.", source: https://www.amazon.de/gp/video/movie (0)
[15124:15128:0608/020347.247:INFO:CONSOLE:0] "The resource https://redirect.prod.experiment.routing.cloudfront.aws.a2z.com/x.png?timestamp=1780874004047 was preloaded using link preload but not used within a few seconds from the window's load event. Please make sure it has an appropriate `as` value and it is preloaded intentionally.", source: https://www.amazon.de/gp/video/movie (0)
[15124:15128:0608/020348.699:INFO:CONSOLE:1] "Could not build a batch because a batch is not yet ready to build.", source: https://cloudfront.xp-assets.aiv-cdn.net/family/web/ATVWebPlayerSDKLoader-2.0/prod/WebPlayerSDK.js (1)
[15124:15128:0608/020348.699:INFO:CONSOLE:1] "Batch reporting cycle is complete. Waiting until next wake up...", source: https://cloudfront.xp-assets.aiv-cdn.net/family/web/ATVWebPlayerSDKLoader-2.0/prod/WebPlayerSDK.js (1)
[15124:15128:0608/020348.819:INFO:CONSOLE:1] "Could not build a batch because a batch is not yet ready to build.", source: https://cloudfront.xp-assets.aiv-cdn.net/family/web/ATVWebPlayerSDKLoader-2.0/prod/WebPlayerSDK.js (1)
[15124:15128:0608/020348.819:INFO:CONSOLE:1] "Batch reporting cycle is complete. Waiting until next wake up...", source: https://cloudfront.xp-assets.aiv-cdn.net/family/web/ATVWebPlayerSDKLoader-2.0/prod/WebPlayerSDK.js (1)
[15124:15128:0608/020417.487:INFO:CONSOLE:0] "The resource https://redirect.prod.experiment.routing.cloudfront.aws.a2z.com/x.png?timestamp=1780874004047 was preloaded using link preload but not used within a few seconds from the window's load event. Please make sure it has an appropriate `as` value and it is preloaded intentionally.", source: https://www.amazon.de/gp/video/movie (0)
[15124:15128:0608/020422.919:INFO:CONSOLE:1] "Could not build a batch because a batch is not yet ready to build.", source: https://cloudfront.xp-assets.aiv-cdn.net/family/web/ATVWebPlayerSDKLoader-2.0/prod/WebPlayerSDK.js (1)
[15124:15128:0608/020422.919:INFO:CONSOLE:1] "Batch reporting cycle is complete. Waiting until next wake up...", source: https://cloudfront.xp-assets.aiv-cdn.net/family/web/ATVWebPlayerSDKLoader-2.0/prod/WebPlayerSDK.js (1)
[15124:15128:0608/020447.382:INFO:CONSOLE:0] "The resource https://redirect.prod.experiment.routing.cloudfront.aws.a2z.com/x.png?timestamp=1780874004047 was preloaded using link preload but not used within a few seconds from the window's load event. Please make sure it has an appropriate `as` value and it is preloaded intentionally.", source: https://www.amazon.de/gp/video/movie (0)
[15124:15128:0608/020448.687:INFO:CONSOLE:1] "Could not build a batch because a batch is not yet ready to build.", source: https://cloudfront.xp-assets.aiv-cdn.net/family/web/ATVWebPlayerSDKLoader-2.0/prod/WebPlayerSDK.js (1)
[15124:15128:0608/020448.687:INFO:CONSOLE:1] "Batch reporting cycle is complete. Waiting until next wake up...", source: https://cloudfront.xp-assets.aiv-cdn.net/family/web/ATVWebPlayerSDKLoader-2.0/prod/WebPlayerSDK.js (1)
[15124:15128:0608/020448.900:INFO:CONSOLE:1] "Could not build a batch because a batch is not yet ready to build.", source: https://cloudfront.xp-assets.aiv-cdn.net/family/web/ATVWebPlayerSDKLoader-2.0/prod/WebPlayerSDK.js (1)
[15124:15128:0608/020448.900:INFO:CONSOLE:1] "Batch reporting cycle is complete. Waiting until next wake up...", source: https://cloudfront.xp-assets.aiv-cdn.net/family/web/ATVWebPlayerSDKLoader-2.0/prod/WebPlayerSDK.js (1)
[15124:15128:0608/020517.259:INFO:CONSOLE:0] "The resource https://redirect.prod.experiment.routing.cloudfront.aws.a2z.com/x.png?timestamp=1780874004047 was preloaded using link preload but not used within a few seconds from the window's load event. Please make sure it has an appropriate `as` value and it is preloaded intentionally.", source: https://www.amazon.de/gp/video/movie (0)
[15124:15128:0608/020522.927:INFO:CONSOLE:1] "Could not build a batch because a batch is not yet ready to build.", source: https://cloudfront.xp-assets.aiv-cdn.net/family/web/ATVWebPlayerSDKLoader-2.0/prod/WebPlayerSDK.js (1)
[15124:15128:0608/020522.927:INFO:CONSOLE:1] "Batch reporting cycle is complete. Waiting until next wake up...", source: https://cloudfront.xp-assets.aiv-cdn.net/family/web/ATVWebPlayerSDKLoader-2.0/prod/WebPlayerSDK.js (1)
[15124:15128:0608/020547.247:INFO:CONSOLE:0] "The resource https://redirect.prod.experiment.routing.cloudfront.aws.a2z.com/x.png?timestamp=1780874004047 was preloaded using link preload but not used within a few seconds from the window's load event. Please make sure it has an appropriate `as` value and it is preloaded intentionally.", source: https://www.amazon.de/gp/video/movie (0)
[15124:15128:0608/020548.727:INFO:CONSOLE:1] "Could not build a batch because a batch is not yet ready to build.", source: https://cloudfront.xp-assets.aiv-cdn.net/family/web/ATVWebPlayerSDKLoader-2.0/prod/WebPlayerSDK.js (1)
[15124:15128:0608/020548.727:INFO:CONSOLE:1] "Batch reporting cycle is complete. Waiting until next wake up...", source: https://cloudfront.xp-assets.aiv-cdn.net/family/web/ATVWebPlayerSDKLoader-2.0/prod/WebPlayerSDK.js (1)
[15124:15128:0608/020548.888:INFO:CONSOLE:1] "Could not build a batch because a batch is not yet ready to build.", source: https://cloudfront.xp-assets.aiv-cdn.net/family/web/ATVWebPlayerSDKLoader-2.0/prod/WebPlayerSDK.js (1)
[15124:15128:0608/020548.888:INFO:CONSOLE:1] "Batch reporting cycle is complete. Waiting until next wake up...", source: https://cloudfront.xp-assets.aiv-cdn.net/family/web/ATVWebPlayerSDKLoader-2.0/prod/WebPlayerSDK.js (1)
[15124:15128:0608/020617.387:INFO:CONSOLE:0] "The resource https://redirect.prod.experiment.routing.cloudfront.aws.a2z.com/x.png?timestamp=1780874004047 was preloaded using link preload but not used within a few seconds from the window's load event. Please make sure it has an appropriate `as` value and it is preloaded intentionally.", source: https://www.amazon.de/gp/video/movie (0)
[15124:15128:0608/020622.919:INFO:CONSOLE:1] "Could not build a batch because a batch is not yet ready to build.", source: https://cloudfront.xp-assets.aiv-cdn.net/family/web/ATVWebPlayerSDKLoader-2.0/prod/WebPlayerSDK.js (1)
[15124:15128:0608/020622.919:INFO:CONSOLE:1] "Batch reporting cycle is complete. Waiting until next wake up...", source: https://cloudfront.xp-assets.aiv-cdn.net/family/web/ATVWebPlayerSDKLoader-2.0/prod/WebPlayerSDK.js (1)
[15124:15128:0608/020647.240:INFO:CONSOLE:0] "The resource https://redirect.prod.experiment.routing.cloudfront.aws.a2z.com/x.png?timestamp=1780874004047 was preloaded using link preload but not used within a few seconds from the window's load event. Please make sure it has an appropriate `as` value and it is preloaded intentionally.", source: https://www.amazon.de/gp/video/movie (0)
[15124:15128:0608/020648.728:INFO:CONSOLE:1] "Could not build a batch because a batch is not yet ready to build.", source: https://cloudfront.xp-assets.aiv-cdn.net/family/web/ATVWebPlayerSDKLoader-2.0/prod/WebPlayerSDK.js (1)
[15124:15128:0608/020648.728:INFO:CONSOLE:1] "Batch reporting cycle is complete. Waiting until next wake up...", source: https://cloudfront.xp-assets.aiv-cdn.net/family/web/ATVWebPlayerSDKLoader-2.0/prod/WebPlayerSDK.js (1)
[15124:15128:0608/020648.887:INFO:CONSOLE:1] "Could not build a batch because a batch is not yet ready to build.", source: https://cloudfront.xp-assets.aiv-cdn.net/family/web/ATVWebPlayerSDKLoader-2.0/prod/WebPlayerSDK.js (1)
[15124:15128:0608/020648.888:INFO:CONSOLE:1] "Batch reporting cycle is complete. Waiting until next wake up...", source: https://cloudfront.xp-assets.aiv-cdn.net/family/web/ATVWebPlayerSDKLoader-2.0/prod/WebPlayerSDK.js (1)
[15124:15128:0608/020717.342:INFO:CONSOLE:0] "The resource https://redirect.prod.experiment.routing.cloudfront.aws.a2z.com/x.png?timestamp=1780874004047 was preloaded using link preload but not used within a few seconds from the window's load event. Please make sure it has an appropriate `as` value and it is preloaded intentionally.", source: https://www.amazon.de/gp/video/movie (0)
[15124:15128:0608/020722.922:INFO:CONSOLE:1] "Could not build a batch because a batch is not yet ready to build.", source: https://cloudfront.xp-assets.aiv-cdn.net/family/web/ATVWebPlayerSDKLoader-2.0/prod/WebPlayerSDK.js (1)
[15124:15128:0608/020722.922:INFO:CONSOLE:1] "Batch reporting cycle is complete. Waiting until next wake up...", source: https://cloudfront.xp-assets.aiv-cdn.net/family/web/ATVWebPlayerSDKLoader-2.0/prod/WebPlayerSDK.js (1)
[15124:15128:0608/020747.307:INFO:CONSOLE:0] "The resource https://redirect.prod.experiment.routing.cloudfront.aws.a2z.com/x.png?timestamp=1780874004047 was preloaded using link preload but not used within a few seconds from the window's load event. Please make sure it has an appropriate `as` value and it is preloaded intentionally.", source: https://www.amazon.de/gp/video/movie (0)
[15124:15128:0608/020748.679:INFO:CONSOLE:1] "Could not build a batch because a batch is not yet ready to build.", source: https://cloudfront.xp-assets.aiv-cdn.net/family/web/ATVWebPlayerSDKLoader-2.0/prod/WebPlayerSDK.js (1)
[15124:15128:0608/020748.679:INFO:CONSOLE:1] "Batch reporting cycle is complete. Waiting until next wake up...", source: https://cloudfront.xp-assets.aiv-cdn.net/family/web/ATVWebPlayerSDKLoader-2.0/prod/WebPlayerSDK.js (1)
[15124:15128:0608/020748.847:INFO:CONSOLE:1] "Could not build a batch because a batch is not yet ready to build.", source: https://cloudfront.xp-assets.aiv-cdn.net/family/web/ATVWebPlayerSDKLoader-2.0/prod/WebPlayerSDK.js (1)
[15124:15128:0608/020748.847:INFO:CONSOLE:1] "Batch reporting cycle is complete. Waiting until next wake up...", source: https://cloudfront.xp-assets.aiv-cdn.net/family/web/ATVWebPlayerSDKLoader-2.0/prod/WebPlayerSDK.js (1)
[15124:15128:0608/020817.447:INFO:CONSOLE:0] "The resource https://redirect.prod.experiment.routing.cloudfront.aws.a2z.com/x.png?timestamp=1780874004047 was preloaded using link preload but not used within a few seconds from the window's load event. Please make sure it has an appropriate `as` value and it is preloaded intentionally.", source: https://www.amazon.de/gp/video/movie (0)
[15124:15128:0608/020822.919:INFO:CONSOLE:1] "Could not build a batch because a batch is not yet ready to build.", source: https://cloudfront.xp-assets.aiv-cdn.net/family/web/ATVWebPlayerSDKLoader-2.0/prod/WebPlayerSDK.js (1)
[15124:15128:0608/020822.919:INFO:CONSOLE:1] "Batch reporting cycle is complete. Waiting until next wake up...", source: https://cloudfront.xp-assets.aiv-cdn.net/family/web/ATVWebPlayerSDKLoader-2.0/prod/WebPlayerSDK.js (1)
[15124:15128:0608/020847.319:INFO:CONSOLE:0] "The resource https://redirect.prod.experiment.routing.cloudfront.aws.a2z.com/x.png?timestamp=1780874004047 was preloaded using link preload but not used within a few seconds from the window's load event. Please make sure it has an appropriate `as` value and it is preloaded intentionally.", source: https://www.amazon.de/gp/video/movie (0)
[15124:15128:0608/020848.679:INFO:CONSOLE:1] "Could not build a batch because a batch is not yet ready to build.", source: https://cloudfront.xp-assets.aiv-cdn.net/family/web/ATVWebPlayerSDKLoader-2.0/prod/WebPlayerSDK.js (1)
[15124:15128:0608/020848.679:INFO:CONSOLE:1] "Batch reporting cycle is complete. Waiting until next wake up...", source: https://cloudfront.xp-assets.aiv-cdn.net/family/web/ATVWebPlayerSDKLoader-2.0/prod/WebPlayerSDK.js (1)
[15124:15128:0608/020848.808:INFO:CONSOLE:1] "Could not build a batch because a batch is not yet ready to build.", source: https://cloudfront.xp-assets.aiv-cdn.net/family/web/ATVWebPlayerSDKLoader-2.0/prod/WebPlayerSDK.js (1)
[15124:15128:0608/020848.808:INFO:CONSOLE:1] "Batch reporting cycle is complete. Waiting until next wake up...", source: https://cloudfront.xp-assets.aiv-cdn.net/family/web/ATVWebPlayerSDKLoader-2.0/prod/WebPlayerSDK.js (1)
[15124:15128:0608/020917.307:INFO:CONSOLE:0] "The resource https://redirect.prod.experiment.routing.cloudfront.aws.a2z.com/x.png?timestamp=1780874004047 was preloaded using link preload but not used within a few seconds from the window's load event. Please make sure it has an appropriate `as` value and it is preloaded intentionally.", source: https://www.amazon.de/gp/video/movie (0)
[15124:15128:0608/020922.919:INFO:CONSOLE:1] "Could not build a batch because a batch is not yet ready to build.", source: https://cloudfront.xp-assets.aiv-cdn.net/family/web/ATVWebPlayerSDKLoader-2.0/prod/WebPlayerSDK.js (1)
[15124:15128:0608/020922.919:INFO:CONSOLE:1] "Batch reporting cycle is complete. Waiting until next wake up...", source: https://cloudfront.xp-assets.aiv-cdn.net/family/web/ATVWebPlayerSDKLoader-2.0/prod/WebPlayerSDK.js (1)
[15124:15128:0608/020947.259:INFO:CONSOLE:0] "The resource https://redirect.prod.experiment.routing.cloudfront.aws.a2z.com/x.png?timestamp=1780874004047 was preloaded using link preload but not used within a few seconds from the window's load event. Please make sure it has an appropriate `as` value and it is preloaded intentionally.", source: https://www.amazon.de/gp/video/movie (0)
[15124:15128:0608/020948.759:INFO:CONSOLE:1] "Could not build a batch because a batch is not yet ready to build.", source: https://cloudfront.xp-assets.aiv-cdn.net/family/web/ATVWebPlayerSDKLoader-2.0/prod/WebPlayerSDK.js (1)
[15124:15128:0608/020948.759:INFO:CONSOLE:1] "Batch reporting cycle is complete. Waiting until next wake up...", source: https://cloudfront.xp-assets.aiv-cdn.net/family/web/ATVWebPlayerSDKLoader-2.0/prod/WebPlayerSDK.js (1)
[15124:15128:0608/020948.841:INFO:CONSOLE:1] "Could not build a batch because a batch is not yet ready to build.", source: https://cloudfront.xp-assets.aiv-cdn.net/family/web/ATVWebPlayerSDKLoader-2.0/prod/WebPlayerSDK.js (1)
[15124:15128:0608/020948.841:INFO:CONSOLE:1] "Batch reporting cycle is complete. Waiting until next wake up...", source: https://cloudfront.xp-assets.aiv-cdn.net/family/web/ATVWebPlayerSDKLoader-2.0/prod/WebPlayerSDK.js (1)
[15124:15128:0608/021017.261:INFO:CONSOLE:0] "The resource https://redirect.prod.experiment.routing.cloudfront.aws.a2z.com/x.png?timestamp=1780874004047 was preloaded using link preload but not used within a few seconds from the window's load event. Please make sure it has an appropriate `as` value and it is preloaded intentionally.", source: https://www.amazon.de/gp/video/movie (0)
[15124:15128:0608/021022.919:INFO:CONSOLE:1] "Could not build a batch because a batch is not yet ready to build.", source: https://cloudfront.xp-assets.aiv-cdn.net/family/web/ATVWebPlayerSDKLoader-2.0/prod/WebPlayerSDK.js (1)
[15124:15128:0608/021022.919:INFO:CONSOLE:1] "Batch reporting cycle is complete. Waiting until next wake up...", source: https://cloudfront.xp-assets.aiv-cdn.net/family/web/ATVWebPlayerSDKLoader-2.0/prod/WebPlayerSDK.js (1)
[15124:15128:0608/021047.300:INFO:CONSOLE:0] "The resource https://redirect.prod.experiment.routing.cloudfront.aws.a2z.com/x.png?timestamp=1780874004047 was preloaded using link preload but not used within a few seconds from the window's load event. Please make sure it has an appropriate `as` value and it is preloaded intentionally.", source: https://www.amazon.de/gp/video/movie (0)
[15124:15128:0608/021048.699:INFO:CONSOLE:1] "Could not build a batch because a batch is not yet ready to build.", source: https://cloudfront.xp-assets.aiv-cdn.net/family/web/ATVWebPlayerSDKLoader-2.0/prod/WebPlayerSDK.js (1)
[15124:15128:0608/021048.699:INFO:CONSOLE:1] "Batch reporting cycle is complete. Waiting until next wake up...", source: https://cloudfront.xp-assets.aiv-cdn.net/family/web/ATVWebPlayerSDKLoader-2.0/prod/WebPlayerSDK.js (1)
[15124:15128:0608/021048.819:INFO:CONSOLE:1] "Could not build a batch because a batch is not yet ready to build.", source: https://cloudfront.xp-assets.aiv-cdn.net/family/web/ATVWebPlayerSDKLoader-2.0/prod/WebPlayerSDK.js (1)
[15124:15128:0608/021048.820:INFO:CONSOLE:1] "Batch reporting cycle is complete. Waiting until next wake up...", source: https://cloudfront.xp-assets.aiv-cdn.net/family/web/ATVWebPlayerSDKLoader-2.0/prod/WebPlayerSDK.js (1)
[15124:15128:0608/021117.519:INFO:CONSOLE:0] "The resource https://redirect.prod.experiment.routing.cloudfront.aws.a2z.com/x.png?timestamp=1780874004047 was preloaded using link preload but not used within a few seconds from the window's load event. Please make sure it has an appropriate `as` value and it is preloaded intentionally.", source: https://www.amazon.de/gp/video/movie (0)
[15124:15128:0608/021122.919:INFO:CONSOLE:1] "Could not build a batch because a batch is not yet ready to build.", source: https://cloudfront.xp-assets.aiv-cdn.net/family/web/ATVWebPlayerSDKLoader-2.0/prod/WebPlayerSDK.js (1)
[15124:15128:0608/021122.919:INFO:CONSOLE:1] "Batch reporting cycle is complete. Waiting until next wake up...", source: https://cloudfront.xp-assets.aiv-cdn.net/family/web/ATVWebPlayerSDKLoader-2.0/prod/WebPlayerSDK.js (1)
[15124:15128:0608/021147.259:INFO:CONSOLE:0] "The resource https://redirect.prod.experiment.routing.cloudfront.aws.a2z.com/x.png?timestamp=1780874004047 was preloaded using link preload but not used within a few seconds from the window's load event. Please make sure it has an appropriate `as` value and it is preloaded intentionally.", source: https://www.amazon.de/gp/video/movie (0)
[15124:15128:0608/021148.688:INFO:CONSOLE:1] "Could not build a batch because a batch is not yet ready to build.", source: https://cloudfront.xp-assets.aiv-cdn.net/family/web/ATVWebPlayerSDKLoader-2.0/prod/WebPlayerSDK.js (1)
[15124:15128:0608/021148.688:INFO:CONSOLE:1] "Batch reporting cycle is complete. Waiting until next wake up...", source: https://cloudfront.xp-assets.aiv-cdn.net/family/web/ATVWebPlayerSDKLoader-2.0/prod/WebPlayerSDK.js (1)
[15124:15128:0608/021148.819:INFO:CONSOLE:1] "Could not build a batch because a batch is not yet ready to build.", source: https://cloudfront.xp-assets.aiv-cdn.net/family/web/ATVWebPlayerSDKLoader-2.0/prod/WebPlayerSDK.js (1)
[15124:15128:0608/021148.819:INFO:CONSOLE:1] "Batch reporting cycle is complete. Waiting until next wake up...", source: https://cloudfront.xp-assets.aiv-cdn.net/family/web/ATVWebPlayerSDKLoader-2.0/prod/WebPlayerSDK.js (1)
[15124:15128:0608/021217.361:INFO:CONSOLE:0] "The resource https://redirect.prod.experiment.routing.cloudfront.aws.a2z.com/x.png?timestamp=1780874004047 was preloaded using link preload but not used within a few seconds from the window's load event. Please make sure it has an appropriate `as` value and it is preloaded intentionally.", source: https://www.amazon.de/gp/video/movie (0)
[15124:15128:0608/021222.927:INFO:CONSOLE:1] "Could not build a batch because a batch is not yet ready to build.", source: https://cloudfront.xp-assets.aiv-cdn.net/family/web/ATVWebPlayerSDKLoader-2.0/prod/WebPlayerSDK.js (1)
[15124:15128:0608/021222.927:INFO:CONSOLE:1] "Batch reporting cycle is complete. Waiting until next wake up...", source: https://cloudfront.xp-assets.aiv-cdn.net/family/web/ATVWebPlayerSDKLoader-2.0/prod/WebPlayerSDK.js (1)
[15124:15128:0608/021247.459:INFO:CONSOLE:0] "The resource https://redirect.prod.experiment.routing.cloudfront.aws.a2z.com/x.png?timestamp=1780874004047 was preloaded using link preload but not used within a few seconds from the window's load event. Please make sure it has an appropriate `as` value and it is preloaded intentionally.", source: https://www.amazon.de/gp/video/movie (0)
[15124:15128:0608/021248.679:INFO:CONSOLE:1] "Could not build a batch because a batch is not yet ready to build.", source: https://cloudfront.xp-assets.aiv-cdn.net/family/web/ATVWebPlayerSDKLoader-2.0/prod/WebPlayerSDK.js (1)
[15124:15128:0608/021248.679:INFO:CONSOLE:1] "Batch reporting cycle is complete. Waiting until next wake up...", source: https://cloudfront.xp-assets.aiv-cdn.net/family/web/ATVWebPlayerSDKLoader-2.0/prod/WebPlayerSDK.js (1)
[15124:15128:0608/021248.847:INFO:CONSOLE:1] "Could not build a batch because a batch is not yet ready to build.", source: https://cloudfront.xp-assets.aiv-cdn.net/family/web/ATVWebPlayerSDKLoader-2.0/prod/WebPlayerSDK.js (1)
[15124:15128:0608/021248.847:INFO:CONSOLE:1] "Batch reporting cycle is complete. Waiting until next wake up...", source: https://cloudfront.xp-assets.aiv-cdn.net/family/web/ATVWebPlayerSDKLoader-2.0/prod/WebPlayerSDK.js (1)
[15124:15128:0608/021319.248:INFO:CONSOLE:0] "The resource https://redirect.prod.experiment.routing.cloudfront.aws.a2z.com/x.png?timestamp=1780874004047 was preloaded using link preload but not used within a few seconds from the window's load event. Please make sure it has an appropriate `as` value and it is preloaded intentionally.", source: https://www.amazon.de/gp/video/movie (0)
[15124:15128:0608/021322.920:INFO:CONSOLE:1] "Could not build a batch because a batch is not yet ready to build.", source: https://cloudfront.xp-assets.aiv-cdn.net/family/web/ATVWebPlayerSDKLoader-2.0/prod/WebPlayerSDK.js (1)
[15124:15128:0608/021322.920:INFO:CONSOLE:1] "Batch reporting cycle is complete. Waiting until next wake up...", source: https://cloudfront.xp-assets.aiv-cdn.net/family/web/ATVWebPlayerSDKLoader-2.0/prod/WebPlayerSDK.js (1)
[15124:15128:0608/021330.079:INFO:CONSOLE:0] "The resource https://redirect.prod.experiment.routing.cloudfront.aws.a2z.com/x.png?timestamp=1780874004047 was preloaded using link preload but not used within a few seconds from the window's load event. Please make sure it has an appropriate `as` value and it is preloaded intentionally.", source: https://www.amazon.de/gp/video/movie (0)
[15124:15128:0608/021339.987:INFO:CONSOLE:0] "The resource https://redirect.prod.experiment.routing.cloudfront.aws.a2z.com/x.png?timestamp=1780874004047 was preloaded using link preload but not used within a few seconds from the window's load event. Please make sure it has an appropriate `as` value and it is preloaded intentionally.", source: https://www.amazon.de/gp/video/movie (0)
[15124:15128:0608/021348.699:INFO:CONSOLE:1] "Could not build a batch because a batch is not yet ready to build.", source: https://cloudfront.xp-assets.aiv-cdn.net/family/web/ATVWebPlayerSDKLoader-2.0/prod/WebPlayerSDK.js (1)
[15124:15128:0608/021348.699:INFO:CONSOLE:1] "Batch reporting cycle is complete. Waiting until next wake up...", source: https://cloudfront.xp-assets.aiv-cdn.net/family/web/ATVWebPlayerSDKLoader-2.0/prod/WebPlayerSDK.js (1)
[15124:15128:0608/021348.820:INFO:CONSOLE:1] "Could not build a batch because a batch is not yet ready to build.", source: https://cloudfront.xp-assets.aiv-cdn.net/family/web/ATVWebPlayerSDKLoader-2.0/prod/WebPlayerSDK.js (1)
[15124:15128:0608/021348.820:INFO:CONSOLE:1] "Batch reporting cycle is complete. Waiting until next wake up...", source: https://cloudfront.xp-assets.aiv-cdn.net/family/web/ATVWebPlayerSDKLoader-2.0/prod/WebPlayerSDK.js (1)
[15124:15128:0608/021350.179:INFO:CONSOLE:0] "The resource https://redirect.prod.experiment.routing.cloudfront.aws.a2z.com/x.png?timestamp=1780874004047 was preloaded using link preload but not used within a few seconds from the window's load event. Please make sure it has an appropriate `as` value and it is preloaded intentionally.", source: https://www.amazon.de/gp/video/movie (0)
[15124:15128:0608/021417.227:INFO:CONSOLE:0] "The resource https://redirect.prod.experiment.routing.cloudfront.aws.a2z.com/x.png?timestamp=1780874004047 was preloaded using link preload but not used within a few seconds from the window's load event. Please make sure it has an appropriate `as` value and it is preloaded intentionally.", source: https://www.amazon.de/gp/video/movie (0)
[15124:15128:0608/021422.919:INFO:CONSOLE:1] "Could not build a batch because a batch is not yet ready to build.", source: https://cloudfront.xp-assets.aiv-cdn.net/family/web/ATVWebPlayerSDKLoader-2.0/prod/WebPlayerSDK.js (1)
[15124:15128:0608/021422.919:INFO:CONSOLE:1] "Batch reporting cycle is complete. Waiting until next wake up...", source: https://cloudfront.xp-assets.aiv-cdn.net/family/web/ATVWebPlayerSDKLoader-2.0/prod/WebPlayerSDK.js (1)
[15124:15128:0608/021447.527:INFO:CONSOLE:0] "The resource https://redirect.prod.experiment.routing.cloudfront.aws.a2z.com/x.png?timestamp=1780874004047 was preloaded using link preload but not used within a few seconds from the window's load event. Please make sure it has an appropriate `as` value and it is preloaded intentionally.", source: https://www.amazon.de/gp/video/movie (0)
[15124:15128:0608/021448.687:INFO:CONSOLE:1] "Could not build a batch because a batch is not yet ready to build.", source: https://cloudfront.xp-assets.aiv-cdn.net/family/web/ATVWebPlayerSDKLoader-2.0/prod/WebPlayerSDK.js (1)
[15124:15128:0608/021448.687:INFO:CONSOLE:1] "Batch reporting cycle is complete. Waiting until next wake up...", source: https://cloudfront.xp-assets.aiv-cdn.net/family/web/ATVWebPlayerSDKLoader-2.0/prod/WebPlayerSDK.js (1)
[15124:15128:0608/021448.819:INFO:CONSOLE:1] "Could not build a batch because a batch is not yet ready to build.", source: https://cloudfront.xp-assets.aiv-cdn.net/family/web/ATVWebPlayerSDKLoader-2.0/prod/WebPlayerSDK.js (1)
[15124:15128:0608/021448.819:INFO:CONSOLE:1] "Batch reporting cycle is complete. Waiting until next wake up...", source: https://cloudfront.xp-assets.aiv-cdn.net/family/web/ATVWebPlayerSDKLoader-2.0/prod/WebPlayerSDK.js (1)
[15124:15128:0608/021517.519:INFO:CONSOLE:0] "The resource https://redirect.prod.experiment.routing.cloudfront.aws.a2z.com/x.png?timestamp=1780874004047 was preloaded using link preload but not used within a few seconds from the window's load event. Please make sure it has an appropriate `as` value and it is preloaded intentionally.", source: https://www.amazon.de/gp/video/movie (0)
[15124:15128:0608/021522.919:INFO:CONSOLE:1] "Could not build a batch because a batch is not yet ready to build.", source: https://cloudfront.xp-assets.aiv-cdn.net/family/web/ATVWebPlayerSDKLoader-2.0/prod/WebPlayerSDK.js (1)
[15124:15128:0608/021522.919:INFO:CONSOLE:1] "Batch reporting cycle is complete. Waiting until next wake up...", source: https://cloudfront.xp-assets.aiv-cdn.net/family/web/ATVWebPlayerSDKLoader-2.0/prod/WebPlayerSDK.js (1)
[15124:15128:0608/021547.500:INFO:CONSOLE:0] "The resource https://redirect.prod.experiment.routing.cloudfront.aws.a2z.com/x.png?timestamp=1780874004047 was preloaded using link preload but not used within a few seconds from the window's load event. Please make sure it has an appropriate `as` value and it is preloaded intentionally.", source: https://www.amazon.de/gp/video/movie (0)
[15124:15128:0608/021548.699:INFO:CONSOLE:1] "Could not build a batch because a batch is not yet ready to build.", source: https://cloudfront.xp-assets.aiv-cdn.net/family/web/ATVWebPlayerSDKLoader-2.0/prod/WebPlayerSDK.js (1)
[15124:15128:0608/021548.699:INFO:CONSOLE:1] "Batch reporting cycle is complete. Waiting until next wake up...", source: https://cloudfront.xp-assets.aiv-cdn.net/family/web/ATVWebPlayerSDKLoader-2.0/prod/WebPlayerSDK.js (1)
[15124:15128:0608/021548.819:INFO:CONSOLE:1] "Could not build a batch because a batch is not yet ready to build.", source: https://cloudfront.xp-assets.aiv-cdn.net/family/web/ATVWebPlayerSDKLoader-2.0/prod/WebPlayerSDK.js (1)
[15124:15128:0608/021548.819:INFO:CONSOLE:1] "Batch reporting cycle is complete. Waiting until next wake up...", source: https://cloudfront.xp-assets.aiv-cdn.net/family/web/ATVWebPlayerSDKLoader-2.0/prod/WebPlayerSDK.js (1)
[15124:15128:0608/021617.459:INFO:CONSOLE:0] "The resource https://redirect.prod.experiment.routing.cloudfront.aws.a2z.com/x.png?timestamp=1780874004047 was preloaded using link preload but not used within a few seconds from the window's load event. Please make sure it has an appropriate `as` value and it is preloaded intentionally.", source: https://www.amazon.de/gp/video/movie (0)
[15124:15128:0608/021622.919:INFO:CONSOLE:1] "Could not build a batch because a batch is not yet ready to build.", source: https://cloudfront.xp-assets.aiv-cdn.net/family/web/ATVWebPlayerSDKLoader-2.0/prod/WebPlayerSDK.js (1)
[15124:15128:0608/021622.919:INFO:CONSOLE:1] "Batch reporting cycle is complete. Waiting until next wake up...", source: https://cloudfront.xp-assets.aiv-cdn.net/family/web/ATVWebPlayerSDKLoader-2.0/prod/WebPlayerSDK.js (1)
[15124:15128:0608/021647.468:INFO:CONSOLE:0] "The resource https://redirect.prod.experiment.routing.cloudfront.aws.a2z.com/x.png?timestamp=1780874004047 was preloaded using link preload but not used within a few seconds from the window's load event. Please make sure it has an appropriate `as` value and it is preloaded intentionally.", source: https://www.amazon.de/gp/video/movie (0)
[15124:15128:0608/021648.739:INFO:CONSOLE:1] "Could not build a batch because a batch is not yet ready to build.", source: https://cloudfront.xp-assets.aiv-cdn.net/family/web/ATVWebPlayerSDKLoader-2.0/prod/WebPlayerSDK.js (1)
[15124:15128:0608/021648.739:INFO:CONSOLE:1] "Batch reporting cycle is complete. Waiting until next wake up...", source: https://cloudfront.xp-assets.aiv-cdn.net/family/web/ATVWebPlayerSDKLoader-2.0/prod/WebPlayerSDK.js (1)
[15124:15128:0608/021648.819:INFO:CONSOLE:1] "Could not build a batch because a batch is not yet ready to build.", source: https://cloudfront.xp-assets.aiv-cdn.net/family/web/ATVWebPlayerSDKLoader-2.0/prod/WebPlayerSDK.js (1)
[15124:15128:0608/021648.819:INFO:CONSOLE:1] "Batch reporting cycle is complete. Waiting until next wake up...", source: https://cloudfront.xp-assets.aiv-cdn.net/family/web/ATVWebPlayerSDKLoader-2.0/prod/WebPlayerSDK.js (1)
[15124:15128:0608/021717.347:INFO:CONSOLE:0] "The resource https://redirect.prod.experiment.routing.cloudfront.aws.a2z.com/x.png?timestamp=1780874004047 was preloaded using link preload but not used within a few seconds from the window's load event. Please make sure it has an appropriate `as` value and it is preloaded intentionally.", source: https://www.amazon.de/gp/video/movie (0)
[15124:15128:0608/021722.920:INFO:CONSOLE:1] "Could not build a batch because a batch is not yet ready to build.", source: https://cloudfront.xp-assets.aiv-cdn.net/family/web/ATVWebPlayerSDKLoader-2.0/prod/WebPlayerSDK.js (1)
[15124:15128:0608/021722.920:INFO:CONSOLE:1] "Batch reporting cycle is complete. Waiting until next wake up...", source: https://cloudfront.xp-assets.aiv-cdn.net/family/web/ATVWebPlayerSDKLoader-2.0/prod/WebPlayerSDK.js (1)
[15124:15128:0608/021747.619:INFO:CONSOLE:0] "The resource https://redirect.prod.experiment.routing.cloudfront.aws.a2z.com/x.png?timestamp=1780874004047 was preloaded using link preload but not used within a few seconds from the window's load event. Please make sure it has an appropriate `as` value and it is preloaded intentionally.", source: https://www.amazon.de/gp/video/movie (0)
[15124:15128:0608/021748.699:INFO:CONSOLE:1] "Could not build a batch because a batch is not yet ready to build.", source: https://cloudfront.xp-assets.aiv-cdn.net/family/web/ATVWebPlayerSDKLoader-2.0/prod/WebPlayerSDK.js (1)
[15124:15128:0608/021748.699:INFO:CONSOLE:1] "Batch reporting cycle is complete. Waiting until next wake up...", source: https://cloudfront.xp-assets.aiv-cdn.net/family/web/ATVWebPlayerSDKLoader-2.0/prod/WebPlayerSDK.js (1)
[15124:15128:0608/021748.819:INFO:CONSOLE:1] "Could not build a batch because a batch is not yet ready to build.", source: https://cloudfront.xp-assets.aiv-cdn.net/family/web/ATVWebPlayerSDKLoader-2.0/prod/WebPlayerSDK.js (1)
[15124:15128:0608/021748.819:INFO:CONSOLE:1] "Batch reporting cycle is complete. Waiting until next wake up...", source: https://cloudfront.xp-assets.aiv-cdn.net/family/web/ATVWebPlayerSDKLoader-2.0/prod/WebPlayerSDK.js (1)
[15124:15128:0608/021817.419:INFO:CONSOLE:0] "The resource https://redirect.prod.experiment.routing.cloudfront.aws.a2z.com/x.png?timestamp=1780874004047 was preloaded using link preload but not used within a few seconds from the window's load event. Please make sure it has an appropriate `as` value and it is preloaded intentionally.", source: https://www.amazon.de/gp/video/movie (0)
[15124:15128:0608/021822.928:INFO:CONSOLE:1] "Could not build a batch because a batch is not yet ready to build.", source: https://cloudfront.xp-assets.aiv-cdn.net/family/web/ATVWebPlayerSDKLoader-2.0/prod/WebPlayerSDK.js (1)
[15124:15128:0608/021822.928:INFO:CONSOLE:1] "Batch reporting cycle is complete. Waiting until next wake up...", source: https://cloudfront.xp-assets.aiv-cdn.net/family/web/ATVWebPlayerSDKLoader-2.0/prod/WebPlayerSDK.js (1)
[15124:15128:0608/021847.382:INFO:CONSOLE:0] "The resource https://redirect.prod.experiment.routing.cloudfront.aws.a2z.com/x.png?timestamp=1780874004047 was preloaded using link preload but not used within a few seconds from the window's load event. Please make sure it has an appropriate `as` value and it is preloaded intentionally.", source: https://www.amazon.de/gp/video/movie (0)
[15124:15128:0608/021848.699:INFO:CONSOLE:1] "Could not build a batch because a batch is not yet ready to build.", source: https://cloudfront.xp-assets.aiv-cdn.net/family/web/ATVWebPlayerSDKLoader-2.0/prod/WebPlayerSDK.js (1)
[15124:15128:0608/021848.699:INFO:CONSOLE:1] "Batch reporting cycle is complete. Waiting until next wake up...", source: https://cloudfront.xp-assets.aiv-cdn.net/family/web/ATVWebPlayerSDKLoader-2.0/prod/WebPlayerSDK.js (1)
[15124:15128:0608/021848.820:INFO:CONSOLE:1] "Could not build a batch because a batch is not yet ready to build.", source: https://cloudfront.xp-assets.aiv-cdn.net/family/web/ATVWebPlayerSDKLoader-2.0/prod/WebPlayerSDK.js (1)
[15124:15128:0608/021848.820:INFO:CONSOLE:1] "Batch reporting cycle is complete. Waiting until next wake up...", source: https://cloudfront.xp-assets.aiv-cdn.net/family/web/ATVWebPlayerSDKLoader-2.0/prod/WebPlayerSDK.js (1)
[15124:15128:0608/021917.588:INFO:CONSOLE:0] "The resource https://redirect.prod.experiment.routing.cloudfront.aws.a2z.com/x.png?timestamp=1780874004047 was preloaded using link preload but not used within a few seconds from the window's load event. Please make sure it has an appropriate `as` value and it is preloaded intentionally.", source: https://www.amazon.de/gp/video/movie (0)
[15124:15128:0608/021922.919:INFO:CONSOLE:1] "Could not build a batch because a batch is not yet ready to build.", source: https://cloudfront.xp-assets.aiv-cdn.net/family/web/ATVWebPlayerSDKLoader-2.0/prod/WebPlayerSDK.js (1)
[15124:15128:0608/021922.919:INFO:CONSOLE:1] "Batch reporting cycle is complete. Waiting until next wake up...", source: https://cloudfront.xp-assets.aiv-cdn.net/family/web/ATVWebPlayerSDKLoader-2.0/prod/WebPlayerSDK.js (1)
[15124:15128:0608/021947.400:INFO:CONSOLE:0] "The resource https://redirect.prod.experiment.routing.cloudfront.aws.a2z.com/x.png?timestamp=1780874004047 was preloaded using link preload but not used within a few seconds from the window's load event. Please make sure it has an appropriate `as` value and it is preloaded intentionally.", source: https://www.amazon.de/gp/video/movie (0)
[15124:15128:0608/021948.687:INFO:CONSOLE:1] "Could not build a batch because a batch is not yet ready to build.", source: https://cloudfront.xp-assets.aiv-cdn.net/family/web/ATVWebPlayerSDKLoader-2.0/prod/WebPlayerSDK.js (1)
[15124:15128:0608/021948.687:INFO:CONSOLE:1] "Batch reporting cycle is complete. Waiting until next wake up...", source: https://cloudfront.xp-assets.aiv-cdn.net/family/web/ATVWebPlayerSDKLoader-2.0/prod/WebPlayerSDK.js (1)
[15124:15128:0608/021948.819:INFO:CONSOLE:1] "Could not build a batch because a batch is not yet ready to build.", source: https://cloudfront.xp-assets.aiv-cdn.net/family/web/ATVWebPlayerSDKLoader-2.0/prod/WebPlayerSDK.js (1)
[15124:15128:0608/021948.819:INFO:CONSOLE:1] "Batch reporting cycle is complete. Waiting until next wake up...", source: https://cloudfront.xp-assets.aiv-cdn.net/family/web/ATVWebPlayerSDKLoader-2.0/prod/WebPlayerSDK.js (1)
[15124:15128:0608/022017.299:INFO:CONSOLE:0] "The resource https://redirect.prod.experiment.routing.cloudfront.aws.a2z.com/x.png?timestamp=1780874004047 was preloaded using link preload but not used within a few seconds from the window's load event. Please make sure it has an appropriate `as` value and it is preloaded intentionally.", source: https://www.amazon.de/gp/video/movie (0)
[15124:15128:0608/022022.920:INFO:CONSOLE:1] "Could not build a batch because a batch is not yet ready to build.", source: https://cloudfront.xp-assets.aiv-cdn.net/family/web/ATVWebPlayerSDKLoader-2.0/prod/WebPlayerSDK.js (1)
[15124:15128:0608/022022.920:INFO:CONSOLE:1] "Batch reporting cycle is complete. Waiting until next wake up...", source: https://cloudfront.xp-assets.aiv-cdn.net/family/web/ATVWebPlayerSDKLoader-2.0/prod/WebPlayerSDK.js (1)
[15124:15128:0608/022047.500:INFO:CONSOLE:0] "The resource https://redirect.prod.experiment.routing.cloudfront.aws.a2z.com/x.png?timestamp=1780874004047 was preloaded using link preload but not used within a few seconds from the window's load event. Please make sure it has an appropriate `as` value and it is preloaded intentionally.", source: https://www.amazon.de/gp/video/movie (0)
[15124:15128:0608/022048.699:INFO:CONSOLE:1] "Could not build a batch because a batch is not yet ready to build.", source: https://cloudfront.xp-assets.aiv-cdn.net/family/web/ATVWebPlayerSDKLoader-2.0/prod/WebPlayerSDK.js (1)
[15124:15128:0608/022048.699:INFO:CONSOLE:1] "Batch reporting cycle is complete. Waiting until next wake up...", source: https://cloudfront.xp-assets.aiv-cdn.net/family/web/ATVWebPlayerSDKLoader-2.0/prod/WebPlayerSDK.js (1)
[15124:15128:0608/022048.847:INFO:CONSOLE:1] "Could not build a batch because a batch is not yet ready to build.", source: https://cloudfront.xp-assets.aiv-cdn.net/family/web/ATVWebPlayerSDKLoader-2.0/prod/WebPlayerSDK.js (1)
[15124:15128:0608/022048.847:INFO:CONSOLE:1] "Batch reporting cycle is complete. Waiting until next wake up...", source: https://cloudfront.xp-assets.aiv-cdn.net/family/web/ATVWebPlayerSDKLoader-2.0/prod/WebPlayerSDK.js (1)
[15124:15128:0608/022117.448:INFO:CONSOLE:0] "The resource https://redirect.prod.experiment.routing.cloudfront.aws.a2z.com/x.png?timestamp=1780874004047 was preloaded using link preload but not used within a few seconds from the window's load event. Please make sure it has an appropriate `as` value and it is preloaded intentionally.", source: https://www.amazon.de/gp/video/movie (0)
[15124:15128:0608/022122.922:INFO:CONSOLE:1] "Could not build a batch because a batch is not yet ready to build.", source: https://cloudfront.xp-assets.aiv-cdn.net/family/web/ATVWebPlayerSDKLoader-2.0/prod/WebPlayerSDK.js (1)
[15124:15128:0608/022122.922:INFO:CONSOLE:1] "Batch reporting cycle is complete. Waiting until next wake up...", source: https://cloudfront.xp-assets.aiv-cdn.net/family/web/ATVWebPlayerSDKLoader-2.0/prod/WebPlayerSDK.js (1)
[15124:15128:0608/022147.447:INFO:CONSOLE:0] "The resource https://redirect.prod.experiment.routing.cloudfront.aws.a2z.com/x.png?timestamp=1780874004047 was preloaded using link preload but not used within a few seconds from the window's load event. Please make sure it has an appropriate `as` value and it is preloaded intentionally.", source: https://www.amazon.de/gp/video/movie (0)
[15124:15128:0608/022148.739:INFO:CONSOLE:1] "Could not build a batch because a batch is not yet ready to build.", source: https://cloudfront.xp-assets.aiv-cdn.net/family/web/ATVWebPlayerSDKLoader-2.0/prod/WebPlayerSDK.js (1)
[15124:15128:0608/022148.740:INFO:CONSOLE:1] "Batch reporting cycle is complete. Waiting until next wake up...", source: https://cloudfront.xp-assets.aiv-cdn.net/family/web/ATVWebPlayerSDKLoader-2.0/prod/WebPlayerSDK.js (1)
[15124:15128:0608/022148.859:INFO:CONSOLE:1] "Could not build a batch because a batch is not yet ready to build.", source: https://cloudfront.xp-assets.aiv-cdn.net/family/web/ATVWebPlayerSDKLoader-2.0/prod/WebPlayerSDK.js (1)
[15124:15128:0608/022148.859:INFO:CONSOLE:1] "Batch reporting cycle is complete. Waiting until next wake up...", source: https://cloudfront.xp-assets.aiv-cdn.net/family/web/ATVWebPlayerSDKLoader-2.0/prod/WebPlayerSDK.js (1)
[15124:15128:0608/022217.542:INFO:CONSOLE:0] "The resource https://redirect.prod.experiment.routing.cloudfront.aws.a2z.com/x.png?timestamp=1780874004047 was preloaded using link preload but not used within a few seconds from the window's load event. Please make sure it has an appropriate `as` value and it is preloaded intentionally.", source: https://www.amazon.de/gp/video/movie (0)
[15124:15128:0608/022222.919:INFO:CONSOLE:1] "Could not build a batch because a batch is not yet ready to build.", source: https://cloudfront.xp-assets.aiv-cdn.net/family/web/ATVWebPlayerSDKLoader-2.0/prod/WebPlayerSDK.js (1)
[15124:15128:0608/022222.919:INFO:CONSOLE:1] "Batch reporting cycle is complete. Waiting until next wake up...", source: https://cloudfront.xp-assets.aiv-cdn.net/family/web/ATVWebPlayerSDKLoader-2.0/prod/WebPlayerSDK.js (1)
[15124:15128:0608/022223.721:INFO:CONSOLE:0] "The resource https://redirect.prod.experiment.routing.cloudfront.aws.a2z.com/x.png?timestamp=1780874004047 was preloaded using link preload but not used within a few seconds from the window's load event. Please make sure it has an appropriate `as` value and it is preloaded intentionally.", source: https://www.amazon.de/gp/video/movie (0)
[15124:15128:0608/022247.319:INFO:CONSOLE:0] "The resource https://redirect.prod.experiment.routing.cloudfront.aws.a2z.com/x.png?timestamp=1780874004047 was preloaded using link preload but not used within a few seconds from the window's load event. Please make sure it has an appropriate `as` value and it is preloaded intentionally.", source: https://www.amazon.de/gp/video/movie (0)
[15124:15128:0608/022248.687:INFO:CONSOLE:1] "Could not build a batch because a batch is not yet ready to build.", source: https://cloudfront.xp-assets.aiv-cdn.net/family/web/ATVWebPlayerSDKLoader-2.0/prod/WebPlayerSDK.js (1)
[15124:15128:0608/022248.687:INFO:CONSOLE:1] "Batch reporting cycle is complete. Waiting until next wake up...", source: https://cloudfront.xp-assets.aiv-cdn.net/family/web/ATVWebPlayerSDKLoader-2.0/prod/WebPlayerSDK.js (1)
[15124:15128:0608/022248.847:INFO:CONSOLE:1] "Could not build a batch because a batch is not yet ready to build.", source: https://cloudfront.xp-assets.aiv-cdn.net/family/web/ATVWebPlayerSDKLoader-2.0/prod/WebPlayerSDK.js (1)
[15124:15128:0608/022248.847:INFO:CONSOLE:1] "Batch reporting cycle is complete. Waiting until next wake up...", source: https://cloudfront.xp-assets.aiv-cdn.net/family/web/ATVWebPlayerSDKLoader-2.0/prod/WebPlayerSDK.js (1)
[15124:15128:0608/022317.620:INFO:CONSOLE:0] "The resource https://redirect.prod.experiment.routing.cloudfront.aws.a2z.com/x.png?timestamp=1780874004047 was preloaded using link preload but not used within a few seconds from the window's load event. Please make sure it has an appropriate `as` value and it is preloaded intentionally.", source: https://www.amazon.de/gp/video/movie (0)
[15124:15128:0608/022322.919:INFO:CONSOLE:1] "Could not build a batch because a batch is not yet ready to build.", source: https://cloudfront.xp-assets.aiv-cdn.net/family/web/ATVWebPlayerSDKLoader-2.0/prod/WebPlayerSDK.js (1)
[15124:15128:0608/022322.919:INFO:CONSOLE:1] "Batch reporting cycle is complete. Waiting until next wake up...", source: https://cloudfront.xp-assets.aiv-cdn.net/family/web/ATVWebPlayerSDKLoader-2.0/prod/WebPlayerSDK.js (1)
[15124:15128:0608/022330.441:INFO:CONSOLE:0] "The resource https://redirect.prod.experiment.routing.cloudfront.aws.a2z.com/x.png?timestamp=1780874004047 was preloaded using link preload but not used within a few seconds from the window's load event. Please make sure it has an appropriate `as` value and it is preloaded intentionally.", source: https://www.amazon.de/gp/video/movie (0)
[128980:125288:0608/022337.160:WARNING:media\cdm\cdm_adapter.cc:404] [cdm_adapter] CdmAdapter::SetServerCertificate 
[128980:125288:0608/022337.163:WARNING:media\cdm\cdm_adapter.cc:476] [cdm_adapter] CreateSessionAndGenerateRequest
[128980:125288:0608/022337.238:WARNING:media\cdm\cdm_adapter.cc:1337] [cdm_adapter] OnSessionMessage session_id =  B8A41C961B81E3DA1E582A3462D3A497
[128980:125288:0608/022337.238:WARNING:media\cdm\cdm_adapter.cc:1340] [cdm_adapter] OnSessionMessage  _DLL_CEFBASE_FILE_NAME_ :libcefbase.dll g_plibcefbaseDll :140719068610560
[128980:125288:0608/022337.624:WARNING:media\cdm\cdm_adapter.cc:599] [cdm_adapter] CdmAdapter::UpdateSession session_id :B8A41C961B81E3DA1E582A3462D3A497
[15124:15128:0608/022340.481:INFO:CONSOLE:0] "The resource https://redirect.prod.experiment.routing.cloudfront.aws.a2z.com/x.png?timestamp=1780874004047 was preloaded using link preload but not used within a few seconds from the window's load event. Please make sure it has an appropriate `as` value and it is preloaded intentionally.", source: https://www.amazon.de/gp/video/movie (0)
[15124:15128:0608/022346.040:INFO:CONSOLE:0] "The resource https://redirect.prod.experiment.routing.cloudfront.aws.a2z.com/x.png?timestamp=1780874004047 was preloaded using link preload but not used within a few seconds from the window's load event. Please make sure it has an appropriate `as` value and it is preloaded intentionally.", source: https://www.amazon.de/gp/video/movie (0)
[15124:15128:0608/022348.699:INFO:CONSOLE:1] "Could not build a batch because a batch is not yet ready to build.", source: https://cloudfront.xp-assets.aiv-cdn.net/family/web/ATVWebPlayerSDKLoader-2.0/prod/WebPlayerSDK.js (1)
[15124:15128:0608/022348.699:INFO:CONSOLE:1] "Batch reporting cycle is complete. Waiting until next wake up...", source: https://cloudfront.xp-assets.aiv-cdn.net/family/web/ATVWebPlayerSDKLoader-2.0/prod/WebPlayerSDK.js (1)
[15124:15128:0608/022348.819:INFO:CONSOLE:1] "Could not build a batch because a batch is not yet ready to build.", source: https://cloudfront.xp-assets.aiv-cdn.net/family/web/ATVWebPlayerSDKLoader-2.0/prod/WebPlayerSDK.js (1)
[15124:15128:0608/022348.819:INFO:CONSOLE:1] "Batch reporting cycle is complete. Waiting until next wake up...", source: https://cloudfront.xp-assets.aiv-cdn.net/family/web/ATVWebPlayerSDKLoader-2.0/prod/WebPlayerSDK.js (1)
[15124:15128:0608/022350.631:INFO:CONSOLE:0] "The resource https://redirect.prod.experiment.routing.cloudfront.aws.a2z.com/x.png?timestamp=1780874004047 was preloaded using link preload but not used within a few seconds from the window's load event. Please make sure it has an appropriate `as` value and it is preloaded intentionally.", source: https://www.amazon.de/gp/video/movie (0)
[129988:130028:0608/022351.366:INFO:d:\jenkins-slave\workspace\downloader_build_windows_x64_v6_213@2\qcef\src\cef\QCefRenderHandler.cpp:45] -------------------------------RenderHandler: OnBrowserCreated----------------------------  pid 129988
[129988:130028:0608/022352.297:INFO:d:\jenkins-slave\workspace\downloader_build_windows_x64_v6_213@2\qcef\src\cef\QCefRenderHandler.cpp:77] QCefRenderHandler::OnContextCreated
[15124:15128:0608/022352.393:INFO:CONSOLE:1] "Refused to get unsafe header "X-OneTrust-IsBot"", source: https://help.nflxext.com/helpcenter/OneTrust/oneTrust_production_2026-05-14/scripttemplates/otSDKStub.js (1)
[129988:130028:0608/022352.452:INFO:d:\jenkins-slave\workspace\downloader_build_windows_x64_v6_213@2\qcef\src\cef\QCefRenderHandler.cpp:56] --------------------------------RenderHandler: OnBrowserDestroyed----------------------------  pid 129988
[129988:130028:0608/022353.065:INFO:d:\jenkins-slave\workspace\downloader_build_windows_x64_v6_213@2\qcef\src\cef\QCefRenderHandler.cpp:77] QCefRenderHandler::OnContextCreated
[15124:15128:0608/022353.104:INFO:CONSOLE:0] "Blocked script execution in 'about:blank' because the document's frame is sandboxed and the 'allow-scripts' permission is not set.", source: about:blank (0)
[15124:15128:0608/022353.104:INFO:CONSOLE:0] "Blocked script execution in 'about:blank' because the document's frame is sandboxed and the 'allow-scripts' permission is not set.", source: about:blank (0)
[15124:17500:0608/022353.115:WARNING:cef\libcef\browser\browser_info.cc:367] Returning a speculative frame for [19,10]
[130448:123340:0608/022353.116:INFO:d:\jenkins-slave\workspace\downloader_build_windows_x64_v6_213@2\qcef\src\cef\QCefRenderHandler.cpp:45] -------------------------------RenderHandler: OnBrowserCreated----------------------------  pid 130448
[15124:15128:0608/022353.261:WARNING:cef\libcef\browser\browser_info.cc:367] Returning a speculative frame for [19,10]
[15124:15128:0608/022353.261:WARNING:cef\libcef\browser\browser_info.cc:367] Returning a speculative frame for [19,10]
[15124:15128:0608/022353.261:WARNING:cef\libcef\browser\browser_info.cc:367] Returning a speculative frame for [19,10]
[15124:15128:0608/022353.261:WARNING:cef\libcef\browser\browser_info.cc:367] Returning a speculative frame for [19,10]
[130448:123340:0608/022353.270:INFO:d:\jenkins-slave\workspace\downloader_build_windows_x64_v6_213@2\qcef\src\cef\QCefRenderHandler.cpp:77] QCefRenderHandler::OnContextCreated
[130448:123340:0608/022353.366:INFO:d:\jenkins-slave\workspace\downloader_build_windows_x64_v6_213@2\qcef\src\cef\QCefRenderHandler.cpp:77] QCefRenderHandler::OnContextCreated
[128980:125288:0608/022353.560:WARNING:media\cdm\cdm_adapter.cc:404] [cdm_adapter] CdmAdapter::SetServerCertificate 
[128980:125288:0608/022353.563:WARNING:media\cdm\cdm_adapter.cc:476] [cdm_adapter] CreateSessionAndGenerateRequest
[128980:125288:0608/022353.635:WARNING:media\cdm\cdm_adapter.cc:1337] [cdm_adapter] OnSessionMessage session_id =  0E7F927C11D86D15C6A999C55541D76B
[128980:125288:0608/022353.635:WARNING:media\cdm\cdm_adapter.cc:1340] [cdm_adapter] OnSessionMessage  _DLL_CEFBASE_FILE_NAME_ :libcefbase.dll g_plibcefbaseDll :140719068610560
[15124:15128:0608/022354.132:INFO:CONSOLE:1] "Uncaught TypeError: Cannot read properties of undefined (reading 'click')", source: https://www.netflix.com/browse (1)
[128980:125288:0608/022354.199:WARNING:media\cdm\cdm_adapter.cc:404] [cdm_adapter] CdmAdapter::SetServerCertificate 
[128980:125288:0608/022354.201:WARNING:media\cdm\cdm_adapter.cc:404] [cdm_adapter] CdmAdapter::SetServerCertificate 
[128980:125288:0608/022354.209:WARNING:media\cdm\cdm_adapter.cc:404] [cdm_adapter] CdmAdapter::SetServerCertificate 
[128980:125288:0608/022354.211:WARNING:media\cdm\cdm_adapter.cc:476] [cdm_adapter] CreateSessionAndGenerateRequest
[128980:125288:0608/022354.215:WARNING:media\cdm\cdm_adapter.cc:476] [cdm_adapter] CreateSessionAndGenerateRequest
[128980:125288:0608/022354.287:WARNING:media\cdm\cdm_adapter.cc:1337] [cdm_adapter] OnSessionMessage session_id =  5F67AD6BD2462B81DC9AF0F8A9E12C41
[128980:125288:0608/022354.287:WARNING:media\cdm\cdm_adapter.cc:1340] [cdm_adapter] OnSessionMessage  _DLL_CEFBASE_FILE_NAME_ :libcefbase.dll g_plibcefbaseDll :140719068610560
[128980:125288:0608/022354.348:WARNING:media\cdm\cdm_adapter.cc:1337] [cdm_adapter] OnSessionMessage session_id =  C8797C8BDE73CFA42F77ADBAB654693A
[128980:125288:0608/022354.348:WARNING:media\cdm\cdm_adapter.cc:1340] [cdm_adapter] OnSessionMessage  _DLL_CEFBASE_FILE_NAME_ :libcefbase.dll g_plibcefbaseDll :140719068610560
[128980:125288:0608/022355.500:WARNING:media\cdm\cdm_adapter.cc:404] [cdm_adapter] CdmAdapter::SetServerCertificate 
[128980:125288:0608/022355.502:WARNING:media\cdm\cdm_adapter.cc:476] [cdm_adapter] CreateSessionAndGenerateRequest
[128980:125288:0608/022355.580:WARNING:media\cdm\cdm_adapter.cc:1337] [cdm_adapter] OnSessionMessage session_id =  BEB2DF8EC0B9436F565D375A5DA53A6C
[128980:125288:0608/022355.580:WARNING:media\cdm\cdm_adapter.cc:1340] [cdm_adapter] OnSessionMessage  _DLL_CEFBASE_FILE_NAME_ :libcefbase.dll g_plibcefbaseDll :140719068610560
[128980:125288:0608/022358.882:WARNING:media\cdm\cdm_adapter.cc:404] [cdm_adapter] CdmAdapter::SetServerCertificate 
[128980:125288:0608/022358.885:WARNING:media\cdm\cdm_adapter.cc:476] [cdm_adapter] CreateSessionAndGenerateRequest
[128980:125288:0608/022358.962:WARNING:media\cdm\cdm_adapter.cc:1337] [cdm_adapter] OnSessionMessage session_id =  F5229903CB75DE274FA51D2F98BD14CC
[128980:125288:0608/022358.962:WARNING:media\cdm\cdm_adapter.cc:1340] [cdm_adapter] OnSessionMessage  _DLL_CEFBASE_FILE_NAME_ :libcefbase.dll g_plibcefbaseDll :140719068610560
[130448:123340:0608/022403.084:INFO:d:\jenkins-slave\workspace\downloader_build_windows_x64_v6_213@2\qcef\src\cef\QCefRenderHandler.cpp:56] --------------------------------RenderHandler: OnBrowserDestroyed----------------------------  pid 130448
[15124:15128:0608/022417.419:INFO:CONSOLE:0] "The resource https://redirect.prod.experiment.routing.cloudfront.aws.a2z.com/x.png?timestamp=1780874004047 was preloaded using link preload but not used within a few seconds from the window's load event. Please make sure it has an appropriate `as` value and it is preloaded intentionally.", source: https://www.amazon.de/gp/video/movie (0)
[15124:15128:0608/022422.919:INFO:CONSOLE:1] "Could not build a batch because a batch is not yet ready to build.", source: https://cloudfront.xp-assets.aiv-cdn.net/family/web/ATVWebPlayerSDKLoader-2.0/prod/WebPlayerSDK.js (1)
[15124:15128:0608/022422.919:INFO:CONSOLE:1] "Batch reporting cycle is complete. Waiting until next wake up...", source: https://cloudfront.xp-assets.aiv-cdn.net/family/web/ATVWebPlayerSDKLoader-2.0/prod/WebPlayerSDK.js (1)
[15124:15128:0608/022447.481:INFO:CONSOLE:0] "The resource https://redirect.prod.experiment.routing.cloudfront.aws.a2z.com/x.png?timestamp=1780874004047 was preloaded using link preload but not used within a few seconds from the window's load event. Please make sure it has an appropriate `as` value and it is preloaded intentionally.", source: https://www.amazon.de/gp/video/movie (0)
[15124:15128:0608/022448.908:INFO:CONSOLE:1] "Could not build a batch because a batch is not yet ready to build.", source: https://cloudfront.xp-assets.aiv-cdn.net/family/web/ATVWebPlayerSDKLoader-2.0/prod/WebPlayerSDK.js (1)
[15124:15128:0608/022448.908:INFO:CONSOLE:1] "Batch reporting cycle is complete. Waiting until next wake up...", source: https://cloudfront.xp-assets.aiv-cdn.net/family/web/ATVWebPlayerSDKLoader-2.0/prod/WebPlayerSDK.js (1)
[15124:15128:0608/022449.060:INFO:CONSOLE:1] "Could not build a batch because a batch is not yet ready to build.", source: https://cloudfront.xp-assets.aiv-cdn.net/family/web/ATVWebPlayerSDKLoader-2.0/prod/WebPlayerSDK.js (1)
[15124:15128:0608/022449.060:INFO:CONSOLE:1] "Batch reporting cycle is complete. Waiting until next wake up...", source: https://cloudfront.xp-assets.aiv-cdn.net/family/web/ATVWebPlayerSDKLoader-2.0/prod/WebPlayerSDK.js (1)
[15124:15128:0608/022517.268:INFO:CONSOLE:0] "The resource https://redirect.prod.experiment.routing.cloudfront.aws.a2z.com/x.png?timestamp=1780874004047 was preloaded using link preload but not used within a few seconds from the window's load event. Please make sure it has an appropriate `as` value and it is preloaded intentionally.", source: https://www.amazon.de/gp/video/movie (0)
[15124:15128:0608/022522.928:INFO:CONSOLE:1] "Could not build a batch because a batch is not yet ready to build.", source: https://cloudfront.xp-assets.aiv-cdn.net/family/web/ATVWebPlayerSDKLoader-2.0/prod/WebPlayerSDK.js (1)
[15124:15128:0608/022522.928:INFO:CONSOLE:1] "Batch reporting cycle is complete. Waiting until next wake up...", source: https://cloudfront.xp-assets.aiv-cdn.net/family/web/ATVWebPlayerSDKLoader-2.0/prod/WebPlayerSDK.js (1)
[15124:15128:0608/022547.521:INFO:CONSOLE:0] "The resource https://redirect.prod.experiment.routing.cloudfront.aws.a2z.com/x.png?timestamp=1780874004047 was preloaded using link preload but not used within a few seconds from the window's load event. Please make sure it has an appropriate `as` value and it is preloaded intentionally.", source: https://www.amazon.de/gp/video/movie (0)
[15124:15128:0608/022548.881:INFO:CONSOLE:1] "Could not build a batch because a batch is not yet ready to build.", source: https://cloudfront.xp-assets.aiv-cdn.net/family/web/ATVWebPlayerSDKLoader-2.0/prod/WebPlayerSDK.js (1)
[15124:15128:0608/022548.881:INFO:CONSOLE:1] "Batch reporting cycle is complete. Waiting until next wake up...", source: https://cloudfront.xp-assets.aiv-cdn.net/family/web/ATVWebPlayerSDKLoader-2.0/prod/WebPlayerSDK.js (1)
[15124:15128:0608/022548.989:INFO:CONSOLE:1] "Could not build a batch because a batch is not yet ready to build.", source: https://cloudfront.xp-assets.aiv-cdn.net/family/web/ATVWebPlayerSDKLoader-2.0/prod/WebPlayerSDK.js (1)
[15124:15128:0608/022548.989:INFO:CONSOLE:1] "Batch reporting cycle is complete. Waiting until next wake up...", source: https://cloudfront.xp-assets.aiv-cdn.net/family/web/ATVWebPlayerSDKLoader-2.0/prod/WebPlayerSDK.js (1)
[15124:15128:0608/022600.862:WARNING:chrome\browser\performance_manager\policies\page_discarding_helper.cc:139] Discarding multiple pages with target (kb): 0, discard_protected_tabs: 0
[15124:15128:0608/022605.864:WARNING:chrome\browser\performance_manager\policies\page_discarding_helper.cc:139] Discarding multiple pages with target (kb): 0, discard_protected_tabs: 0
[15124:15128:0608/022610.867:WARNING:chrome\browser\performance_manager\policies\page_discarding_helper.cc:139] Discarding multiple pages with target (kb): 0, discard_protected_tabs: 0
[15124:15128:0608/022615.081:INFO:CONSOLE:0] "The resource https://redirect.prod.experiment.routing.cloudfront.aws.a2z.com/x.png?timestamp=1780874004047 was preloaded using link preload but not used within a few seconds from the window's load event. Please make sure it has an appropriate `as` value and it is preloaded intentionally.", source: https://www.amazon.de/gp/video/movie (0)
[15124:15128:0608/022615.869:WARNING:chrome\browser\performance_manager\policies\page_discarding_helper.cc:139] Discarding multiple pages with target (kb): 0, discard_protected_tabs: 0
[15124:15128:0608/022622.920:INFO:CONSOLE:1] "Could not build a batch because a batch is not yet ready to build.", source: https://cloudfront.xp-assets.aiv-cdn.net/family/web/ATVWebPlayerSDKLoader-2.0/prod/WebPlayerSDK.js (1)
[15124:15128:0608/022622.920:INFO:CONSOLE:1] "Batch reporting cycle is complete. Waiting until next wake up...", source: https://cloudfront.xp-assets.aiv-cdn.net/family/web/ATVWebPlayerSDKLoader-2.0/prod/WebPlayerSDK.js (1)
[15124:15128:0608/022640.906:WARNING:chrome\browser\performance_manager\policies\page_discarding_helper.cc:139] Discarding multiple pages with target (kb): 0, discard_protected_tabs: 0
[15124:15128:0608/022647.959:INFO:CONSOLE:0] "The resource https://redirect.prod.experiment.routing.cloudfront.aws.a2z.com/x.png?timestamp=1780874004047 was preloaded using link preload but not used within a few seconds from the window's load event. Please make sure it has an appropriate `as` value and it is preloaded intentionally.", source: https://www.amazon.de/gp/video/movie (0)
[15124:15128:0608/022648.882:INFO:CONSOLE:1] "Could not build a batch because a batch is not yet ready to build.", source: https://cloudfront.xp-assets.aiv-cdn.net/family/web/ATVWebPlayerSDKLoader-2.0/prod/WebPlayerSDK.js (1)
[15124:15128:0608/022648.882:INFO:CONSOLE:1] "Batch reporting cycle is complete. Waiting until next wake up...", source: https://cloudfront.xp-assets.aiv-cdn.net/family/web/ATVWebPlayerSDKLoader-2.0/prod/WebPlayerSDK.js (1)
[15124:15128:0608/022648.939:INFO:CONSOLE:1] "Could not build a batch because a batch is not yet ready to build.", source: https://cloudfront.xp-assets.aiv-cdn.net/family/web/ATVWebPlayerSDKLoader-2.0/prod/WebPlayerSDK.js (1)
[15124:15128:0608/022648.939:INFO:CONSOLE:1] "Batch reporting cycle is complete. Waiting until next wake up...", source: https://cloudfront.xp-assets.aiv-cdn.net/family/web/ATVWebPlayerSDKLoader-2.0/prod/WebPlayerSDK.js (1)
[15124:15128:0608/022650.902:WARNING:chrome\browser\performance_manager\policies\page_discarding_helper.cc:139] Discarding multiple pages with target (kb): 0, discard_protected_tabs: 0
[15124:15128:0608/022655.908:WARNING:chrome\browser\performance_manager\policies\page_discarding_helper.cc:139] Discarding multiple pages with target (kb): 0, discard_protected_tabs: 0
[15124:15128:0608/022700.920:WARNING:chrome\browser\performance_manager\policies\page_discarding_helper.cc:139] Discarding multiple pages with target (kb): 0, discard_protected_tabs: 0
[15124:15128:0608/022705.923:WARNING:chrome\browser\performance_manager\policies\page_discarding_helper.cc:139] Discarding multiple pages with target (kb): 0, discard_protected_tabs: 0
[15124:15128:0608/022710.928:WARNING:chrome\browser\performance_manager\policies\page_discarding_helper.cc:139] Discarding multiple pages with target (kb): 0, discard_protected_tabs: 0
[15124:15128:0608/022715.940:WARNING:chrome\browser\performance_manager\policies\page_discarding_helper.cc:139] Discarding multiple pages with target (kb): 0, discard_protected_tabs: 0
[15124:15128:0608/022717.620:INFO:CONSOLE:0] "The resource https://redirect.prod.experiment.routing.cloudfront.aws.a2z.com/x.png?timestamp=1780874004047 was preloaded using link preload but not used within a few seconds from the window's load event. Please make sure it has an appropriate `as` value and it is preloaded intentionally.", source: https://www.amazon.de/gp/video/movie (0)
[15124:15128:0608/022720.942:WARNING:chrome\browser\performance_manager\policies\page_discarding_helper.cc:139] Discarding multiple pages with target (kb): 0, discard_protected_tabs: 0
[15124:15128:0608/022722.920:INFO:CONSOLE:1] "Could not build a batch because a batch is not yet ready to build.", source: https://cloudfront.xp-assets.aiv-cdn.net/family/web/ATVWebPlayerSDKLoader-2.0/prod/WebPlayerSDK.js (1)
[15124:15128:0608/022722.920:INFO:CONSOLE:1] "Batch reporting cycle is complete. Waiting until next wake up...", source: https://cloudfront.xp-assets.aiv-cdn.net/family/web/ATVWebPlayerSDKLoader-2.0/prod/WebPlayerSDK.js (1)
[15124:15128:0608/022725.948:WARNING:chrome\browser\performance_manager\policies\page_discarding_helper.cc:139] Discarding multiple pages with target (kb): 0, discard_protected_tabs: 0
[15124:15128:0608/022730.948:WARNING:chrome\browser\performance_manager\policies\page_discarding_helper.cc:139] Discarding multiple pages with target (kb): 0, discard_protected_tabs: 0
[15124:15128:0608/022740.959:WARNING:chrome\browser\performance_manager\policies\page_discarding_helper.cc:139] Discarding multiple pages with target (kb): 0, discard_protected_tabs: 0
[15124:15128:0608/022745.962:WARNING:chrome\browser\performance_manager\policies\page_discarding_helper.cc:139] Discarding multiple pages with target (kb): 0, discard_protected_tabs: 0
[15124:15128:0608/022747.599:INFO:CONSOLE:0] "The resource https://redirect.prod.experiment.routing.cloudfront.aws.a2z.com/x.png?timestamp=1780874004047 was preloaded using link preload but not used within a few seconds from the window's load event. Please make sure it has an appropriate `as` value and it is preloaded intentionally.", source: https://www.amazon.de/gp/video/movie (0)
[15124:15128:0608/022748.787:INFO:CONSOLE:1] "Could not build a batch because a batch is not yet ready to build.", source: https://cloudfront.xp-assets.aiv-cdn.net/family/web/ATVWebPlayerSDKLoader-2.0/prod/WebPlayerSDK.js (1)
[15124:15128:0608/022748.787:INFO:CONSOLE:1] "Batch reporting cycle is complete. Waiting until next wake up...", source: https://cloudfront.xp-assets.aiv-cdn.net/family/web/ATVWebPlayerSDKLoader-2.0/prod/WebPlayerSDK.js (1)
[15124:15128:0608/022748.788:INFO:CONSOLE:1] "Could not build a batch because a batch is not yet ready to build.", source: https://cloudfront.xp-assets.aiv-cdn.net/family/web/ATVWebPlayerSDKLoader-2.0/prod/WebPlayerSDK.js (1)
[15124:15128:0608/022748.788:INFO:CONSOLE:1] "Batch reporting cycle is complete. Waiting until next wake up...", source: https://cloudfront.xp-assets.aiv-cdn.net/family/web/ATVWebPlayerSDKLoader-2.0/prod/WebPlayerSDK.js (1)
[15124:15128:0608/022750.963:WARNING:chrome\browser\performance_manager\policies\page_discarding_helper.cc:139] Discarding multiple pages with target (kb): 0, discard_protected_tabs: 0
[15124:15128:0608/022755.967:WARNING:chrome\browser\performance_manager\policies\page_discarding_helper.cc:139] Discarding multiple pages with target (kb): 0, discard_protected_tabs: 0
[15124:15128:0608/022800.980:WARNING:chrome\browser\performance_manager\policies\page_discarding_helper.cc:139] Discarding multiple pages with target (kb): 0, discard_protected_tabs: 0
[15124:15128:0608/022805.982:WARNING:chrome\browser\performance_manager\policies\page_discarding_helper.cc:139] Discarding multiple pages with target (kb): 0, discard_protected_tabs: 0
[15124:15128:0608/022810.987:WARNING:chrome\browser\performance_manager\policies\page_discarding_helper.cc:139] Discarding multiple pages with target (kb): 0, discard_protected_tabs: 0
[15124:15128:0608/022816.000:WARNING:chrome\browser\performance_manager\policies\page_discarding_helper.cc:139] Discarding multiple pages with target (kb): 0, discard_protected_tabs: 0
[15124:15128:0608/022819.260:INFO:CONSOLE:0] "The resource https://redirect.prod.experiment.routing.cloudfront.aws.a2z.com/x.png?timestamp=1780874004047 was preloaded using link preload but not used within a few seconds from the window's load event. Please make sure it has an appropriate `as` value and it is preloaded intentionally.", source: https://www.amazon.de/gp/video/movie (0)
[15124:15128:0608/022821.001:WARNING:chrome\browser\performance_manager\policies\page_discarding_helper.cc:139] Discarding multiple pages with target (kb): 0, discard_protected_tabs: 0
[15124:15128:0608/022822.919:INFO:CONSOLE:1] "Could not build a batch because a batch is not yet ready to build.", source: https://cloudfront.xp-assets.aiv-cdn.net/family/web/ATVWebPlayerSDKLoader-2.0/prod/WebPlayerSDK.js (1)
[15124:15128:0608/022822.919:INFO:CONSOLE:1] "Batch reporting cycle is complete. Waiting until next wake up...", source: https://cloudfront.xp-assets.aiv-cdn.net/family/web/ATVWebPlayerSDKLoader-2.0/prod/WebPlayerSDK.js (1)
[15124:15128:0608/022841.020:WARNING:chrome\browser\performance_manager\policies\page_discarding_helper.cc:139] Discarding multiple pages with target (kb): 0, discard_protected_tabs: 0
[15124:15128:0608/022847.382:INFO:CONSOLE:0] "The resource https://redirect.prod.experiment.routing.cloudfront.aws.a2z.com/x.png?timestamp=1780874004047 was preloaded using link preload but not used within a few seconds from the window's load event. Please make sure it has an appropriate `as` value and it is preloaded intentionally.", source: https://www.amazon.de/gp/video/movie (0)
[15124:15128:0608/022848.780:INFO:CONSOLE:1] "Could not build a batch because a batch is not yet ready to build.", source: https://cloudfront.xp-assets.aiv-cdn.net/family/web/ATVWebPlayerSDKLoader-2.0/prod/WebPlayerSDK.js (1)
[15124:15128:0608/022848.780:INFO:CONSOLE:1] "Batch reporting cycle is complete. Waiting until next wake up...", source: https://cloudfront.xp-assets.aiv-cdn.net/family/web/ATVWebPlayerSDKLoader-2.0/prod/WebPlayerSDK.js (1)
[15124:15128:0608/022848.780:INFO:CONSOLE:1] "Could not build a batch because a batch is not yet ready to build.", source: https://cloudfront.xp-assets.aiv-cdn.net/family/web/ATVWebPlayerSDKLoader-2.0/prod/WebPlayerSDK.js (1)
[15124:15128:0608/022848.780:INFO:CONSOLE:1] "Batch reporting cycle is complete. Waiting until next wake up...", source: https://cloudfront.xp-assets.aiv-cdn.net/family/web/ATVWebPlayerSDKLoader-2.0/prod/WebPlayerSDK.js (1)
[15124:15128:0608/022916.041:WARNING:chrome\browser\performance_manager\policies\page_discarding_helper.cc:139] Discarding multiple pages with target (kb): 0, discard_protected_tabs: 0
[15124:15128:0608/022917.540:INFO:CONSOLE:0] "The resource https://redirect.prod.experiment.routing.cloudfront.aws.a2z.com/x.png?timestamp=1780874004047 was preloaded using link preload but not used within a few seconds from the window's load event. Please make sure it has an appropriate `as` value and it is preloaded intentionally.", source: https://www.amazon.de/gp/video/movie (0)
[15124:15128:0608/022921.042:WARNING:chrome\browser\performance_manager\policies\page_discarding_helper.cc:139] Discarding multiple pages with target (kb): 0, discard_protected_tabs: 0
[15124:15128:0608/022922.919:INFO:CONSOLE:1] "Could not build a batch because a batch is not yet ready to build.", source: https://cloudfront.xp-assets.aiv-cdn.net/family/web/ATVWebPlayerSDKLoader-2.0/prod/WebPlayerSDK.js (1)
[15124:15128:0608/022922.919:INFO:CONSOLE:1] "Batch reporting cycle is complete. Waiting until next wake up...", source: https://cloudfront.xp-assets.aiv-cdn.net/family/web/ATVWebPlayerSDKLoader-2.0/prod/WebPlayerSDK.js (1)
[15124:15128:0608/022931.060:WARNING:chrome\browser\performance_manager\policies\page_discarding_helper.cc:139] Discarding multiple pages with target (kb): 0, discard_protected_tabs: 0
[15124:15128:0608/022936.062:WARNING:chrome\browser\performance_manager\policies\page_discarding_helper.cc:139] Discarding multiple pages with target (kb): 0, discard_protected_tabs: 0
[15124:15128:0608/022941.068:WARNING:chrome\browser\performance_manager\policies\page_discarding_helper.cc:139] Discarding multiple pages with target (kb): 0, discard_protected_tabs: 0
[15124:15128:0608/022946.079:WARNING:chrome\browser\performance_manager\policies\page_discarding_helper.cc:139] Discarding multiple pages with target (kb): 0, discard_protected_tabs: 0
[15124:15128:0608/022947.560:INFO:CONSOLE:0] "The resource https://redirect.prod.experiment.routing.cloudfront.aws.a2z.com/x.png?timestamp=1780874004047 was preloaded using link preload but not used within a few seconds from the window's load event. Please make sure it has an appropriate `as` value and it is preloaded intentionally.", source: https://www.amazon.de/gp/video/movie (0)
[15124:15128:0608/022948.902:INFO:CONSOLE:1] "Could not build a batch because a batch is not yet ready to build.", source: https://cloudfront.xp-assets.aiv-cdn.net/family/web/ATVWebPlayerSDKLoader-2.0/prod/WebPlayerSDK.js (1)
[15124:15128:0608/022948.902:INFO:CONSOLE:1] "Batch reporting cycle is complete. Waiting until next wake up...", source: https://cloudfront.xp-assets.aiv-cdn.net/family/web/ATVWebPlayerSDKLoader-2.0/prod/WebPlayerSDK.js (1)
[15124:15128:0608/022948.902:INFO:CONSOLE:1] "Could not build a batch because a batch is not yet ready to build.", source: https://cloudfront.xp-assets.aiv-cdn.net/family/web/ATVWebPlayerSDKLoader-2.0/prod/WebPlayerSDK.js (1)
[15124:15128:0608/022948.902:INFO:CONSOLE:1] "Batch reporting cycle is complete. Waiting until next wake up...", source: https://cloudfront.xp-assets.aiv-cdn.net/family/web/ATVWebPlayerSDKLoader-2.0/prod/WebPlayerSDK.js (1)
[15124:15128:0608/022951.080:WARNING:chrome\browser\performance_manager\policies\page_discarding_helper.cc:139] Discarding multiple pages with target (kb): 0, discard_protected_tabs: 0
[15124:15128:0608/022956.080:WARNING:chrome\browser\performance_manager\policies\page_discarding_helper.cc:139] Discarding multiple pages with target (kb): 0, discard_protected_tabs: 0
[15124:15128:0608/023001.082:WARNING:chrome\browser\performance_manager\policies\page_discarding_helper.cc:139] Discarding multiple pages with target (kb): 0, discard_protected_tabs: 0
[15124:15128:0608/023006.088:WARNING:chrome\browser\performance_manager\policies\page_discarding_helper.cc:139] Discarding multiple pages with target (kb): 0, discard_protected_tabs: 0
[15124:15128:0608/023011.088:WARNING:chrome\browser\performance_manager\policies\page_discarding_helper.cc:139] Discarding multiple pages with target (kb): 0, discard_protected_tabs: 0
[15124:15128:0608/023016.089:WARNING:chrome\browser\performance_manager\policies\page_discarding_helper.cc:139] Discarding multiple pages with target (kb): 0, discard_protected_tabs: 0
[15124:15128:0608/023017.680:INFO:CONSOLE:0] "The resource https://redirect.prod.experiment.routing.cloudfront.aws.a2z.com/x.png?timestamp=1780874004047 was preloaded using link preload but not used within a few seconds from the window's load event. Please make sure it has an appropriate `as` value and it is preloaded intentionally.", source: https://www.amazon.de/gp/video/movie (0)
[15124:15128:0608/023021.099:WARNING:chrome\browser\performance_manager\policies\page_discarding_helper.cc:139] Discarding multiple pages with target (kb): 0, discard_protected_tabs: 0
[15124:15128:0608/023022.919:INFO:CONSOLE:1] "Could not build a batch because a batch is not yet ready to build.", source: https://cloudfront.xp-assets.aiv-cdn.net/family/web/ATVWebPlayerSDKLoader-2.0/prod/WebPlayerSDK.js (1)
[15124:15128:0608/023022.919:INFO:CONSOLE:1] "Batch reporting cycle is complete. Waiting until next wake up...", source: https://cloudfront.xp-assets.aiv-cdn.net/family/web/ATVWebPlayerSDKLoader-2.0/prod/WebPlayerSDK.js (1)
[15124:15128:0608/023026.102:WARNING:chrome\browser\performance_manager\policies\page_discarding_helper.cc:139] Discarding multiple pages with target (kb): 0, discard_protected_tabs: 0
[15124:15128:0608/023031.108:WARNING:chrome\browser\performance_manager\policies\page_discarding_helper.cc:139] Discarding multiple pages with target (kb): 0, discard_protected_tabs: 0
[15124:15128:0608/023036.120:WARNING:chrome\browser\performance_manager\policies\page_discarding_helper.cc:139] Discarding multiple pages with target (kb): 0, discard_protected_tabs: 0
[15124:15128:0608/023047.662:INFO:CONSOLE:0] "The resource https://redirect.prod.experiment.routing.cloudfront.aws.a2z.com/x.png?timestamp=1780874004047 was preloaded using link preload but not used within a few seconds from the window's load event. Please make sure it has an appropriate `as` value and it is preloaded intentionally.", source: https://www.amazon.de/gp/video/movie (0)
[15124:15128:0608/023048.782:INFO:CONSOLE:1] "Could not build a batch because a batch is not yet ready to build.", source: https://cloudfront.xp-assets.aiv-cdn.net/family/web/ATVWebPlayerSDKLoader-2.0/prod/WebPlayerSDK.js (1)
[15124:15128:0608/023048.782:INFO:CONSOLE:1] "Batch reporting cycle is complete. Waiting until next wake up...", source: https://cloudfront.xp-assets.aiv-cdn.net/family/web/ATVWebPlayerSDKLoader-2.0/prod/WebPlayerSDK.js (1)
[15124:15128:0608/023048.782:INFO:CONSOLE:1] "Could not build a batch because a batch is not yet ready to build.", source: https://cloudfront.xp-assets.aiv-cdn.net/family/web/ATVWebPlayerSDKLoader-2.0/prod/WebPlayerSDK.js (1)
[15124:15128:0608/023048.782:INFO:CONSOLE:1] "Batch reporting cycle is complete. Waiting until next wake up...", source: https://cloudfront.xp-assets.aiv-cdn.net/family/web/ATVWebPlayerSDKLoader-2.0/prod/WebPlayerSDK.js (1)
[15124:15128:0608/023117.508:INFO:CONSOLE:0] "The resource https://redirect.prod.experiment.routing.cloudfront.aws.a2z.com/x.png?timestamp=1780874004047 was preloaded using link preload but not used within a few seconds from the window's load event. Please make sure it has an appropriate `as` value and it is preloaded intentionally.", source: https://www.amazon.de/gp/video/movie (0)
[15124:15128:0608/023122.922:INFO:CONSOLE:1] "Could not build a batch because a batch is not yet ready to build.", source: https://cloudfront.xp-assets.aiv-cdn.net/family/web/ATVWebPlayerSDKLoader-2.0/prod/WebPlayerSDK.js (1)
[15124:15128:0608/023122.922:INFO:CONSOLE:1] "Batch reporting cycle is complete. Waiting until next wake up...", source: https://cloudfront.xp-assets.aiv-cdn.net/family/web/ATVWebPlayerSDKLoader-2.0/prod/WebPlayerSDK.js (1)
[15124:15128:0608/023147.647:INFO:CONSOLE:0] "The resource https://redirect.prod.experiment.routing.cloudfront.aws.a2z.com/x.png?timestamp=1780874004047 was preloaded using link preload but not used within a few seconds from the window's load event. Please make sure it has an appropriate `as` value and it is preloaded intentionally.", source: https://www.amazon.de/gp/video/movie (0)
[15124:15128:0608/023148.719:INFO:CONSOLE:1] "Could not build a batch because a batch is not yet ready to build.", source: https://cloudfront.xp-assets.aiv-cdn.net/family/web/ATVWebPlayerSDKLoader-2.0/prod/WebPlayerSDK.js (1)
[15124:15128:0608/023148.720:INFO:CONSOLE:1] "Batch reporting cycle is complete. Waiting until next wake up...", source: https://cloudfront.xp-assets.aiv-cdn.net/family/web/ATVWebPlayerSDKLoader-2.0/prod/WebPlayerSDK.js (1)
[15124:15128:0608/023148.979:INFO:CONSOLE:1] "Could not build a batch because a batch is not yet ready to build.", source: https://cloudfront.xp-assets.aiv-cdn.net/family/web/ATVWebPlayerSDKLoader-2.0/prod/WebPlayerSDK.js (1)
[15124:15128:0608/023148.979:INFO:CONSOLE:1] "Batch reporting cycle is complete. Waiting until next wake up...", source: https://cloudfront.xp-assets.aiv-cdn.net/family/web/ATVWebPlayerSDKLoader-2.0/prod/WebPlayerSDK.js (1)
[15124:15128:0608/023217.487:INFO:CONSOLE:0] "The resource https://redirect.prod.experiment.routing.cloudfront.aws.a2z.com/x.png?timestamp=1780874004047 was preloaded using link preload but not used within a few seconds from the window's load event. Please make sure it has an appropriate `as` value and it is preloaded intentionally.", source: https://www.amazon.de/gp/video/movie (0)
[15124:15128:0608/023222.919:INFO:CONSOLE:1] "Could not build a batch because a batch is not yet ready to build.", source: https://cloudfront.xp-assets.aiv-cdn.net/family/web/ATVWebPlayerSDKLoader-2.0/prod/WebPlayerSDK.js (1)
[15124:15128:0608/023222.919:INFO:CONSOLE:1] "Batch reporting cycle is complete. Waiting until next wake up...", source: https://cloudfront.xp-assets.aiv-cdn.net/family/web/ATVWebPlayerSDKLoader-2.0/prod/WebPlayerSDK.js (1)
[15124:15128:0608/023247.568:INFO:CONSOLE:0] "The resource https://redirect.prod.experiment.routing.cloudfront.aws.a2z.com/x.png?timestamp=1780874004047 was preloaded using link preload but not used within a few seconds from the window's load event. Please make sure it has an appropriate `as` value and it is preloaded intentionally.", source: https://www.amazon.de/gp/video/movie (0)
[15124:15128:0608/023248.748:INFO:CONSOLE:1] "Could not build a batch because a batch is not yet ready to build.", source: https://cloudfront.xp-assets.aiv-cdn.net/family/web/ATVWebPlayerSDKLoader-2.0/prod/WebPlayerSDK.js (1)
[15124:15128:0608/023248.748:INFO:CONSOLE:1] "Batch reporting cycle is complete. Waiting until next wake up...", source: https://cloudfront.xp-assets.aiv-cdn.net/family/web/ATVWebPlayerSDKLoader-2.0/prod/WebPlayerSDK.js (1)
[15124:15128:0608/023248.899:INFO:CONSOLE:1] "Could not build a batch because a batch is not yet ready to build.", source: https://cloudfront.xp-assets.aiv-cdn.net/family/web/ATVWebPlayerSDKLoader-2.0/prod/WebPlayerSDK.js (1)
[15124:15128:0608/023248.900:INFO:CONSOLE:1] "Batch reporting cycle is complete. Waiting until next wake up...", source: https://cloudfront.xp-assets.aiv-cdn.net/family/web/ATVWebPlayerSDKLoader-2.0/prod/WebPlayerSDK.js (1)
[15124:15128:0608/023317.647:INFO:CONSOLE:0] "The resource https://redirect.prod.experiment.routing.cloudfront.aws.a2z.com/x.png?timestamp=1780874004047 was preloaded using link preload but not used within a few seconds from the window's load event. Please make sure it has an appropriate `as` value and it is preloaded intentionally.", source: https://www.amazon.de/gp/video/movie (0)
[15124:15128:0608/023322.920:INFO:CONSOLE:1] "Could not build a batch because a batch is not yet ready to build.", source: https://cloudfront.xp-assets.aiv-cdn.net/family/web/ATVWebPlayerSDKLoader-2.0/prod/WebPlayerSDK.js (1)
[15124:15128:0608/023322.920:INFO:CONSOLE:1] "Batch reporting cycle is complete. Waiting until next wake up...", source: https://cloudfront.xp-assets.aiv-cdn.net/family/web/ATVWebPlayerSDKLoader-2.0/prod/WebPlayerSDK.js (1)
[15124:15128:0608/023330.827:INFO:CONSOLE:0] "The resource https://redirect.prod.experiment.routing.cloudfront.aws.a2z.com/x.png?timestamp=1780874004047 was preloaded using link preload but not used within a few seconds from the window's load event. Please make sure it has an appropriate `as` value and it is preloaded intentionally.", source: https://www.amazon.de/gp/video/movie (0)
[15124:15128:0608/023340.981:INFO:CONSOLE:0] "The resource https://redirect.prod.experiment.routing.cloudfront.aws.a2z.com/x.png?timestamp=1780874004047 was preloaded using link preload but not used within a few seconds from the window's load event. Please make sure it has an appropriate `as` value and it is preloaded intentionally.", source: https://www.amazon.de/gp/video/movie (0)
[15124:15128:0608/023345.747:INFO:CONSOLE:0] "The resource https://redirect.prod.experiment.routing.cloudfront.aws.a2z.com/x.png?timestamp=1780874004047 was preloaded using link preload but not used within a few seconds from the window's load event. Please make sure it has an appropriate `as` value and it is preloaded intentionally.", source: https://www.amazon.de/gp/video/movie (0)
[15124:15128:0608/023348.859:INFO:CONSOLE:1] "Could not build a batch because a batch is not yet ready to build.", source: https://cloudfront.xp-assets.aiv-cdn.net/family/web/ATVWebPlayerSDKLoader-2.0/prod/WebPlayerSDK.js (1)
[15124:15128:0608/023348.859:INFO:CONSOLE:1] "Batch reporting cycle is complete. Waiting until next wake up...", source: https://cloudfront.xp-assets.aiv-cdn.net/family/web/ATVWebPlayerSDKLoader-2.0/prod/WebPlayerSDK.js (1)
[15124:15128:0608/023348.927:INFO:CONSOLE:1] "Could not build a batch because a batch is not yet ready to build.", source: https://cloudfront.xp-assets.aiv-cdn.net/family/web/ATVWebPlayerSDKLoader-2.0/prod/WebPlayerSDK.js (1)
[15124:15128:0608/023348.928:INFO:CONSOLE:1] "Batch reporting cycle is complete. Waiting until next wake up...", source: https://cloudfront.xp-assets.aiv-cdn.net/family/web/ATVWebPlayerSDKLoader-2.0/prod/WebPlayerSDK.js (1)
[15124:15128:0608/023418.540:INFO:CONSOLE:0] "The resource https://redirect.prod.experiment.routing.cloudfront.aws.a2z.com/x.png?timestamp=1780874004047 was preloaded using link preload but not used within a few seconds from the window's load event. Please make sure it has an appropriate `as` value and it is preloaded intentionally.", source: https://www.amazon.de/gp/video/movie (0)
[15124:15128:0608/023422.919:INFO:CONSOLE:1] "Could not build a batch because a batch is not yet ready to build.", source: https://cloudfront.xp-assets.aiv-cdn.net/family/web/ATVWebPlayerSDKLoader-2.0/prod/WebPlayerSDK.js (1)
[15124:15128:0608/023422.920:INFO:CONSOLE:1] "Batch reporting cycle is complete. Waiting until next wake up...", source: https://cloudfront.xp-assets.aiv-cdn.net/family/web/ATVWebPlayerSDKLoader-2.0/prod/WebPlayerSDK.js (1)
[15124:15128:0608/023447.439:INFO:CONSOLE:0] "The resource https://redirect.prod.experiment.routing.cloudfront.aws.a2z.com/x.png?timestamp=1780874004047 was preloaded using link preload but not used within a few seconds from the window's load event. Please make sure it has an appropriate `as` value and it is preloaded intentionally.", source: https://www.amazon.de/gp/video/movie (0)
[15124:15128:0608/023448.781:INFO:CONSOLE:1] "Could not build a batch because a batch is not yet ready to build.", source: https://cloudfront.xp-assets.aiv-cdn.net/family/web/ATVWebPlayerSDKLoader-2.0/prod/WebPlayerSDK.js (1)
[15124:15128:0608/023448.781:INFO:CONSOLE:1] "Batch reporting cycle is complete. Waiting until next wake up...", source: https://cloudfront.xp-assets.aiv-cdn.net/family/web/ATVWebPlayerSDKLoader-2.0/prod/WebPlayerSDK.js (1)
[15124:15128:0608/023448.888:INFO:CONSOLE:1] "Could not build a batch because a batch is not yet ready to build.", source: https://cloudfront.xp-assets.aiv-cdn.net/family/web/ATVWebPlayerSDKLoader-2.0/prod/WebPlayerSDK.js (1)
[15124:15128:0608/023448.888:INFO:CONSOLE:1] "Batch reporting cycle is complete. Waiting until next wake up...", source: https://cloudfront.xp-assets.aiv-cdn.net/family/web/ATVWebPlayerSDKLoader-2.0/prod/WebPlayerSDK.js (1)
[15124:15128:0608/023517.659:INFO:CONSOLE:0] "The resource https://redirect.prod.experiment.routing.cloudfront.aws.a2z.com/x.png?timestamp=1780874004047 was preloaded using link preload but not used within a few seconds from the window's load event. Please make sure it has an appropriate `as` value and it is preloaded intentionally.", source: https://www.amazon.de/gp/video/movie (0)
[15124:15128:0608/023522.919:INFO:CONSOLE:1] "Could not build a batch because a batch is not yet ready to build.", source: https://cloudfront.xp-assets.aiv-cdn.net/family/web/ATVWebPlayerSDKLoader-2.0/prod/WebPlayerSDK.js (1)
[15124:15128:0608/023522.919:INFO:CONSOLE:1] "Batch reporting cycle is complete. Waiting until next wake up...", source: https://cloudfront.xp-assets.aiv-cdn.net/family/web/ATVWebPlayerSDKLoader-2.0/prod/WebPlayerSDK.js (1)
[15124:15128:0608/023547.599:INFO:CONSOLE:0] "The resource https://redirect.prod.experiment.routing.cloudfront.aws.a2z.com/x.png?timestamp=1780874004047 was preloaded using link preload but not used within a few seconds from the window's load event. Please make sure it has an appropriate `as` value and it is preloaded intentionally.", source: https://www.amazon.de/gp/video/movie (0)
[15124:15128:0608/023548.703:INFO:CONSOLE:1] "Could not build a batch because a batch is not yet ready to build.", source: https://cloudfront.xp-assets.aiv-cdn.net/family/web/ATVWebPlayerSDKLoader-2.0/prod/WebPlayerSDK.js (1)
[15124:15128:0608/023548.703:INFO:CONSOLE:1] "Batch reporting cycle is complete. Waiting until next wake up...", source: https://cloudfront.xp-assets.aiv-cdn.net/family/web/ATVWebPlayerSDKLoader-2.0/prod/WebPlayerSDK.js (1)
[15124:15128:0608/023548.788:INFO:CONSOLE:1] "Could not build a batch because a batch is not yet ready to build.", source: https://cloudfront.xp-assets.aiv-cdn.net/family/web/ATVWebPlayerSDKLoader-2.0/prod/WebPlayerSDK.js (1)
[15124:15128:0608/023548.788:INFO:CONSOLE:1] "Batch reporting cycle is complete. Waiting until next wake up...", source: https://cloudfront.xp-assets.aiv-cdn.net/family/web/ATVWebPlayerSDKLoader-2.0/prod/WebPlayerSDK.js (1)
[15124:15128:0608/023617.599:INFO:CONSOLE:0] "The resource https://redirect.prod.experiment.routing.cloudfront.aws.a2z.com/x.png?timestamp=1780874004047 was preloaded using link preload but not used within a few seconds from the window's load event. Please make sure it has an appropriate `as` value and it is preloaded intentionally.", source: https://www.amazon.de/gp/video/movie (0)
[15124:15128:0608/023622.920:INFO:CONSOLE:1] "Could not build a batch because a batch is not yet ready to build.", source: https://cloudfront.xp-assets.aiv-cdn.net/family/web/ATVWebPlayerSDKLoader-2.0/prod/WebPlayerSDK.js (1)
[15124:15128:0608/023622.920:INFO:CONSOLE:1] "Batch reporting cycle is complete. Waiting until next wake up...", source: https://cloudfront.xp-assets.aiv-cdn.net/family/web/ATVWebPlayerSDKLoader-2.0/prod/WebPlayerSDK.js (1)
[15124:15128:0608/023647.547:INFO:CONSOLE:0] "The resource https://redirect.prod.experiment.routing.cloudfront.aws.a2z.com/x.png?timestamp=1780874004047 was preloaded using link preload but not used within a few seconds from the window's load event. Please make sure it has an appropriate `as` value and it is preloaded intentionally.", source: https://www.amazon.de/gp/video/movie (0)
[15124:15128:0608/023648.839:INFO:CONSOLE:1] "Could not build a batch because a batch is not yet ready to build.", source: https://cloudfront.xp-assets.aiv-cdn.net/family/web/ATVWebPlayerSDKLoader-2.0/prod/WebPlayerSDK.js (1)
[15124:15128:0608/023648.840:INFO:CONSOLE:1] "Batch reporting cycle is complete. Waiting until next wake up...", source: https://cloudfront.xp-assets.aiv-cdn.net/family/web/ATVWebPlayerSDKLoader-2.0/prod/WebPlayerSDK.js (1)
[15124:15128:0608/023648.879:INFO:CONSOLE:1] "Could not build a batch because a batch is not yet ready to build.", source: https://cloudfront.xp-assets.aiv-cdn.net/family/web/ATVWebPlayerSDKLoader-2.0/prod/WebPlayerSDK.js (1)
[15124:15128:0608/023648.879:INFO:CONSOLE:1] "Batch reporting cycle is complete. Waiting until next wake up...", source: https://cloudfront.xp-assets.aiv-cdn.net/family/web/ATVWebPlayerSDKLoader-2.0/prod/WebPlayerSDK.js (1)
[15124:15128:0608/023717.421:INFO:CONSOLE:0] "The resource https://redirect.prod.experiment.routing.cloudfront.aws.a2z.com/x.png?timestamp=1780874004047 was preloaded using link preload but not used within a few seconds from the window's load event. Please make sure it has an appropriate `as` value and it is preloaded intentionally.", source: https://www.amazon.de/gp/video/movie (0)
[15124:15128:0608/023722.919:INFO:CONSOLE:1] "Could not build a batch because a batch is not yet ready to build.", source: https://cloudfront.xp-assets.aiv-cdn.net/family/web/ATVWebPlayerSDKLoader-2.0/prod/WebPlayerSDK.js (1)
[15124:15128:0608/023722.919:INFO:CONSOLE:1] "Batch reporting cycle is complete. Waiting until next wake up...", source: https://cloudfront.xp-assets.aiv-cdn.net/family/web/ATVWebPlayerSDKLoader-2.0/prod/WebPlayerSDK.js (1)
[15124:15128:0608/023747.547:INFO:CONSOLE:0] "The resource https://redirect.prod.experiment.routing.cloudfront.aws.a2z.com/x.png?timestamp=1780874004047 was preloaded using link preload but not used within a few seconds from the window's load event. Please make sure it has an appropriate `as` value and it is preloaded intentionally.", source: https://www.amazon.de/gp/video/movie (0)
[15124:15128:0608/023748.840:INFO:CONSOLE:1] "Could not build a batch because a batch is not yet ready to build.", source: https://cloudfront.xp-assets.aiv-cdn.net/family/web/ATVWebPlayerSDKLoader-2.0/prod/WebPlayerSDK.js (1)
[15124:15128:0608/023748.840:INFO:CONSOLE:1] "Batch reporting cycle is complete. Waiting until next wake up...", source: https://cloudfront.xp-assets.aiv-cdn.net/family/web/ATVWebPlayerSDKLoader-2.0/prod/WebPlayerSDK.js (1)
[15124:15128:0608/023748.880:INFO:CONSOLE:1] "Could not build a batch because a batch is not yet ready to build.", source: https://cloudfront.xp-assets.aiv-cdn.net/family/web/ATVWebPlayerSDKLoader-2.0/prod/WebPlayerSDK.js (1)
[15124:15128:0608/023748.880:INFO:CONSOLE:1] "Batch reporting cycle is complete. Waiting until next wake up...", source: https://cloudfront.xp-assets.aiv-cdn.net/family/web/ATVWebPlayerSDKLoader-2.0/prod/WebPlayerSDK.js (1)
[15124:15128:0608/023817.499:INFO:CONSOLE:0] "The resource https://redirect.prod.experiment.routing.cloudfront.aws.a2z.com/x.png?timestamp=1780874004047 was preloaded using link preload but not used within a few seconds from the window's load event. Please make sure it has an appropriate `as` value and it is preloaded intentionally.", source: https://www.amazon.de/gp/video/movie (0)
[15124:15128:0608/023822.919:INFO:CONSOLE:1] "Could not build a batch because a batch is not yet ready to build.", source: https://cloudfront.xp-assets.aiv-cdn.net/family/web/ATVWebPlayerSDKLoader-2.0/prod/WebPlayerSDK.js (1)
[15124:15128:0608/023822.919:INFO:CONSOLE:1] "Batch reporting cycle is complete. Waiting until next wake up...", source: https://cloudfront.xp-assets.aiv-cdn.net/family/web/ATVWebPlayerSDKLoader-2.0/prod/WebPlayerSDK.js (1)
[15124:15128:0608/023847.460:INFO:CONSOLE:0] "The resource https://redirect.prod.experiment.routing.cloudfront.aws.a2z.com/x.png?timestamp=1780874004047 was preloaded using link preload but not used within a few seconds from the window's load event. Please make sure it has an appropriate `as` value and it is preloaded intentionally.", source: https://www.amazon.de/gp/video/movie (0)
[15124:15128:0608/023848.760:INFO:CONSOLE:1] "Could not build a batch because a batch is not yet ready to build.", source: https://cloudfront.xp-assets.aiv-cdn.net/family/web/ATVWebPlayerSDKLoader-2.0/prod/WebPlayerSDK.js (1)
[15124:15128:0608/023848.760:INFO:CONSOLE:1] "Batch reporting cycle is complete. Waiting until next wake up...", source: https://cloudfront.xp-assets.aiv-cdn.net/family/web/ATVWebPlayerSDKLoader-2.0/prod/WebPlayerSDK.js (1)
[15124:15128:0608/023848.860:INFO:CONSOLE:1] "Could not build a batch because a batch is not yet ready to build.", source: https://cloudfront.xp-assets.aiv-cdn.net/family/web/ATVWebPlayerSDKLoader-2.0/prod/WebPlayerSDK.js (1)
[15124:15128:0608/023848.860:INFO:CONSOLE:1] "Batch reporting cycle is complete. Waiting until next wake up...", source: https://cloudfront.xp-assets.aiv-cdn.net/family/web/ATVWebPlayerSDKLoader-2.0/prod/WebPlayerSDK.js (1)
[15124:15128:0608/023917.560:INFO:CONSOLE:0] "The resource https://redirect.prod.experiment.routing.cloudfront.aws.a2z.com/x.png?timestamp=1780874004047 was preloaded using link preload but not used within a few seconds from the window's load event. Please make sure it has an appropriate `as` value and it is preloaded intentionally.", source: https://www.amazon.de/gp/video/movie (0)
[15124:15128:0608/023922.928:INFO:CONSOLE:1] "Could not build a batch because a batch is not yet ready to build.", source: https://cloudfront.xp-assets.aiv-cdn.net/family/web/ATVWebPlayerSDKLoader-2.0/prod/WebPlayerSDK.js (1)
[15124:15128:0608/023922.928:INFO:CONSOLE:1] "Batch reporting cycle is complete. Waiting until next wake up...", source: https://cloudfront.xp-assets.aiv-cdn.net/family/web/ATVWebPlayerSDKLoader-2.0/prod/WebPlayerSDK.js (1)
[15124:15128:0608/023947.500:INFO:CONSOLE:0] "The resource https://redirect.prod.experiment.routing.cloudfront.aws.a2z.com/x.png?timestamp=1780874004047 was preloaded using link preload but not used within a few seconds from the window's load event. Please make sure it has an appropriate `as` value and it is preloaded intentionally.", source: https://www.amazon.de/gp/video/movie (0)
[15124:15128:0608/023948.768:INFO:CONSOLE:1] "Could not build a batch because a batch is not yet ready to build.", source: https://cloudfront.xp-assets.aiv-cdn.net/family/web/ATVWebPlayerSDKLoader-2.0/prod/WebPlayerSDK.js (1)
[15124:15128:0608/023948.768:INFO:CONSOLE:1] "Batch reporting cycle is complete. Waiting until next wake up...", source: https://cloudfront.xp-assets.aiv-cdn.net/family/web/ATVWebPlayerSDKLoader-2.0/prod/WebPlayerSDK.js (1)
[15124:15128:0608/023948.900:INFO:CONSOLE:1] "Could not build a batch because a batch is not yet ready to build.", source: https://cloudfront.xp-assets.aiv-cdn.net/family/web/ATVWebPlayerSDKLoader-2.0/prod/WebPlayerSDK.js (1)
[15124:15128:0608/023948.900:INFO:CONSOLE:1] "Batch reporting cycle is complete. Waiting until next wake up...", source: https://cloudfront.xp-assets.aiv-cdn.net/family/web/ATVWebPlayerSDKLoader-2.0/prod/WebPlayerSDK.js (1)
[15124:15128:0608/024006.648:WARNING:chrome\browser\performance_manager\policies\page_discarding_helper.cc:139] Discarding multiple pages with target (kb): 0, discard_protected_tabs: 0
[15124:15128:0608/024011.659:WARNING:chrome\browser\performance_manager\policies\page_discarding_helper.cc:139] Discarding multiple pages with target (kb): 0, discard_protected_tabs: 0
[15124:15128:0608/024016.662:WARNING:chrome\browser\performance_manager\policies\page_discarding_helper.cc:139] Discarding multiple pages with target (kb): 0, discard_protected_tabs: 0
[15124:15128:0608/024017.439:INFO:CONSOLE:0] "The resource https://redirect.prod.experiment.routing.cloudfront.aws.a2z.com/x.png?timestamp=1780874004047 was preloaded using link preload but not used within a few seconds from the window's load event. Please make sure it has an appropriate `as` value and it is preloaded intentionally.", source: https://www.amazon.de/gp/video/movie (0)
[15124:15128:0608/024021.668:WARNING:chrome\browser\performance_manager\policies\page_discarding_helper.cc:139] Discarding multiple pages with target (kb): 0, discard_protected_tabs: 0
[15124:15128:0608/024022.962:INFO:CONSOLE:1] "Could not build a batch because a batch is not yet ready to build.", source: https://cloudfront.xp-assets.aiv-cdn.net/family/web/ATVWebPlayerSDKLoader-2.0/prod/WebPlayerSDK.js (1)
[15124:15128:0608/024022.962:INFO:CONSOLE:1] "Batch reporting cycle is complete. Waiting until next wake up...", source: https://cloudfront.xp-assets.aiv-cdn.net/family/web/ATVWebPlayerSDKLoader-2.0/prod/WebPlayerSDK.js (1)
[15124:15128:0608/024026.679:WARNING:chrome\browser\performance_manager\policies\page_discarding_helper.cc:139] Discarding multiple pages with target (kb): 0, discard_protected_tabs: 0
[15124:15128:0608/024031.682:WARNING:chrome\browser\performance_manager\policies\page_discarding_helper.cc:139] Discarding multiple pages with target (kb): 0, discard_protected_tabs: 0
[15124:15128:0608/024036.687:WARNING:chrome\browser\performance_manager\policies\page_discarding_helper.cc:139] Discarding multiple pages with target (kb): 0, discard_protected_tabs: 0
[15124:15128:0608/024041.699:WARNING:chrome\browser\performance_manager\policies\page_discarding_helper.cc:139] Discarding multiple pages with target (kb): 0, discard_protected_tabs: 0
[15124:15128:0608/024046.700:WARNING:chrome\browser\performance_manager\policies\page_discarding_helper.cc:139] Discarding multiple pages with target (kb): 0, discard_protected_tabs: 0
[15124:15128:0608/024047.567:INFO:CONSOLE:0] "The resource https://redirect.prod.experiment.routing.cloudfront.aws.a2z.com/x.png?timestamp=1780874004047 was preloaded using link preload but not used within a few seconds from the window's load event. Please make sure it has an appropriate `as` value and it is preloaded intentionally.", source: https://www.amazon.de/gp/video/movie (0)
[15124:15128:0608/024048.780:INFO:CONSOLE:1] "Could not build a batch because a batch is not yet ready to build.", source: https://cloudfront.xp-assets.aiv-cdn.net/family/web/ATVWebPlayerSDKLoader-2.0/prod/WebPlayerSDK.js (1)
[15124:15128:0608/024048.780:INFO:CONSOLE:1] "Batch reporting cycle is complete. Waiting until next wake up...", source: https://cloudfront.xp-assets.aiv-cdn.net/family/web/ATVWebPlayerSDKLoader-2.0/prod/WebPlayerSDK.js (1)
[15124:15128:0608/024048.879:INFO:CONSOLE:1] "Could not build a batch because a batch is not yet ready to build.", source: https://cloudfront.xp-assets.aiv-cdn.net/family/web/ATVWebPlayerSDKLoader-2.0/prod/WebPlayerSDK.js (1)
[15124:15128:0608/024048.879:INFO:CONSOLE:1] "Batch reporting cycle is complete. Waiting until next wake up...", source: https://cloudfront.xp-assets.aiv-cdn.net/family/web/ATVWebPlayerSDKLoader-2.0/prod/WebPlayerSDK.js (1)
[15124:15128:0608/024051.701:WARNING:chrome\browser\performance_manager\policies\page_discarding_helper.cc:139] Discarding multiple pages with target (kb): 0, discard_protected_tabs: 0
[15124:15128:0608/024056.702:WARNING:chrome\browser\performance_manager\policies\page_discarding_helper.cc:139] Discarding multiple pages with target (kb): 0, discard_protected_tabs: 0
[15124:15128:0608/024101.708:WARNING:chrome\browser\performance_manager\policies\page_discarding_helper.cc:139] Discarding multiple pages with target (kb): 0, discard_protected_tabs: 0
[15124:15128:0608/024106.719:WARNING:chrome\browser\performance_manager\policies\page_discarding_helper.cc:139] Discarding multiple pages with target (kb): 0, discard_protected_tabs: 0
[15124:15128:0608/024111.720:WARNING:chrome\browser\performance_manager\policies\page_discarding_helper.cc:139] Discarding multiple pages with target (kb): 0, discard_protected_tabs: 0
[15124:15128:0608/024116.721:WARNING:chrome\browser\performance_manager\policies\page_discarding_helper.cc:139] Discarding multiple pages with target (kb): 0, discard_protected_tabs: 0
[15124:15128:0608/024117.500:INFO:CONSOLE:0] "The resource https://redirect.prod.experiment.routing.cloudfront.aws.a2z.com/x.png?timestamp=1780874004047 was preloaded using link preload but not used within a few seconds from the window's load event. Please make sure it has an appropriate `as` value and it is preloaded intentionally.", source: https://www.amazon.de/gp/video/movie (0)
[15124:15128:0608/024121.722:WARNING:chrome\browser\performance_manager\policies\page_discarding_helper.cc:139] Discarding multiple pages with target (kb): 0, discard_protected_tabs: 0
[15124:15128:0608/024122.927:INFO:CONSOLE:1] "Could not build a batch because a batch is not yet ready to build.", source: https://cloudfront.xp-assets.aiv-cdn.net/family/web/ATVWebPlayerSDKLoader-2.0/prod/WebPlayerSDK.js (1)
[15124:15128:0608/024122.927:INFO:CONSOLE:1] "Batch reporting cycle is complete. Waiting until next wake up...", source: https://cloudfront.xp-assets.aiv-cdn.net/family/web/ATVWebPlayerSDKLoader-2.0/prod/WebPlayerSDK.js (1)
[15124:15128:0608/024126.722:WARNING:chrome\browser\performance_manager\policies\page_discarding_helper.cc:139] Discarding multiple pages with target (kb): 0, discard_protected_tabs: 0
[15124:15128:0608/024131.722:WARNING:chrome\browser\performance_manager\policies\page_discarding_helper.cc:139] Discarding multiple pages with target (kb): 0, discard_protected_tabs: 0
[15124:15128:0608/024136.728:WARNING:chrome\browser\performance_manager\policies\page_discarding_helper.cc:139] Discarding multiple pages with target (kb): 0, discard_protected_tabs: 0
[15124:15128:0608/024141.739:WARNING:chrome\browser\performance_manager\policies\page_discarding_helper.cc:139] Discarding multiple pages with target (kb): 0, discard_protected_tabs: 0
[15124:15128:0608/024146.742:WARNING:chrome\browser\performance_manager\policies\page_discarding_helper.cc:139] Discarding multiple pages with target (kb): 0, discard_protected_tabs: 0
[15124:15128:0608/024147.620:INFO:CONSOLE:0] "The resource https://redirect.prod.experiment.routing.cloudfront.aws.a2z.com/x.png?timestamp=1780874004047 was preloaded using link preload but not used within a few seconds from the window's load event. Please make sure it has an appropriate `as` value and it is preloaded intentionally.", source: https://www.amazon.de/gp/video/movie (0)
[15124:15128:0608/024148.788:INFO:CONSOLE:1] "Could not build a batch because a batch is not yet ready to build.", source: https://cloudfront.xp-assets.aiv-cdn.net/family/web/ATVWebPlayerSDKLoader-2.0/prod/WebPlayerSDK.js (1)
[15124:15128:0608/024148.788:INFO:CONSOLE:1] "Batch reporting cycle is complete. Waiting until next wake up...", source: https://cloudfront.xp-assets.aiv-cdn.net/family/web/ATVWebPlayerSDKLoader-2.0/prod/WebPlayerSDK.js (1)
[15124:15128:0608/024148.842:INFO:CONSOLE:1] "Could not build a batch because a batch is not yet ready to build.", source: https://cloudfront.xp-assets.aiv-cdn.net/family/web/ATVWebPlayerSDKLoader-2.0/prod/WebPlayerSDK.js (1)
[15124:15128:0608/024148.842:INFO:CONSOLE:1] "Batch reporting cycle is complete. Waiting until next wake up...", source: https://cloudfront.xp-assets.aiv-cdn.net/family/web/ATVWebPlayerSDKLoader-2.0/prod/WebPlayerSDK.js (1)
[15124:15128:0608/024151.748:WARNING:chrome\browser\performance_manager\policies\page_discarding_helper.cc:139] Discarding multiple pages with target (kb): 0, discard_protected_tabs: 0
[15124:15128:0608/024156.748:WARNING:chrome\browser\performance_manager\policies\page_discarding_helper.cc:139] Discarding multiple pages with target (kb): 0, discard_protected_tabs: 0
[15124:15128:0608/024201.760:WARNING:chrome\browser\performance_manager\policies\page_discarding_helper.cc:139] Discarding multiple pages with target (kb): 0, discard_protected_tabs: 0
[15124:15128:0608/024206.760:WARNING:chrome\browser\performance_manager\policies\page_discarding_helper.cc:139] Discarding multiple pages with target (kb): 0, discard_protected_tabs: 0
[15124:15128:0608/024211.762:WARNING:chrome\browser\performance_manager\policies\page_discarding_helper.cc:139] Discarding multiple pages with target (kb): 0, discard_protected_tabs: 0
[15124:15128:0608/024216.768:WARNING:chrome\browser\performance_manager\policies\page_discarding_helper.cc:139] Discarding multiple pages with target (kb): 0, discard_protected_tabs: 0
[15124:15128:0608/024217.647:INFO:CONSOLE:0] "The resource https://redirect.prod.experiment.routing.cloudfront.aws.a2z.com/x.png?timestamp=1780874004047 was preloaded using link preload but not used within a few seconds from the window's load event. Please make sure it has an appropriate `as` value and it is preloaded intentionally.", source: https://www.amazon.de/gp/video/movie (0)
[15124:15128:0608/024221.779:WARNING:chrome\browser\performance_manager\policies\page_discarding_helper.cc:139] Discarding multiple pages with target (kb): 0, discard_protected_tabs: 0
[15124:15128:0608/024222.919:INFO:CONSOLE:1] "Could not build a batch because a batch is not yet ready to build.", source: https://cloudfront.xp-assets.aiv-cdn.net/family/web/ATVWebPlayerSDKLoader-2.0/prod/WebPlayerSDK.js (1)
[15124:15128:0608/024222.920:INFO:CONSOLE:1] "Batch reporting cycle is complete. Waiting until next wake up...", source: https://cloudfront.xp-assets.aiv-cdn.net/family/web/ATVWebPlayerSDKLoader-2.0/prod/WebPlayerSDK.js (1)
[15124:15128:0608/024226.782:WARNING:chrome\browser\performance_manager\policies\page_discarding_helper.cc:139] Discarding multiple pages with target (kb): 0, discard_protected_tabs: 0
[15124:15128:0608/024231.788:WARNING:chrome\browser\performance_manager\policies\page_discarding_helper.cc:139] Discarding multiple pages with target (kb): 0, discard_protected_tabs: 0
[15124:15128:0608/024236.800:WARNING:chrome\browser\performance_manager\policies\page_discarding_helper.cc:139] Discarding multiple pages with target (kb): 0, discard_protected_tabs: 0
[15124:15128:0608/024241.802:WARNING:chrome\browser\performance_manager\policies\page_discarding_helper.cc:139] Discarding multiple pages with target (kb): 0, discard_protected_tabs: 0
[15124:15128:0608/024246.807:WARNING:chrome\browser\performance_manager\policies\page_discarding_helper.cc:139] Discarding multiple pages with target (kb): 0, discard_protected_tabs: 0
[15124:15128:0608/024247.707:INFO:CONSOLE:0] "The resource https://redirect.prod.experiment.routing.cloudfront.aws.a2z.com/x.png?timestamp=1780874004047 was preloaded using link preload but not used within a few seconds from the window's load event. Please make sure it has an appropriate `as` value and it is preloaded intentionally.", source: https://www.amazon.de/gp/video/movie (0)
[15124:15128:0608/024248.708:INFO:CONSOLE:1] "Could not build a batch because a batch is not yet ready to build.", source: https://cloudfront.xp-assets.aiv-cdn.net/family/web/ATVWebPlayerSDKLoader-2.0/prod/WebPlayerSDK.js (1)
[15124:15128:0608/024248.708:INFO:CONSOLE:1] "Batch reporting cycle is complete. Waiting until next wake up...", source: https://cloudfront.xp-assets.aiv-cdn.net/family/web/ATVWebPlayerSDKLoader-2.0/prod/WebPlayerSDK.js (1)
[15124:15128:0608/024248.799:INFO:CONSOLE:1] "Could not build a batch because a batch is not yet ready to build.", source: https://cloudfront.xp-assets.aiv-cdn.net/family/web/ATVWebPlayerSDKLoader-2.0/prod/WebPlayerSDK.js (1)
[15124:15128:0608/024248.799:INFO:CONSOLE:1] "Batch reporting cycle is complete. Waiting until next wake up...", source: https://cloudfront.xp-assets.aiv-cdn.net/family/web/ATVWebPlayerSDKLoader-2.0/prod/WebPlayerSDK.js (1)
[15124:15128:0608/024251.819:WARNING:chrome\browser\performance_manager\policies\page_discarding_helper.cc:139] Discarding multiple pages with target (kb): 0, discard_protected_tabs: 0
[15124:15128:0608/024256.822:WARNING:chrome\browser\performance_manager\policies\page_discarding_helper.cc:139] Discarding multiple pages with target (kb): 0, discard_protected_tabs: 0
[15124:15128:0608/024301.827:WARNING:chrome\browser\performance_manager\policies\page_discarding_helper.cc:139] Discarding multiple pages with target (kb): 0, discard_protected_tabs: 0
[15124:15128:0608/024306.840:WARNING:chrome\browser\performance_manager\policies\page_discarding_helper.cc:139] Discarding multiple pages with target (kb): 0, discard_protected_tabs: 0
[15124:15128:0608/024311.841:WARNING:chrome\browser\performance_manager\policies\page_discarding_helper.cc:139] Discarding multiple pages with target (kb): 0, discard_protected_tabs: 0
[15124:15128:0608/024316.841:WARNING:chrome\browser\performance_manager\policies\page_discarding_helper.cc:139] Discarding multiple pages with target (kb): 0, discard_protected_tabs: 0
[15124:15128:0608/024319.361:INFO:CONSOLE:0] "The resource https://redirect.prod.experiment.routing.cloudfront.aws.a2z.com/x.png?timestamp=1780874004047 was preloaded using link preload but not used within a few seconds from the window's load event. Please make sure it has an appropriate `as` value and it is preloaded intentionally.", source: https://www.amazon.de/gp/video/movie (0)
[15124:15128:0608/024321.842:WARNING:chrome\browser\performance_manager\policies\page_discarding_helper.cc:139] Discarding multiple pages with target (kb): 0, discard_protected_tabs: 0
[15124:15128:0608/024322.920:INFO:CONSOLE:1] "Could not build a batch because a batch is not yet ready to build.", source: https://cloudfront.xp-assets.aiv-cdn.net/family/web/ATVWebPlayerSDKLoader-2.0/prod/WebPlayerSDK.js (1)
[15124:15128:0608/024322.920:INFO:CONSOLE:1] "Batch reporting cycle is complete. Waiting until next wake up...", source: https://cloudfront.xp-assets.aiv-cdn.net/family/web/ATVWebPlayerSDKLoader-2.0/prod/WebPlayerSDK.js (1)
[15124:15128:0608/024326.847:WARNING:chrome\browser\performance_manager\policies\page_discarding_helper.cc:139] Discarding multiple pages with target (kb): 0, discard_protected_tabs: 0
[15124:15128:0608/024331.521:INFO:CONSOLE:0] "The resource https://redirect.prod.experiment.routing.cloudfront.aws.a2z.com/x.png?timestamp=1780874004047 was preloaded using link preload but not used within a few seconds from the window's load event. Please make sure it has an appropriate `as` value and it is preloaded intentionally.", source: https://www.amazon.de/gp/video/movie (0)
[15124:15128:0608/024331.860:WARNING:chrome\browser\performance_manager\policies\page_discarding_helper.cc:139] Discarding multiple pages with target (kb): 0, discard_protected_tabs: 0
[15124:15128:0608/024336.860:WARNING:chrome\browser\performance_manager\policies\page_discarding_helper.cc:139] Discarding multiple pages with target (kb): 0, discard_protected_tabs: 0
[15124:15128:0608/024341.120:INFO:CONSOLE:0] "The resource https://redirect.prod.experiment.routing.cloudfront.aws.a2z.com/x.png?timestamp=1780874004047 was preloaded using link preload but not used within a few seconds from the window's load event. Please make sure it has an appropriate `as` value and it is preloaded intentionally.", source: https://www.amazon.de/gp/video/movie (0)
[15124:15128:0608/024341.862:WARNING:chrome\browser\performance_manager\policies\page_discarding_helper.cc:139] Discarding multiple pages with target (kb): 0, discard_protected_tabs: 0
[130020:130024:0608/024348.828:INFO:d:\jenkins-slave\workspace\downloader_build_windows_x64_v6_213@2\qcef\src\cef\QCefRenderHandler.cpp:56] --------------------------------RenderHandler: OnBrowserDestroyed----------------------------  pid 130020
[15124:15128:0608/024354.614:WARNING:chrome\browser\performance_manager\policies\page_discarding_helper.cc:139] Discarding multiple pages with target (kb): 0, discard_protected_tabs: 0
